customer_id,signup_date,age,gender,account_status,churn_flag
2139,2024-08-12,52,Male,Inactive,0
1697,2024-08-07,28,Male,Active,0
1243,2025-04-17,59,Female,Inactive,0
1498,2025-03-23,37,Male,Inactive,0
1187,2022-06-21,58,Male,Inactive,0
716,2023-03-19,27,Female,Suspended,0
2889,2022-06-08,19,Other,Active,0
2885,2025-01-27,56,Male,Suspended,0
2213,2024-12-23,42,Female,Inactive,1
2710,2024-06-20,50,Female,Active,0
1140,2023-11-05,34,Male,Active,0
452,2024-11-23,54,Other,Active,0
111,2023-05-30,19,Other,Inactive,0
1020,2024-03-30,28,Other,Inactive,0
1574,2024-04-29,27,Female,Active,0
1719,2025-03-11,51,Male,Active,0
1034,2023-11-29,34,Male,Inactive,0
2055,2022-06-01,30,Male,Inactive,1
1301,2023-07-28,68,Female,Suspended,0
2624,2023-10-22,43,Male,Active,0
2804,2024-01-22,32,Female,Inactive,0
2967,2022-12-12,31,Female,Suspended,0
1645,2022-11-24,54,Female,Active,0
564,2022-11-03,52,Male,Inactive,0
2258,2022-08-08,29,Female,Active,1
255,2022-07-26,37,Male,Suspended,0
573,2024-05-06,59,Female,Active,0
806,2024-01-09,46,Other,Active,0
619,2024-10-27,61,Female,Suspended,0
2891,2025-04-06,55,Female,Active,0
2183,2023-12-11,52,Other,Suspended,0
2290,2024-07-20,39,Other,Active,0
2810,2024-07-14,40,Female,Active,0
861,2024-12-10,48,Female,Inactive,0
1356,2022-10-12,31,Other,Suspended,0
2212,2023-04-18,60,Other,Inactive,1
506,2024-08-26,66,Female,Suspended,0
2932,2023-06-18,49,Male,Suspended,0
2617,2023-09-18,31,Male,Suspended,0
284,2022-04-27,44,Other,Inactive,0
1267,2023-12-22,42,Other,Active,0
1679,2022-05-27,20,Female,Active,0
336,2024-08-24,54,Male,Inactive,0
2078,2024-07-09,67,Other,Inactive,0
1942,2022-07-29,37,Other,Suspended,0
2623,2022-07-06,43,Male,Suspended,0
2458,2024-01-09,61,Other,Suspended,1
581,2024-04-06,30,Female,Inactive,0
2796,2023-11-02,21,Other,Inactive,0
1674,2023-11-03,22,Female,Suspended,0
2073,2024-02-15,52,Other,Active,0
1378,2025-01-04,65,Male,Active,0
74,2023-05-27,22,Female,Active,0
1773,2025-03-08,19,Male,Suspended,0
1525,2023-10-04,38,Male,Active,1
2342,2024-02-18,46,Male,Active,0
212,2023-01-20,18,Other,Inactive,1
1453,2024-09-01,67,Other,Suspended,0
207,2025-03-19,38,Female,Active,1
1955,2022-04-30,54,Female,Inactive,1
1536,2022-10-08,57,Female,Active,0
2376,2022-09-27,49,Other,Active,0
22,2025-03-02,33,Other,Active,1
1661,2025-02-11,23,Female,Inactive,0
979,2024-06-29,47,Other,Active,0
480,2023-04-06,34,Female,Inactive,1
2281,2023-08-05,33,Female,Active,0
876,2023-05-31,62,Male,Active,0
1019,2023-02-04,32,Male,Suspended,0
2159,2024-06-20,68,Male,Suspended,0
1474,2023-09-17,39,Male,Active,0
239,2025-01-27,29,Other,Suspended,0
1095,2024-05-14,35,Female,Suspended,0
264,2024-04-22,30,Male,Active,0
1129,2022-08-09,44,Female,Inactive,0
790,2023-11-01,27,Female,Suspended,0
2474,2022-12-06,29,Male,Inactive,0
2276,2023-11-14,27,Female,Suspended,0
2184,2024-03-02,65,Female,Suspended,0
2268,2024-03-21,39,Female,Active,0
531,2024-04-14,42,Female,Inactive,0
1025,2023-09-02,37,Other,Suspended,0
2698,2023-05-16,44,Other,Suspended,0
1260,2022-07-20,45,Other,Active,0
1425,2024-09-28,25,Male,Inactive,0
1307,2023-03-24,65,Other,Active,1
700,2024-12-15,32,Male,Inactive,1
1361,2023-07-15,47,Other,Suspended,0
386,2023-09-14,64,Other,Suspended,0
2355,2023-07-08,23,Other,Inactive,0
2369,2024-07-01,48,Male,Inactive,0
1117,2023-08-11,55,Other,Active,0
1373,2025-01-15,65,Other,Active,1
40,2023-02-07,24,Male,Suspended,0
208,2022-11-02,29,Other,Suspended,1
1426,2023-02-22,28,Male,Active,0
79,2023-10-09,69,Other,Inactive,0
1914,2024-12-02,62,Other,Active,0
2909,2023-05-15,42,Other,Active,1
1941,2022-05-19,58,Other,Inactive,0
2594,2023-03-21,61,Female,Inactive,0
222,2022-06-04,68,Male,Suspended,1
813,2024-04-16,40,Female,Inactive,0
1269,2024-08-18,53,Female,Suspended,0
1058,2022-10-13,32,Female,Active,0
308,2024-12-08,36,Other,Inactive,0
1987,2022-04-30,69,Male,Active,0
85,2023-11-28,42,Female,Active,1
2544,2023-04-11,53,Female,Suspended,0
2311,2024-12-07,31,Male,Inactive,0
2152,2025-04-11,20,Other,Inactive,0
2968,2024-09-18,62,Female,Inactive,0
567,2023-12-15,34,Other,Active,0
1651,2024-11-02,33,Male,Suspended,0
2894,2024-12-09,31,Male,Inactive,0
2418,2022-05-30,45,Male,Inactive,0
1604,2023-01-18,67,Male,Inactive,0
751,2024-12-03,37,Female,Active,0
802,2023-01-07,50,Other,Suspended,0
1030,2023-08-08,57,Female,Inactive,0
618,2024-03-03,19,Other,Active,0
2771,2024-02-14,66,Female,Inactive,0
453,2022-04-28,68,Female,Active,0
870,2023-07-21,31,Male,Suspended,0
206,2024-04-04,33,Male,Suspended,0
2200,2023-05-28,60,Other,Inactive,1
1250,2023-01-28,54,Female,Inactive,1
1293,2023-01-11,44,Other,Suspended,0
1295,2023-03-16,68,Male,Active,0
203,2022-10-30,24,Other,Suspended,0
662,2022-11-07,40,Other,Suspended,0
1717,2022-08-07,36,Female,Active,0
381,2024-05-30,57,Other,Suspended,0
2832,2022-08-27,24,Other,Inactive,0
1278,2024-08-10,53,Other,Suspended,0
1027,2024-04-05,38,Other,Inactive,0
2693,2023-11-17,37,Other,Active,0
1654,2022-09-16,20,Other,Active,0
1968,2025-04-20,54,Other,Active,0
2895,2024-09-08,27,Female,Suspended,0
2221,2024-04-21,34,Other,Inactive,0
349,2023-07-02,47,Other,Suspended,0
2225,2023-04-05,58,Female,Active,0
2608,2023-03-23,24,Other,Suspended,0
991,2024-10-11,43,Female,Active,1
922,2024-12-30,50,Other,Active,0
2181,2022-11-05,32,Other,Active,0
1087,2024-05-20,28,Female,Inactive,1
2360,2023-03-17,26,Male,Suspended,1
670,2023-03-05,20,Male,Suspended,0
1210,2022-08-13,57,Other,Suspended,0
202,2022-05-21,28,Male,Active,0
1994,2024-12-16,43,Male,Active,0
2402,2025-03-03,58,Female,Inactive,0
1609,2024-11-30,50,Female,Active,0
1993,2022-12-12,36,Other,Active,0
912,2025-03-25,41,Female,Active,0
2270,2023-11-01,35,Female,Inactive,0
1671,2024-10-19,59,Male,Active,1
2113,2023-10-19,55,Male,Suspended,0
2568,2022-07-14,37,Other,Inactive,1
1823,2023-07-22,63,Female,Suspended,0
318,2022-07-18,20,Male,Active,1
1882,2022-06-01,63,Other,Active,0
896,2023-07-18,62,Female,Suspended,1
939,2024-07-10,63,Female,Inactive,1
1979,2024-03-12,41,Other,Active,0
1304,2024-06-09,66,Other,Inactive,1
774,2025-04-11,43,Female,Inactive,0
1492,2024-03-19,20,Other,Suspended,0
2451,2022-05-03,66,Other,Active,0
117,2024-02-10,50,Other,Suspended,0
2368,2024-02-02,21,Female,Suspended,1
2327,2023-01-20,59,Female,Inactive,1
2128,2023-09-24,62,Other,Active,0
1732,2022-06-23,20,Female,Active,0
220,2024-01-15,47,Male,Inactive,0
1347,2022-10-05,55,Female,Inactive,0
2370,2023-05-01,42,Other,Suspended,0
693,2024-07-24,51,Female,Inactive,0
2277,2025-02-20,61,Male,Inactive,0
947,2022-06-01,48,Female,Inactive,0
2511,2024-01-25,44,Other,Suspended,0
1284,2022-04-30,32,Other,Suspended,1
1508,2023-02-07,64,Male,Suspended,0
706,2022-05-31,65,Female,Active,1
865,2023-06-09,26,Female,Active,0
2998,2025-02-27,35,Other,Inactive,1
1777,2023-11-12,40,Female,Active,1
1457,2022-11-06,25,Male,Inactive,0
1840,2023-02-08,48,Female,Suspended,0
2423,2024-05-30,20,Female,Inactive,0
383,2023-03-01,24,Other,Active,0
2125,2024-01-15,64,Male,Active,0
433,2022-11-29,35,Male,Inactive,1
2144,2024-02-09,45,Female,Suspended,1
44,2023-09-06,59,Female,Inactive,0
787,2022-09-27,48,Male,Suspended,0
2359,2024-05-12,22,Male,Inactive,0
2921,2022-07-30,43,Female,Inactive,0
733,2023-06-01,69,Female,Active,1
1841,2023-02-17,25,Male,Suspended,0
1900,2022-08-22,24,Other,Inactive,0
1826,2024-01-04,31,Female,Suspended,0
2066,2024-11-27,34,Male,Inactive,0
562,2023-12-22,30,Female,Suspended,1
2197,2023-10-11,36,Female,Inactive,0
2251,2023-12-01,48,Female,Active,0
1946,2022-08-21,69,Male,Suspended,0
1855,2022-05-25,59,Female,Suspended,0
50,2023-04-26,24,Other,Inactive,1
1206,2023-10-20,22,Female,Active,0
1079,2025-03-20,22,Female,Active,0
754,2023-10-12,55,Female,Suspended,0
34,2025-03-16,22,Male,Suspended,0
1915,2024-10-31,38,Female,Active,0
1382,2024-03-16,28,Female,Inactive,0
2823,2022-12-14,22,Female,Inactive,0
866,2025-01-11,49,Other,Suspended,0
213,2025-04-18,36,Female,Inactive,0
2928,2022-09-25,65,Female,Active,1
404,2024-11-29,45,Male,Suspended,0
2121,2024-08-07,23,Male,Inactive,1
2733,2022-11-17,54,Female,Inactive,0
63,2022-07-11,26,Other,Inactive,1
113,2024-12-24,25,Female,Inactive,0
463,2022-09-19,38,Other,Inactive,0
1933,2022-12-21,32,Female,Active,0
1235,2022-12-26,55,Female,Active,1
2508,2022-09-09,60,Male,Active,0
836,2025-04-15,57,Female,Suspended,0
405,2022-09-18,19,Female,Suspended,0
108,2024-11-29,25,Female,Suspended,0
1866,2023-11-20,54,Other,Inactive,0
2198,2024-04-20,37,Female,Suspended,1
910,2022-12-20,61,Female,Suspended,0
2660,2023-09-05,69,Other,Inactive,0
123,2024-05-30,45,Male,Active,0
1639,2022-11-07,27,Other,Inactive,0
503,2024-10-09,69,Other,Suspended,0
1754,2024-02-11,41,Other,Active,0
2929,2023-01-20,28,Male,Suspended,0
2209,2024-04-26,48,Female,Suspended,0
246,2023-09-27,42,Female,Active,0
771,2023-09-11,28,Male,Active,0
2207,2024-02-03,40,Female,Suspended,0
1075,2025-01-23,27,Male,Suspended,0
1104,2023-07-15,58,Other,Inactive,0
1462,2023-05-11,50,Other,Inactive,0
1423,2024-08-25,64,Other,Inactive,0
2228,2022-12-29,62,Other,Suspended,0
2381,2023-08-16,25,Other,Suspended,1
1707,2024-12-25,49,Other,Inactive,0
1662,2023-12-01,36,Other,Active,1
31,2022-07-18,61,Other,Suspended,1
2154,2023-03-17,69,Male,Active,0
1390,2025-04-11,65,Male,Active,0
332,2024-05-29,33,Female,Inactive,0
138,2022-12-17,28,Other,Inactive,0
2566,2022-10-23,59,Other,Inactive,1
1167,2023-03-13,54,Male,Inactive,0
1333,2024-01-10,54,Other,Active,0
1318,2022-07-19,50,Other,Suspended,0
482,2024-04-12,19,Female,Inactive,0
1370,2024-10-17,54,Other,Suspended,0
522,2023-08-02,47,Male,Suspended,0
2206,2023-09-07,30,Female,Suspended,0
997,2022-09-20,57,Female,Suspended,1
2026,2024-12-29,51,Female,Active,1
1161,2024-12-17,25,Male,Suspended,0
1813,2025-02-03,34,Female,Inactive,0
511,2023-09-29,36,Female,Suspended,1
1045,2023-10-08,34,Other,Active,0
1024,2022-08-17,49,Other,Inactive,0
302,2023-11-25,44,Male,Suspended,0
1723,2024-09-12,40,Male,Suspended,0
1272,2024-08-18,28,Female,Suspended,0
821,2024-07-14,36,Other,Active,0
1978,2024-07-24,19,Other,Active,0
2997,2023-02-04,49,Female,Active,0
526,2024-06-11,20,Female,Inactive,0
2933,2024-02-02,30,Male,Inactive,0
2068,2023-06-23,64,Male,Inactive,1
2344,2022-06-18,41,Male,Inactive,0
622,2023-08-13,24,Male,Active,0
1204,2023-10-12,22,Female,Suspended,0
341,2025-01-27,32,Other,Suspended,0
1786,2024-03-11,68,Male,Active,0
1793,2025-03-06,42,Female,Suspended,1
2163,2022-07-14,69,Female,Active,1
1592,2023-06-20,48,Other,Active,0
2805,2024-05-14,53,Female,Suspended,0
2476,2025-03-21,24,Other,Active,0
632,2022-11-07,44,Other,Suspended,0
2291,2022-08-10,35,Other,Active,0
585,2022-04-26,22,Female,Suspended,0
674,2023-10-30,67,Other,Active,0
2403,2025-01-05,67,Other,Suspended,0
2191,2022-12-16,41,Other,Active,1
1299,2022-06-06,25,Female,Inactive,0
2021,2024-11-07,55,Female,Inactive,1
1154,2022-10-26,50,Female,Active,1
1668,2024-12-08,22,Male,Active,0
270,2024-12-08,35,Male,Active,1
2527,2025-04-09,20,Female,Active,0
968,2024-03-06,28,Female,Inactive,1
691,2023-08-04,23,Other,Suspended,0
2972,2024-01-07,22,Male,Active,0
966,2025-01-30,19,Female,Suspended,0
1750,2024-03-25,66,Other,Suspended,0
2242,2024-12-14,58,Male,Inactive,1
2738,2024-08-21,62,Female,Active,0
2214,2025-04-21,64,Female,Suspended,0
1816,2023-02-07,23,Male,Active,0
2056,2022-10-25,55,Male,Inactive,0
527,2025-03-03,35,Other,Suspended,0
1183,2022-11-22,40,Female,Inactive,0
994,2023-07-31,25,Male,Active,0
2031,2025-03-02,48,Male,Active,1
2865,2024-04-04,67,Male,Suspended,0
2058,2022-05-09,33,Female,Inactive,0
783,2023-11-30,49,Female,Suspended,0
1526,2022-05-03,49,Male,Active,0
29,2024-06-27,24,Female,Inactive,0
2603,2025-02-15,61,Male,Inactive,1
502,2023-09-07,50,Other,Active,0
2908,2025-02-09,41,Female,Suspended,0
2019,2022-05-25,27,Female,Suspended,0
315,2022-11-26,39,Female,Inactive,0
1764,2022-04-28,48,Female,Active,0
355,2024-03-07,37,Female,Inactive,0
2111,2024-05-11,28,Other,Suspended,0
1550,2024-02-06,46,Female,Active,0
999,2022-11-17,57,Other,Inactive,0
698,2023-03-25,29,Female,Suspended,0
290,2024-10-01,31,Male,Active,0
1216,2023-12-29,34,Male,Active,0
299,2024-07-16,52,Female,Inactive,1
1182,2023-09-23,59,Other,Active,0
1392,2023-07-09,58,Female,Active,0
1895,2024-08-05,39,Male,Active,0
1317,2022-05-19,48,Other,Suspended,0
609,2024-08-31,69,Other,Active,0
613,2024-03-02,38,Male,Inactive,0
1090,2024-07-01,60,Female,Active,0
1263,2024-12-28,35,Other,Active,0
1571,2022-05-21,43,Other,Suspended,0
1334,2023-02-28,31,Male,Inactive,1
2911,2024-05-30,58,Male,Inactive,0
2106,2025-01-28,55,Other,Suspended,0
2590,2024-02-02,30,Other,Inactive,0
588,2022-10-06,67,Other,Active,1
1787,2024-04-14,50,Other,Suspended,1
427,2022-11-15,51,Male,Inactive,0
2563,2022-05-18,41,Male,Suspended,0
1055,2023-11-16,51,Other,Suspended,0
972,2022-12-02,50,Male,Active,0
888,2025-04-20,20,Male,Suspended,1
874,2023-02-07,31,Female,Inactive,0
2231,2023-03-28,19,Other,Inactive,0
1513,2023-07-03,18,Female,Inactive,0
2648,2024-04-01,60,Other,Suspended,1
1538,2024-07-25,46,Other,Suspended,0
1107,2023-04-25,43,Male,Suspended,0
323,2024-12-28,43,Male,Inactive,0
1261,2023-08-26,67,Male,Inactive,0
1657,2022-05-28,60,Female,Suspended,1
834,2023-07-09,61,Other,Active,0
1294,2023-12-12,62,Female,Inactive,0
49,2024-03-11,50,Female,Inactive,0
145,2024-11-06,34,Male,Active,0
2331,2023-04-01,55,Female,Inactive,0
2385,2022-06-26,52,Male,Inactive,0
247,2024-03-31,24,Female,Inactive,0
1442,2023-07-14,54,Female,Inactive,0
2016,2024-09-29,58,Other,Active,1
1655,2024-03-22,21,Male,Inactive,0
1734,2024-05-12,64,Female,Inactive,0
2499,2023-04-10,29,Male,Inactive,1
1063,2023-06-24,18,Male,Inactive,0
1240,2023-03-23,40,Female,Active,0
2799,2022-12-25,50,Other,Suspended,0
665,2023-04-25,25,Female,Inactive,1
1700,2022-08-22,38,Female,Inactive,0
873,2022-06-08,21,Other,Inactive,0
776,2023-09-15,37,Male,Active,0
853,2023-01-11,62,Other,Active,0
1486,2024-12-28,63,Female,Active,0
803,2022-05-10,63,Other,Active,0
943,2024-04-27,22,Male,Suspended,0
2595,2023-12-30,45,Female,Active,0
1556,2022-09-30,40,Male,Inactive,0
293,2022-08-19,41,Male,Active,0
2767,2023-01-21,19,Male,Inactive,0
810,2023-03-14,55,Other,Inactive,1
1455,2024-08-02,62,Female,Inactive,0
2051,2024-04-02,66,Male,Inactive,0
513,2023-11-14,59,Male,Suspended,0
2393,2023-05-13,34,Other,Active,0
1984,2024-10-14,20,Female,Suspended,0
1810,2023-03-10,29,Female,Suspended,0
360,2023-08-26,19,Other,Suspended,0
538,2025-03-29,38,Male,Active,1
2692,2022-10-15,27,Other,Active,0
2713,2022-09-22,46,Other,Active,0
1613,2023-02-12,61,Other,Suspended,0
933,2022-12-21,35,Male,Active,0
1646,2024-02-05,31,Other,Inactive,0
1551,2024-03-22,28,Male,Suspended,1
1991,2023-09-27,68,Female,Active,0
1371,2022-10-26,49,Other,Suspended,0
980,2024-12-13,29,Other,Suspended,0
1339,2023-11-03,54,Female,Active,0
1581,2024-09-23,28,Female,Inactive,0
878,2022-05-04,52,Male,Active,0
711,2024-11-28,50,Male,Suspended,0
2673,2023-12-06,21,Male,Inactive,0
48,2023-11-22,19,Male,Inactive,1
1939,2023-05-18,32,Other,Inactive,0
402,2022-11-13,21,Other,Suspended,0
1666,2023-07-29,43,Female,Active,0
1973,2023-11-14,50,Other,Suspended,0
408,2022-11-02,65,Female,Suspended,0
2787,2022-05-22,21,Other,Inactive,0
2035,2024-06-30,20,Male,Suspended,0
125,2023-01-23,31,Other,Active,0
1084,2022-09-15,43,Other,Suspended,0
1934,2024-01-08,52,Male,Active,0
529,2025-02-14,69,Male,Active,1
815,2023-07-10,48,Female,Inactive,1
643,2024-01-15,56,Male,Active,0
1051,2023-05-07,56,Female,Active,0
601,2023-12-15,31,Male,Active,0
148,2022-07-14,65,Other,Suspended,1
510,2023-08-03,68,Male,Inactive,1
1193,2024-07-30,59,Female,Active,0
1807,2024-12-19,45,Female,Active,1
2899,2024-01-11,21,Female,Inactive,0
359,2022-06-08,37,Female,Suspended,0
1214,2023-01-19,46,Male,Suspended,0
2509,2024-01-23,36,Female,Active,0
1065,2024-07-02,49,Other,Suspended,0
2177,2022-05-03,61,Male,Inactive,0
1276,2024-09-07,18,Female,Active,0
2592,2022-12-22,24,Female,Active,0
2120,2022-06-28,28,Female,Suspended,0
2788,2022-11-14,52,Male,Inactive,1
2308,2024-08-02,60,Female,Active,0
139,2023-09-16,27,Male,Active,0
128,2022-12-13,23,Other,Active,0
2766,2024-09-14,31,Male,Inactive,0
1168,2023-04-08,53,Other,Suspended,0
2702,2023-12-09,28,Male,Suspended,0
2506,2023-05-08,45,Male,Active,0
294,2023-07-20,19,Female,Inactive,0
228,2023-11-21,69,Female,Inactive,1
1126,2024-12-10,44,Male,Suspended,0
1207,2022-10-06,33,Female,Suspended,0
2524,2023-09-14,49,Male,Suspended,0
1440,2024-10-11,47,Other,Active,0
1974,2023-11-01,46,Male,Suspended,0
2877,2024-01-17,56,Female,Inactive,1
2054,2024-10-17,20,Other,Inactive,0
441,2022-06-21,33,Other,Inactive,0
179,2022-12-02,42,Male,Suspended,0
1524,2023-06-27,53,Male,Active,0
2946,2022-11-11,53,Male,Inactive,1
1961,2024-09-12,52,Male,Inactive,1
1829,2022-12-30,58,Female,Active,0
1349,2024-02-18,38,Other,Suspended,0
2020,2022-11-23,31,Female,Active,0
1503,2024-12-17,53,Female,Suspended,0
900,2025-02-23,30,Male,Active,0
33,2025-03-13,68,Female,Active,1
2462,2024-07-19,19,Male,Active,0
466,2023-02-23,65,Other,Inactive,0
1427,2024-05-31,46,Other,Inactive,0
2807,2025-04-19,20,Male,Inactive,0
610,2022-04-28,24,Male,Suspended,0
1566,2022-12-17,62,Female,Inactive,0
472,2023-04-03,44,Other,Active,1
2504,2023-02-16,20,Male,Suspended,1
2286,2024-05-26,34,Male,Inactive,1
325,2024-07-06,30,Male,Active,0
168,2024-02-28,67,Male,Inactive,0
1605,2022-05-13,25,Male,Suspended,1
449,2025-01-29,66,Other,Active,1
1889,2022-05-26,62,Female,Suspended,1
589,2023-10-30,68,Female,Active,0
807,2023-08-15,55,Male,Inactive,1
2244,2025-04-18,64,Male,Active,0
2730,2022-07-01,55,Male,Suspended,1
193,2023-01-18,69,Female,Inactive,0
1099,2023-12-01,43,Male,Active,0
75,2024-11-02,64,Male,Inactive,1
2430,2023-05-01,53,Male,Suspended,0
436,2024-04-08,63,Male,Inactive,0
394,2025-01-11,34,Female,Suspended,1
576,2022-07-14,18,Female,Suspended,0
1950,2023-04-09,46,Female,Suspended,0
903,2025-03-02,25,Other,Inactive,0
1266,2024-01-15,53,Other,Inactive,0
1231,2024-03-01,43,Female,Inactive,0
1241,2022-08-20,52,Female,Inactive,1
2482,2024-09-25,69,Male,Suspended,0
1355,2024-05-07,39,Female,Inactive,1
2264,2024-02-23,37,Male,Suspended,0
69,2023-06-10,41,Male,Active,0
1792,2025-01-15,29,Female,Inactive,0
363,2022-09-11,65,Other,Active,0
1573,2024-05-15,50,Male,Inactive,0
13,2025-03-09,62,Other,Inactive,1
1890,2023-08-08,27,Male,Suspended,0
426,2023-07-13,60,Other,Suspended,1
1337,2022-05-14,28,Other,Inactive,1
2199,2023-12-07,58,Male,Inactive,1
1325,2022-12-23,36,Other,Inactive,1
1881,2023-04-15,67,Other,Inactive,1
235,2023-05-02,22,Female,Inactive,0
1996,2022-08-01,55,Male,Suspended,0
382,2024-06-08,24,Other,Active,0
2189,2022-07-22,46,Female,Inactive,1
1918,2025-04-17,46,Other,Active,0
1217,2022-11-13,61,Other,Inactive,0
504,2024-03-30,38,Male,Inactive,1
2993,2022-12-26,29,Female,Inactive,0
631,2023-06-12,63,Male,Suspended,1
291,2024-09-12,55,Male,Suspended,0
1320,2024-11-11,24,Other,Active,0
160,2023-03-04,53,Female,Suspended,0
2707,2022-05-03,52,Female,Inactive,1
2717,2023-06-16,26,Other,Suspended,0
2723,2022-05-02,59,Other,Inactive,1
1209,2024-12-03,46,Other,Inactive,0
1718,2024-11-10,35,Male,Inactive,0
350,2024-05-23,25,Male,Active,0
443,2023-01-12,30,Other,Active,0
1561,2025-01-10,43,Female,Active,0
231,2024-02-23,43,Female,Suspended,0
2005,2023-06-25,67,Male,Active,0
2108,2024-05-13,53,Female,Active,0
1680,2025-01-25,64,Other,Active,0
1695,2024-02-18,55,Male,Suspended,0
2554,2023-11-05,69,Male,Suspended,0
2364,2024-01-09,65,Other,Suspended,0
977,2022-07-02,63,Other,Inactive,1
2306,2024-02-12,43,Female,Suspended,0
2983,2025-01-06,46,Other,Inactive,0
1659,2023-06-19,41,Male,Active,1
530,2023-07-08,58,Other,Suspended,0
2765,2024-08-15,23,Other,Suspended,0
1358,2023-03-21,20,Male,Suspended,0
949,2023-04-30,30,Female,Inactive,1
2982,2025-02-04,49,Female,Active,0
1929,2024-02-04,20,Male,Inactive,1
1290,2023-10-09,63,Other,Active,0
2814,2023-11-26,23,Other,Suspended,0
406,2024-12-31,64,Other,Inactive,0
840,2025-04-24,30,Male,Suspended,0
2174,2022-09-07,26,Other,Active,0
1917,2024-03-02,26,Male,Active,1
2614,2023-06-20,61,Other,Suspended,0
1802,2025-01-23,26,Female,Suspended,0
1785,2024-03-07,36,Other,Inactive,0
1497,2022-07-08,30,Other,Active,0
1790,2025-04-22,51,Other,Suspended,0
215,2024-05-09,44,Female,Suspended,0
2571,2022-07-17,59,Female,Suspended,1
500,2024-07-18,63,Male,Suspended,0
1022,2024-02-11,19,Other,Suspended,0
24,2023-03-25,25,Male,Inactive,0
1062,2024-12-15,37,Male,Inactive,0
210,2024-10-16,54,Female,Active,1
1072,2023-04-09,68,Female,Active,0
1482,2025-01-12,56,Other,Inactive,0
1755,2023-04-02,30,Female,Suspended,0
1583,2024-03-25,60,Female,Active,0
188,2024-03-12,63,Female,Active,0
2479,2024-05-06,67,Female,Inactive,0
2293,2023-01-17,55,Male,Inactive,0
2136,2022-11-01,58,Male,Active,1
2776,2024-12-24,51,Female,Suspended,0
98,2023-12-21,25,Female,Inactive,0
2218,2024-11-24,53,Other,Suspended,1
1327,2023-08-09,61,Other,Inactive,0
2659,2025-04-13,29,Male,Inactive,0
708,2022-11-03,60,Male,Active,0
1468,2024-12-10,55,Other,Inactive,0
2400,2023-12-28,69,Male,Suspended,1
2701,2025-01-05,48,Female,Suspended,0
978,2023-08-06,18,Other,Suspended,0
1089,2024-11-07,35,Female,Active,0
2341,2023-07-24,68,Other,Inactive,1
2560,2024-08-23,56,Male,Suspended,0
2532,2025-03-14,62,Male,Inactive,0
454,2022-11-18,67,Other,Suspended,1
2720,2025-01-16,45,Female,Suspended,0
2475,2024-03-21,22,Female,Inactive,0
2977,2022-12-10,56,Other,Active,0
1860,2022-08-07,30,Other,Active,0
2079,2023-04-13,51,Female,Inactive,0
627,2025-01-13,34,Other,Inactive,0
2839,2024-07-03,25,Female,Inactive,0
30,2022-12-24,64,Female,Suspended,0
32,2023-10-06,42,Other,Suspended,0
710,2023-02-07,59,Female,Suspended,0
1567,2024-05-04,61,Female,Suspended,0
1539,2023-02-11,26,Female,Inactive,0
1634,2024-02-08,21,Other,Inactive,1
2578,2023-08-02,66,Other,Inactive,0
1147,2024-02-09,49,Other,Suspended,0
785,2022-06-23,51,Male,Inactive,0
830,2025-03-01,60,Female,Suspended,0
577,2024-12-07,26,Female,Suspended,0
2547,2024-01-20,56,Male,Inactive,0
2440,2022-06-19,20,Female,Active,1
1340,2023-11-30,64,Male,Suspended,0
615,2024-05-13,35,Female,Inactive,0
2501,2023-10-16,52,Male,Active,0
906,2023-02-28,51,Female,Suspended,0
1730,2022-11-28,61,Other,Inactive,0
2426,2023-03-06,51,Other,Active,0
1071,2023-12-11,54,Male,Active,0
1832,2023-12-12,46,Female,Inactive,0
1923,2023-10-25,31,Male,Inactive,0
368,2022-10-08,65,Female,Inactive,0
705,2024-11-04,50,Female,Suspended,1
431,2024-05-08,57,Other,Inactive,0
1016,2024-04-15,58,Other,Inactive,0
2041,2024-09-23,32,Other,Active,0
2431,2023-11-16,48,Other,Inactive,1
2557,2024-12-22,54,Female,Active,0
419,2022-06-26,62,Male,Suspended,0
1064,2024-07-14,65,Other,Suspended,0
2555,2024-11-20,43,Male,Suspended,0
1056,2024-08-08,36,Female,Active,0
1324,2023-07-31,30,Other,Suspended,0
1848,2022-08-14,67,Male,Active,0
1069,2023-05-08,30,Other,Suspended,0
2083,2023-01-05,57,Male,Active,0
1601,2022-08-02,21,Female,Active,0
2696,2022-12-10,65,Male,Active,0
1856,2024-06-06,53,Other,Active,0
1097,2024-11-06,30,Female,Inactive,0
663,2022-09-18,30,Female,Active,0
2460,2024-07-21,42,Other,Inactive,0
2539,2023-04-29,68,Female,Inactive,0
2642,2024-04-04,40,Other,Active,0
428,2023-11-15,43,Other,Active,0
133,2022-05-24,57,Male,Suspended,0
1465,2024-10-31,27,Female,Active,0
2525,2023-05-05,30,Female,Active,0
165,2023-11-07,45,Male,Active,1
2756,2023-05-25,43,Male,Suspended,0
1452,2024-10-07,28,Other,Inactive,1
1338,2024-04-15,21,Other,Suspended,0
932,2023-02-22,35,Other,Inactive,0
860,2023-06-23,48,Male,Suspended,0
2074,2025-02-09,21,Female,Active,1
717,2023-09-28,28,Female,Suspended,0
668,2023-09-12,66,Male,Active,0
2907,2022-06-17,20,Other,Suspended,0
2001,2023-05-05,24,Female,Active,0
2351,2024-12-28,50,Male,Suspended,0
1884,2023-11-04,22,Female,Inactive,0
1684,2023-08-16,24,Male,Suspended,0
2962,2025-01-07,25,Male,Active,1
2674,2023-09-27,49,Male,Active,0
2129,2022-12-13,40,Other,Suspended,0
2217,2022-08-16,40,Other,Active,0
1908,2024-02-29,28,Female,Suspended,0
233,2023-04-08,65,Other,Inactive,0
109,2023-04-04,30,Other,Suspended,0
366,2024-01-29,46,Other,Active,0
261,2022-08-02,51,Other,Active,0
688,2024-10-11,43,Female,Suspended,0
1164,2024-03-23,64,Male,Suspended,0
1568,2022-06-12,20,Other,Suspended,0
140,2024-07-22,18,Other,Active,1
638,2024-09-29,50,Male,Suspended,0
1173,2024-01-22,29,Male,Suspended,0
766,2025-03-14,63,Female,Inactive,0
1367,2024-02-19,24,Male,Active,1
671,2022-10-13,25,Other,Suspended,0
1395,2024-02-11,64,Male,Inactive,0
1309,2024-08-06,31,Female,Active,1
2003,2022-08-15,43,Male,Active,0
957,2024-03-11,55,Other,Active,1
2309,2024-10-06,58,Female,Suspended,1
1879,2024-10-20,33,Female,Suspended,0
1201,2023-01-30,60,Female,Active,0
1699,2024-06-03,29,Male,Suspended,0
885,2025-03-05,65,Male,Active,0
692,2023-08-29,33,Other,Suspended,0
1751,2022-10-26,26,Other,Inactive,0
2897,2023-03-24,61,Male,Inactive,0
1903,2024-01-22,63,Male,Inactive,0
2230,2022-09-14,40,Female,Active,0
1271,2022-09-10,45,Male,Suspended,1
256,2023-03-08,39,Female,Active,0
2165,2023-07-28,65,Female,Suspended,1
1353,2023-02-23,26,Other,Inactive,0
546,2023-11-25,58,Male,Inactive,1
2384,2024-11-24,26,Female,Suspended,0
154,2023-10-07,63,Other,Suspended,1
20,2022-07-16,67,Male,Active,0
1245,2022-08-24,27,Female,Suspended,0
412,2022-06-27,49,Male,Inactive,0
348,2024-02-16,19,Female,Suspended,0
1485,2023-02-04,66,Male,Inactive,0
468,2024-05-12,30,Male,Inactive,0
2049,2024-02-22,37,Female,Suspended,0
2782,2023-10-16,43,Other,Inactive,0
358,2023-01-17,30,Other,Suspended,1
1516,2023-12-11,34,Female,Suspended,0
2570,2022-06-14,35,Male,Suspended,0
2024,2025-01-11,54,Male,Inactive,1
1947,2025-03-21,22,Other,Inactive,0
1302,2023-05-01,29,Male,Active,1
553,2024-08-25,40,Male,Suspended,0
1808,2024-02-25,33,Female,Inactive,1
1945,2024-06-14,24,Female,Suspended,0
892,2024-08-24,39,Male,Suspended,1
928,2023-10-23,48,Male,Suspended,0
1715,2024-05-30,43,Male,Inactive,0
122,2023-04-18,67,Other,Inactive,0
2455,2022-08-28,56,Female,Suspended,0
2265,2024-03-28,26,Other,Suspended,0
792,2023-08-04,49,Male,Inactive,0
2150,2023-07-19,32,Female,Suspended,0
303,2023-07-12,58,Female,Suspended,1
1692,2023-10-01,64,Other,Suspended,0
1017,2024-01-06,18,Other,Suspended,0
1937,2025-03-27,30,Male,Active,1
1122,2022-11-04,51,Other,Active,0
1198,2023-08-23,33,Female,Inactive,0
2180,2022-12-06,62,Female,Active,0
714,2022-08-23,43,Female,Active,0
1405,2024-06-10,48,Female,Inactive,1
1842,2023-11-27,28,Female,Active,0
2387,2023-07-25,19,Female,Active,1
1316,2025-01-16,36,Other,Inactive,0
1086,2023-02-10,67,Other,Active,0
1132,2023-04-10,53,Other,Suspended,1
2927,2023-05-11,40,Female,Active,0
1944,2024-03-02,29,Male,Inactive,0
1081,2023-01-21,25,Female,Inactive,0
1854,2023-06-14,20,Female,Suspended,0
1588,2024-01-14,67,Other,Inactive,0
38,2024-08-10,53,Female,Suspended,0
2138,2024-08-12,42,Male,Inactive,0
2356,2025-01-21,18,Male,Inactive,0
2580,2022-10-16,45,Male,Active,0
1377,2022-09-18,36,Female,Suspended,0
37,2022-08-18,32,Female,Inactive,0
867,2024-03-01,33,Female,Active,1
2496,2023-09-20,56,Male,Active,0
1982,2024-06-05,35,Male,Inactive,1
2324,2022-12-13,66,Other,Suspended,0
2432,2023-08-20,58,Male,Active,0
2379,2022-10-10,68,Other,Inactive,0
1057,2023-01-13,68,Male,Inactive,0
2093,2023-01-21,40,Female,Inactive,0
1495,2024-06-28,53,Male,Active,1
1237,2024-07-30,33,Male,Inactive,1
2900,2024-11-21,50,Female,Suspended,0
2337,2023-03-31,21,Other,Inactive,0
1014,2023-03-03,25,Other,Suspended,0
103,2024-05-06,62,Other,Suspended,0
2576,2022-12-17,38,Female,Suspended,0
289,2022-07-01,41,Male,Inactive,0
1756,2025-03-14,23,Other,Inactive,0
2234,2023-11-24,46,Other,Suspended,0
1614,2023-06-13,65,Female,Inactive,0
1422,2024-04-11,65,Male,Suspended,0
2500,2022-05-02,47,Male,Inactive,0
2254,2024-09-08,21,Male,Active,0
1119,2024-04-01,59,Other,Active,1
2075,2024-03-12,63,Other,Active,0
1171,2023-07-01,42,Male,Inactive,1
2922,2023-12-05,56,Female,Active,0
2757,2024-12-30,54,Other,Suspended,0
21,2023-11-21,30,Male,Inactive,1
1054,2024-07-13,56,Female,Active,0
1504,2022-05-06,56,Female,Suspended,0
2790,2022-05-15,53,Female,Active,0
914,2022-05-12,61,Female,Inactive,0
544,2022-06-18,20,Other,Inactive,0
2406,2025-03-16,24,Female,Inactive,0
151,2023-02-08,49,Male,Active,0
2445,2023-01-19,59,Other,Suspended,0
2375,2024-07-10,37,Female,Suspended,1
1505,2022-07-31,58,Male,Suspended,0
2322,2022-09-02,22,Male,Suspended,1
817,2025-01-21,47,Female,Active,0
1226,2023-04-16,18,Female,Inactive,0
2102,2024-09-24,42,Other,Suspended,1
2629,2024-07-26,28,Other,Suspended,0
2245,2024-03-30,22,Female,Suspended,0
2099,2022-10-31,33,Other,Inactive,1
36,2023-08-13,54,Other,Suspended,0
1517,2024-06-16,47,Other,Suspended,0
1729,2023-09-21,41,Male,Active,0
392,2022-08-01,53,Female,Suspended,0
2457,2023-07-23,21,Male,Inactive,0
1148,2023-05-06,46,Male,Suspended,0
2952,2023-03-07,55,Female,Active,0
2854,2022-10-29,30,Female,Inactive,0
2323,2023-06-03,56,Male,Inactive,0
891,2022-12-22,60,Female,Inactive,0
636,2023-12-30,25,Female,Inactive,0
1228,2023-02-09,48,Female,Inactive,0
226,2023-06-10,52,Male,Active,0
684,2023-11-20,52,Male,Active,0
1872,2025-01-03,42,Male,Active,0
1256,2023-02-09,28,Other,Active,0
460,2024-10-03,59,Female,Inactive,0
676,2022-08-13,27,Female,Active,0
378,2023-10-08,40,Female,Active,0
214,2024-03-21,34,Male,Active,0
831,2025-01-14,48,Male,Suspended,1
829,2024-07-10,25,Female,Active,0
955,2023-04-23,49,Male,Inactive,0
1518,2024-03-10,34,Male,Inactive,0
2420,2024-12-03,55,Female,Inactive,0
1169,2023-02-04,65,Other,Suspended,0
2017,2023-04-05,48,Male,Suspended,0
1,2023-11-18,65,Female,Suspended,0
276,2023-02-05,36,Other,Active,0
1767,2022-07-17,52,Female,Inactive,0
1852,2023-08-19,45,Female,Inactive,0
679,2024-08-20,66,Other,Inactive,1
416,2025-02-02,63,Other,Suspended,0
1357,2022-07-21,62,Female,Suspended,1
2015,2025-04-10,60,Other,Active,0
2846,2022-09-05,24,Male,Active,1
2295,2024-10-30,68,Other,Inactive,0
2778,2024-02-15,27,Male,Suspended,0
1675,2024-01-03,24,Female,Suspended,1
1869,2024-02-19,59,Male,Active,0
808,2024-07-12,58,Male,Inactive,0
2275,2022-06-27,56,Other,Inactive,1
476,2023-02-13,23,Other,Suspended,0
104,2024-05-07,53,Male,Suspended,0
1103,2023-11-17,24,Male,Suspended,0
1332,2023-10-11,49,Male,Active,1
791,2022-06-09,49,Other,Active,0
743,2024-03-03,50,Female,Active,0
2433,2025-02-24,69,Male,Inactive,0
1584,2022-11-12,43,Other,Inactive,0
489,2025-03-23,45,Female,Inactive,1
2357,2024-04-25,65,Male,Suspended,0
881,2024-08-25,36,Female,Suspended,0
2179,2023-03-19,67,Other,Inactive,0
2239,2022-10-17,30,Other,Suspended,0
559,2023-03-04,26,Male,Suspended,0
1484,2022-12-29,23,Other,Suspended,0
593,2023-06-30,25,Other,Suspended,0
2104,2023-01-05,67,Male,Inactive,0
1254,2022-11-20,48,Other,Active,0
2859,2022-05-12,60,Other,Inactive,0
2287,2023-05-20,27,Male,Suspended,1
1983,2022-09-21,35,Other,Inactive,0
1229,2022-07-06,67,Male,Inactive,0
2248,2024-09-18,31,Male,Inactive,0
1722,2023-10-23,38,Female,Inactive,0
2913,2022-08-29,62,Male,Inactive,0
828,2022-10-15,18,Male,Inactive,0
2103,2022-09-26,36,Other,Inactive,1
1018,2024-01-04,48,Female,Active,0
990,2023-08-03,37,Female,Inactive,0
1223,2022-09-25,56,Female,Suspended,0
1116,2023-05-06,19,Female,Active,0
1586,2025-04-13,52,Other,Inactive,0
2477,2023-06-05,49,Other,Active,1
682,2023-05-28,22,Female,Suspended,1
793,2023-01-05,44,Male,Suspended,1
2978,2022-10-09,44,Male,Inactive,0
2744,2024-11-30,33,Other,Active,0
913,2024-08-23,63,Other,Active,0
1094,2023-05-05,64,Other,Active,0
72,2024-05-19,68,Female,Inactive,0
800,2025-01-15,35,Male,Suspended,0
1397,2025-03-02,62,Other,Active,0
2350,2023-09-25,21,Other,Inactive,0
2543,2025-04-23,47,Male,Suspended,0
1905,2023-11-27,24,Male,Suspended,0
1521,2023-08-02,21,Other,Inactive,0
1637,2024-09-19,63,Other,Suspended,0
1658,2024-01-08,20,Other,Suspended,0
1124,2024-07-28,50,Female,Active,0
661,2023-10-05,36,Female,Active,1
895,2024-01-16,61,Other,Inactive,0
2471,2022-08-20,19,Female,Suspended,0
2853,2022-12-17,26,Female,Active,0
1667,2022-09-19,65,Other,Active,0
1410,2022-08-07,59,Female,Suspended,0
969,2023-05-11,48,Other,Suspended,1
2340,2023-06-01,58,Female,Suspended,0
2486,2022-05-09,20,Male,Active,0
1975,2023-06-02,18,Male,Suspended,1
2876,2023-12-23,25,Male,Suspended,0
1010,2025-03-06,39,Male,Suspended,1
2395,2022-07-27,30,Male,Active,0
2745,2022-10-05,21,Female,Active,0
882,2024-03-14,24,Male,Active,1
2503,2024-01-19,48,Female,Inactive,0
2708,2024-06-20,39,Female,Suspended,0
2380,2022-12-17,33,Female,Inactive,0
1287,2022-05-31,54,Other,Inactive,0
252,2022-05-11,46,Other,Inactive,1
1005,2022-10-03,29,Male,Active,0
524,2024-05-07,32,Male,Suspended,0
591,2024-03-09,19,Male,Inactive,0
1418,2022-12-18,25,Male,Suspended,0
2681,2025-04-14,22,Female,Active,0
92,2024-11-13,25,Other,Inactive,0
2652,2023-04-21,29,Female,Active,0
1412,2023-05-08,55,Female,Suspended,0
1702,2022-11-06,21,Other,Suspended,0
379,2025-01-12,39,Other,Active,0
1048,2022-05-05,30,Male,Active,0
2416,2024-07-12,18,Other,Suspended,0
2636,2023-01-21,52,Other,Suspended,0
2725,2025-02-24,67,Male,Suspended,0
1436,2023-05-20,49,Other,Inactive,1
1522,2023-03-30,21,Female,Active,0
2410,2022-10-16,32,Male,Suspended,0
2353,2024-04-28,30,Other,Inactive,0
2472,2023-09-03,45,Female,Inactive,1
600,2024-10-15,43,Other,Suspended,0
2382,2023-06-24,43,Male,Active,0
1768,2023-09-23,20,Female,Active,0
142,2023-05-27,49,Other,Inactive,0
2545,2024-10-03,24,Other,Inactive,0
2307,2024-12-06,40,Female,Inactive,0
1727,2024-10-14,46,Female,Active,0
219,2023-03-27,39,Other,Suspended,1
241,2024-01-10,56,Other,Suspended,0
272,2024-05-18,52,Female,Suspended,0
1399,2024-06-20,46,Other,Inactive,1
1694,2024-02-13,50,Male,Active,0
694,2025-01-10,26,Other,Inactive,0
1512,2023-06-22,50,Female,Active,0
1454,2023-07-22,40,Other,Suspended,0
1142,2022-05-18,54,Other,Suspended,0
137,2023-09-09,18,Female,Inactive,0
106,2023-11-10,49,Male,Suspended,0
1781,2023-01-10,26,Female,Suspended,0
2013,2024-12-15,63,Male,Active,1
2263,2022-10-02,63,Female,Suspended,0
99,2024-03-20,26,Male,Suspended,0
1330,2022-10-28,56,Male,Active,0
462,2023-10-22,44,Other,Inactive,0
274,2023-07-03,47,Female,Active,1
1255,2023-09-17,24,Other,Inactive,0
162,2024-05-02,55,Other,Suspended,1
352,2024-05-23,43,Male,Active,0
2873,2024-03-14,45,Other,Suspended,0
1032,2023-11-18,44,Other,Suspended,0
1558,2022-08-18,31,Female,Suspended,0
127,2022-05-03,65,Male,Active,0
880,2022-07-06,66,Male,Suspended,0
967,2023-11-15,67,Other,Active,0
1607,2024-01-29,48,Male,Inactive,0
1242,2024-05-24,65,Male,Active,1
508,2023-05-31,42,Other,Active,0
2768,2022-07-21,62,Female,Inactive,0
673,2022-09-25,31,Other,Inactive,0
2211,2023-02-24,37,Female,Active,0
465,2024-02-01,63,Male,Inactive,1
52,2023-03-31,26,Other,Suspended,0
45,2024-11-12,20,Female,Inactive,0
1281,2023-11-25,51,Male,Suspended,0
15,2023-12-24,37,Other,Inactive,1
1861,2024-12-19,57,Other,Active,1
1818,2025-03-02,66,Other,Suspended,1
2310,2024-05-25,37,Other,Inactive,1
2857,2024-04-20,36,Female,Suspended,0
2662,2024-02-08,57,Female,Suspended,0
185,2024-03-23,39,Male,Suspended,0
704,2023-03-23,30,Female,Suspended,0
1328,2023-01-09,58,Female,Active,0
421,2024-08-11,33,Male,Suspended,0
672,2024-09-14,55,Male,Active,0
2334,2025-02-25,56,Male,Inactive,0
1106,2023-09-04,29,Female,Active,0
2057,2025-04-05,51,Other,Suspended,0
2419,2022-12-13,55,Male,Inactive,0
2834,2025-01-22,41,Other,Active,0
121,2022-12-03,62,Female,Active,1
2279,2022-06-23,57,Male,Suspended,0
983,2024-05-27,42,Male,Suspended,0
2498,2023-07-19,29,Male,Suspended,0
1954,2024-12-03,25,Female,Active,1
2256,2022-10-06,33,Male,Inactive,1
3000,2024-07-07,32,Female,Suspended,1
1744,2024-01-23,64,Female,Active,0
295,2022-05-31,54,Male,Suspended,0
1749,2024-11-26,61,Other,Active,0
1580,2022-05-20,59,Female,Suspended,1
2202,2022-11-06,63,Other,Inactive,0
1544,2025-01-20,37,Other,Inactive,0
2538,2023-05-20,61,Male,Inactive,1
1052,2024-04-25,66,Other,Active,0
114,2024-06-07,57,Male,Suspended,0
2831,2024-11-07,45,Female,Suspended,0
2262,2023-09-06,37,Female,Suspended,1
689,2024-06-22,45,Male,Active,0
1652,2024-02-21,26,Female,Inactive,1
2969,2024-03-16,51,Male,Inactive,0
2269,2024-02-21,66,Other,Suspended,1
667,2025-01-16,36,Other,Active,0
410,2023-12-28,41,Other,Suspended,0
572,2023-03-17,65,Other,Active,1
2492,2025-03-24,36,Other,Suspended,0
1172,2022-06-02,47,Other,Active,0
1002,2022-12-06,52,Female,Suspended,0
1540,2022-07-06,26,Male,Inactive,0
2411,2023-03-11,44,Male,Inactive,0
2634,2024-12-31,53,Male,Active,0
2390,2024-03-10,45,Male,Suspended,0
2167,2024-01-12,65,Other,Active,0
2101,2024-04-07,32,Other,Suspended,1
391,2023-11-21,57,Other,Active,0
1125,2023-03-22,47,Other,Active,0
2605,2023-06-26,55,Female,Active,0
2519,2022-10-15,21,Other,Suspended,0
2964,2025-01-18,64,Other,Suspended,0
924,2022-05-01,24,Other,Suspended,0
278,2024-07-20,53,Male,Active,0
275,2024-11-29,26,Male,Active,0
872,2024-10-27,29,Other,Inactive,0
935,2023-01-14,40,Female,Inactive,0
1015,2022-10-08,45,Female,Suspended,0
2494,2025-03-15,18,Female,Active,0
2201,2024-03-21,24,Other,Inactive,0
1391,2024-05-14,28,Male,Active,0
2226,2023-02-28,69,Female,Inactive,1
1596,2024-09-22,35,Other,Active,1
205,2025-01-14,37,Other,Inactive,1
1303,2024-02-12,69,Other,Suspended,0
816,2024-04-11,52,Female,Active,0
351,2024-08-03,38,Female,Inactive,0
2413,2024-02-19,42,Male,Active,0
2588,2024-06-03,59,Other,Active,1
1259,2024-12-01,51,Female,Inactive,0
1393,2022-05-27,18,Other,Active,0
1577,2025-02-21,21,Other,Inactive,1
556,2022-06-02,46,Other,Active,0
598,2024-06-30,38,Other,Active,0
248,2022-12-20,20,Female,Suspended,0
1386,2025-04-05,20,Other,Active,0
119,2024-06-20,57,Other,Inactive,0
2391,2024-05-20,20,Male,Suspended,0
2905,2023-05-07,43,Male,Suspended,0
324,2022-06-30,24,Female,Active,0
1878,2024-10-23,39,Other,Suspended,0
2896,2025-03-13,59,Female,Inactive,0
2793,2024-05-22,58,Female,Inactive,0
1759,2023-09-05,57,Other,Inactive,1
2442,2024-01-05,30,Other,Suspended,1
326,2024-06-04,64,Male,Suspended,0
1624,2023-01-21,18,Male,Inactive,0
375,2022-06-17,63,Male,Inactive,1
2691,2025-01-14,39,Female,Active,1
2961,2022-12-06,40,Male,Inactive,0
2986,2022-06-24,58,Other,Active,0
1640,2023-04-07,18,Female,Suspended,0
2517,2024-10-21,64,Other,Active,0
763,2023-10-15,62,Female,Inactive,0
721,2024-10-01,41,Male,Inactive,0
1591,2022-06-24,39,Female,Suspended,0
115,2024-05-31,20,Other,Active,0
629,2024-09-27,50,Male,Active,1
2124,2022-11-28,63,Male,Suspended,1
1283,2022-09-03,69,Male,Active,0
2534,2024-04-16,23,Other,Active,0
1876,2024-09-02,51,Other,Inactive,0
536,2023-04-23,56,Female,Inactive,1
65,2024-07-17,21,Male,Active,1
1305,2023-11-23,32,Other,Suspended,0
535,2022-11-17,30,Female,Suspended,0
1178,2022-05-26,44,Male,Inactive,0
1009,2025-03-14,33,Male,Suspended,0
617,2024-08-31,65,Male,Suspended,0
2902,2024-01-27,50,Male,Inactive,1
371,2022-09-12,38,Male,Inactive,0
1067,2024-07-07,62,Female,Active,0
1451,2022-09-29,51,Other,Inactive,0
1461,2022-06-03,54,Other,Inactive,0
505,2024-10-23,55,Female,Active,0
1042,2023-07-03,42,Other,Suspended,0
164,2023-11-08,47,Male,Active,0
2863,2023-09-24,66,Other,Suspended,0
76,2024-06-23,45,Other,Inactive,0
1190,2023-04-04,54,Female,Inactive,0
2684,2024-12-02,50,Female,Suspended,1
1066,2022-09-04,61,Female,Inactive,0
1720,2025-03-30,22,Female,Active,0
575,2023-12-26,64,Other,Inactive,0
1821,2023-06-29,40,Female,Inactive,0
735,2024-09-27,65,Other,Inactive,0
2345,2022-12-15,37,Female,Inactive,1
2987,2024-04-22,23,Female,Suspended,0
2288,2022-06-01,25,Male,Inactive,1
847,2023-12-30,38,Female,Inactive,0
369,2025-02-06,34,Other,Active,0
2283,2023-02-17,68,Other,Active,1
2675,2022-10-25,55,Male,Active,0
2593,2025-02-28,44,Other,Suspended,0
2801,2024-01-10,32,Other,Suspended,0
1791,2023-07-06,25,Female,Active,0
2609,2023-02-27,51,Female,Inactive,0
89,2022-08-20,48,Other,Active,0
982,2023-12-28,22,Other,Suspended,0
541,2024-05-20,60,Male,Active,0
2033,2023-12-21,23,Male,Inactive,0
170,2022-08-04,52,Female,Suspended,0
2512,2024-09-21,55,Male,Suspended,0
1137,2023-07-18,63,Female,Suspended,0
2903,2024-03-13,46,Other,Suspended,0
769,2024-10-05,43,Female,Active,0
2491,2023-07-20,43,Female,Suspended,0
1820,2023-09-25,24,Female,Suspended,0
2653,2024-01-17,61,Other,Active,1
628,2022-08-02,28,Female,Active,0
2763,2023-06-20,30,Male,Active,1
232,2024-07-20,58,Other,Suspended,0
1859,2023-11-11,64,Other,Active,1
1093,2024-01-23,24,Other,Suspended,0
2611,2022-10-01,29,Male,Active,0
1763,2023-01-30,57,Other,Active,0
2647,2023-03-21,63,Other,Active,0
1487,2023-03-19,46,Male,Active,1
190,2023-04-17,54,Female,Active,0
2754,2023-11-24,46,Male,Suspended,0
1076,2023-09-26,55,Male,Inactive,0
894,2023-10-19,68,Female,Inactive,1
532,2024-06-30,42,Other,Suspended,0
646,2023-05-21,39,Male,Active,0
2396,2025-03-29,40,Other,Suspended,0
2153,2024-07-21,63,Female,Inactive,0
722,2023-05-25,55,Other,Active,0
1765,2025-01-10,31,Female,Active,1
1006,2023-02-11,54,Other,Inactive,0
2456,2024-12-18,45,Male,Suspended,0
1111,2023-10-04,51,Other,Inactive,0
2252,2025-01-29,46,Female,Inactive,0
2541,2023-07-15,28,Female,Inactive,1
5,2022-07-02,25,Female,Suspended,1
1656,2025-02-20,19,Other,Active,0
1762,2023-08-23,24,Female,Inactive,0
2470,2024-09-09,63,Other,Active,0
877,2022-10-21,36,Other,Inactive,1
788,2023-12-19,38,Female,Active,0
1252,2022-08-08,21,Other,Suspended,0
2452,2024-12-03,65,Other,Active,0
612,2023-12-23,29,Female,Active,0
2975,2024-10-23,64,Female,Inactive,0
1931,2024-02-16,38,Other,Active,0
516,2024-03-06,63,Female,Suspended,0
1528,2025-02-18,33,Other,Inactive,0
1037,2025-02-05,51,Female,Active,0
455,2022-11-17,29,Male,Active,0
2349,2024-02-01,50,Other,Suspended,0
778,2023-12-11,48,Male,Inactive,1
1036,2022-10-30,22,Female,Inactive,0
651,2023-05-26,44,Male,Active,0
260,2023-10-07,42,Female,Inactive,0
2843,2023-09-20,56,Male,Active,1
652,2025-04-11,21,Female,Active,0
1795,2024-07-21,42,Female,Active,0
172,2022-07-07,41,Female,Suspended,0
173,2024-01-23,55,Female,Suspended,0
2680,2023-08-24,23,Male,Inactive,0
339,2023-05-24,30,Other,Suspended,0
2722,2025-04-24,42,Male,Inactive,0
310,2024-04-28,46,Male,Suspended,1
697,2024-05-21,55,Other,Inactive,0
1074,2024-12-15,32,Female,Active,0
2070,2025-03-28,34,Other,Inactive,0
2444,2024-02-14,40,Female,Inactive,0
1227,2023-07-21,46,Other,Inactive,0
1398,2025-02-19,57,Other,Suspended,0
2421,2025-04-05,22,Other,Inactive,0
1300,2023-08-06,66,Male,Active,0
1867,2024-12-06,21,Other,Inactive,0
784,2023-12-09,44,Female,Inactive,0
1264,2023-01-13,59,Other,Active,1
1569,2023-04-13,30,Female,Active,0
1389,2025-02-04,57,Female,Active,1
201,2022-05-23,49,Male,Active,0
1725,2024-02-21,54,Female,Active,1
2882,2022-08-06,39,Male,Suspended,0
2,2022-11-02,40,Female,Active,0
1007,2024-07-01,23,Male,Suspended,0
945,2023-06-26,53,Other,Active,0
1757,2025-01-03,33,Female,Suspended,0
1133,2024-12-31,40,Female,Inactive,0
565,2025-04-12,67,Female,Active,0
1467,2023-12-11,53,Male,Suspended,0
823,2024-03-26,67,Other,Inactive,1
2131,2023-05-04,44,Male,Suspended,1
300,2022-09-24,51,Other,Inactive,1
2424,2024-04-23,21,Other,Suspended,0
775,2023-02-22,27,Other,Suspended,0
2261,2025-01-21,21,Male,Suspended,1
976,2023-10-10,58,Female,Suspended,0
654,2022-12-18,27,Other,Inactive,1
1883,2023-04-17,40,Male,Active,1
2880,2024-10-13,47,Other,Inactive,0
509,2023-10-30,26,Other,Active,0
435,2022-11-18,54,Male,Inactive,0
1321,2023-01-18,21,Female,Active,0
1952,2022-10-15,36,Female,Inactive,1
2739,2023-09-20,29,Male,Inactive,0
1100,2024-06-30,36,Male,Suspended,0
2549,2024-08-09,51,Female,Inactive,0
1617,2023-04-05,18,Male,Inactive,0
2328,2025-03-21,56,Female,Inactive,1
182,2023-07-14,28,Male,Suspended,1
2343,2023-10-31,41,Male,Active,0
2548,2022-10-01,31,Other,Active,1
833,2024-02-08,69,Male,Suspended,0
557,2024-10-01,28,Female,Active,0
1092,2024-08-07,29,Other,Active,0
2443,2023-03-20,29,Other,Active,0
1572,2023-12-30,58,Male,Suspended,0
561,2022-05-18,27,Male,Inactive,0
814,2023-01-24,46,Male,Suspended,1
2314,2022-07-25,34,Female,Suspended,1
473,2024-05-21,32,Other,Suspended,0
886,2022-07-15,32,Other,Suspended,0
422,2024-07-25,27,Female,Inactive,0
1105,2024-09-24,48,Female,Suspended,0
450,2022-10-19,55,Male,Active,0
2635,2022-10-21,43,Male,Active,0
1050,2025-02-25,56,Other,Inactive,0
2059,2024-04-04,58,Other,Suspended,0
2700,2025-04-05,48,Male,Suspended,0
2979,2022-08-28,66,Other,Active,0
311,2022-12-04,34,Female,Suspended,0
1310,2024-03-14,51,Male,Active,1
669,2024-12-17,23,Other,Active,0
2769,2024-02-05,42,Male,Inactive,0
331,2023-06-24,21,Other,Active,0
2060,2024-02-16,46,Male,Inactive,0
942,2023-12-07,48,Other,Active,0
2168,2022-09-09,38,Male,Suspended,0
120,2024-04-14,46,Other,Active,1
973,2025-04-20,33,Other,Suspended,0
1407,2023-05-03,33,Male,Inactive,0
2995,2023-02-25,24,Male,Active,1
2333,2022-12-06,42,Other,Active,1
2670,2024-08-19,48,Male,Inactive,0
1769,2023-05-11,65,Other,Active,0
1874,2023-12-05,44,Male,Inactive,0
2071,2024-05-04,57,Male,Suspended,0
579,2024-05-30,26,Male,Active,0
1162,2024-05-31,41,Female,Suspended,0
2032,2023-06-19,55,Male,Inactive,0
448,2025-01-17,32,Other,Suspended,0
941,2024-08-11,53,Male,Suspended,1
1372,2023-06-21,65,Male,Active,0
2386,2022-09-29,26,Male,Inactive,0
2043,2023-03-19,59,Male,Active,0
2628,2024-01-15,48,Male,Inactive,0
799,2022-07-09,20,Female,Active,0
921,2023-01-10,55,Other,Suspended,0
2490,2023-03-21,62,Female,Inactive,0
583,2023-01-22,55,Other,Active,1
1830,2024-01-15,68,Male,Suspended,0
2405,2024-11-11,26,Male,Inactive,0
1833,2023-08-31,68,Male,Inactive,0
648,2025-01-11,19,Male,Suspended,0
2372,2023-02-23,68,Female,Active,1
2278,2022-10-27,25,Other,Active,0
2425,2023-10-19,23,Other,Inactive,1
1871,2022-07-01,25,Other,Active,0
1951,2023-11-12,25,Other,Active,0
2959,2022-12-31,36,Male,Inactive,0
1404,2023-04-15,29,Other,Inactive,0
1706,2024-04-17,35,Other,Active,0
1943,2023-08-10,63,Other,Active,0
1998,2023-09-05,42,Male,Inactive,0
623,2024-02-10,25,Other,Inactive,0
1587,2024-05-19,47,Other,Active,1
2980,2023-06-20,43,Male,Active,0
850,2024-10-08,62,Male,Suspended,0
2999,2022-12-14,55,Other,Active,0
259,2023-09-03,67,Other,Suspended,0
586,2022-09-12,48,Other,Active,0
2030,2023-05-02,45,Female,Inactive,1
1322,2023-05-16,28,Female,Active,0
730,2024-08-05,33,Female,Inactive,0
1602,2023-11-13,57,Female,Suspended,0
398,2023-01-19,36,Female,Suspended,0
174,2023-04-23,38,Other,Suspended,0
1849,2025-04-11,28,Female,Inactive,0
1932,2022-08-21,56,Other,Active,0
2205,2022-08-21,60,Male,Active,0
2145,2025-02-23,44,Female,Active,0
1177,2023-11-28,27,Male,Active,0
1359,2023-12-06,55,Other,Active,0
958,2023-09-11,23,Female,Active,1
594,2023-05-19,55,Other,Active,0
1500,2022-10-14,51,Male,Inactive,0
1593,2024-01-02,24,Other,Inactive,0
2222,2025-01-12,42,Male,Active,0
1354,2023-12-26,40,Other,Suspended,0
1350,2024-12-17,56,Male,Active,0
414,2024-04-01,67,Other,Inactive,0
2728,2024-01-05,18,Female,Inactive,0
856,2024-02-27,23,Male,Inactive,0
2361,2022-11-11,25,Male,Suspended,0
2631,2022-12-30,31,Male,Active,0
2042,2024-12-11,56,Male,Active,0
596,2022-08-09,19,Female,Active,1
1964,2023-05-20,47,Male,Suspended,0
2564,2024-02-15,47,Other,Inactive,1
2942,2022-09-08,35,Male,Active,0
2802,2023-06-15,39,Other,Suspended,0
2664,2022-12-04,49,Other,Inactive,0
2009,2023-06-15,30,Other,Active,0
1970,2023-02-13,44,Male,Suspended,0
2819,2023-07-18,30,Female,Active,1
153,2023-04-28,46,Other,Inactive,0
507,2023-11-22,53,Female,Inactive,0
2820,2024-08-29,53,Other,Inactive,0
2883,2025-04-12,24,Other,Inactive,0
2143,2025-04-09,40,Male,Suspended,1
1203,2024-05-17,44,Female,Active,0
2338,2024-09-12,24,Other,Active,0
2727,2024-09-18,37,Male,Suspended,0
2856,2024-01-07,58,Male,Suspended,0
237,2024-05-06,25,Female,Inactive,0
1352,2022-06-29,63,Female,Inactive,0
2552,2023-12-05,55,Male,Active,0
329,2022-06-13,68,Male,Inactive,0
2232,2023-09-08,52,Other,Active,0
1907,2023-01-26,40,Male,Inactive,0
187,2023-09-16,56,Other,Suspended,0
2112,2022-07-17,53,Male,Inactive,0
756,2023-10-24,46,Female,Suspended,1
843,2025-04-21,45,Other,Inactive,0
2170,2025-02-11,40,Female,Active,1
951,2022-06-27,44,Male,Active,0
2530,2023-02-12,45,Other,Suspended,0
1191,2023-11-09,55,Other,Suspended,0
812,2022-06-19,53,Male,Suspended,1
543,2024-09-26,49,Other,Active,0
2954,2023-11-11,24,Female,Suspended,0
1789,2024-06-27,28,Female,Active,1
1249,2024-04-21,53,Other,Inactive,1
1224,2024-04-25,31,Other,Active,1
1130,2024-06-21,63,Other,Active,0
570,2023-12-27,38,Female,Inactive,0
2025,2023-10-30,31,Female,Active,0
2130,2025-04-06,38,Male,Active,0
2280,2023-06-30,26,Male,Inactive,0
2134,2023-02-06,34,Other,Inactive,0
2446,2025-02-02,53,Female,Inactive,0
1743,2023-10-11,43,Male,Active,0
884,2024-07-25,29,Other,Suspended,0
863,2023-05-08,46,Male,Active,0
2992,2024-01-31,62,Female,Suspended,0
2459,2022-08-28,31,Female,Inactive,0
211,2023-10-12,28,Other,Active,0
2948,2025-03-20,28,Other,Inactive,0
1288,2022-05-09,29,Male,Inactive,0
2649,2025-02-21,36,Female,Suspended,0
2427,2024-05-04,32,Other,Inactive,0
1033,2022-12-14,19,Female,Inactive,0
2938,2022-10-08,24,Female,Active,1
279,2023-11-12,34,Other,Active,0
2178,2023-10-30,63,Male,Suspended,1
2711,2023-11-02,48,Male,Inactive,0
1783,2022-12-10,20,Female,Active,0
2746,2024-09-30,18,Male,Active,0
846,2025-02-20,66,Other,Inactive,0
901,2024-05-10,25,Other,Active,0
16,2025-01-23,26,Other,Suspended,0
1368,2023-08-15,66,Male,Active,0
1938,2022-11-29,55,Female,Inactive,1
2429,2024-12-05,45,Male,Suspended,0
459,2022-11-29,35,Female,Active,0
470,2023-06-05,23,Other,Active,0
2523,2023-08-27,61,Female,Suspended,0
2011,2024-07-07,33,Male,Inactive,1
533,2024-05-10,20,Female,Suspended,1
1663,2024-06-01,21,Male,Inactive,0
1213,2023-11-09,60,Female,Active,0
724,2025-01-23,57,Other,Suspended,0
2467,2024-02-21,20,Other,Suspended,1
2127,2023-11-14,18,Other,Inactive,0
1053,2024-06-01,63,Male,Inactive,0
467,2024-05-07,41,Male,Active,0
2105,2023-04-17,22,Other,Suspended,1
887,2022-10-05,51,Male,Inactive,1
2401,2022-06-02,48,Other,Suspended,0
2317,2022-11-10,28,Male,Inactive,0
2468,2025-03-22,33,Male,Active,0
337,2024-08-29,55,Female,Inactive,0
2550,2023-06-09,44,Female,Suspended,0
2901,2022-11-17,25,Female,Suspended,0
2142,2024-02-23,34,Female,Suspended,1
1108,2022-05-08,20,Male,Suspended,0
2289,2023-04-09,25,Female,Active,0
845,2024-06-28,50,Male,Suspended,0
1001,2023-04-18,20,Other,Active,1
2126,2023-03-12,66,Female,Active,0
1443,2022-09-29,21,Male,Inactive,0
1698,2023-09-06,69,Male,Inactive,1
1775,2025-01-07,47,Male,Suspended,0
918,2024-11-27,22,Female,Suspended,0
1369,2023-12-12,60,Other,Inactive,0
2514,2024-09-21,35,Male,Inactive,0
1650,2024-09-30,66,Female,Suspended,1
2735,2023-11-22,54,Male,Suspended,0
649,2022-07-02,37,Male,Inactive,0
141,2024-07-04,34,Female,Inactive,0
2862,2024-12-23,25,Male,Suspended,0
167,2023-10-29,33,Other,Inactive,0
2373,2024-01-04,20,Male,Inactive,1
2187,2024-07-25,21,Male,Inactive,0
2366,2023-03-04,51,Other,Inactive,0
481,2025-04-06,48,Other,Suspended,0
1815,2023-09-29,56,Female,Inactive,1
537,2022-11-18,31,Other,Active,0
1230,2023-01-02,28,Female,Active,0
1088,2023-02-23,52,Female,Inactive,0
2643,2023-05-05,18,Female,Inactive,0
2850,2024-09-20,57,Male,Inactive,1
1253,2022-05-26,19,Female,Active,0
630,2023-04-15,39,Female,Inactive,0
198,2022-10-26,28,Female,Suspended,0
1481,2024-08-16,35,Other,Inactive,0
1061,2024-10-15,35,Male,Suspended,0
2671,2025-01-02,60,Male,Active,1
1527,2025-03-28,41,Male,Suspended,0
2606,2024-10-04,40,Female,Active,0
2988,2023-08-17,66,Other,Suspended,0
2791,2023-10-06,60,Male,Suspended,0
2339,2023-12-23,48,Other,Inactive,0
1059,2024-02-21,23,Female,Active,1
1463,2023-08-26,24,Female,Suspended,0
1406,2022-11-12,30,Other,Suspended,0
245,2022-11-27,26,Female,Active,0
820,2022-12-11,56,Male,Inactive,1
8,2025-02-17,45,Other,Inactive,0
758,2025-03-20,55,Other,Suspended,1
1306,2024-09-19,67,Other,Inactive,0
2858,2023-06-23,60,Other,Inactive,1
2918,2023-03-09,68,Female,Active,1
327,2024-08-18,20,Female,Suspended,0
54,2023-08-15,65,Female,Suspended,1
2463,2024-12-01,35,Female,Inactive,0
1313,2025-03-28,24,Other,Inactive,0
620,2022-04-27,63,Other,Inactive,0
1887,2023-07-12,60,Female,Suspended,0
849,2024-03-23,47,Female,Suspended,0
1557,2024-04-26,23,Female,Inactive,0
869,2023-06-17,50,Other,Inactive,0
1196,2024-11-20,26,Male,Inactive,0
1479,2023-04-25,69,Female,Active,0
1286,2023-08-04,49,Other,Active,0
77,2023-08-22,44,Other,Active,0
975,2023-09-18,56,Female,Inactive,0
2699,2023-08-08,40,Female,Active,0
875,2022-06-06,56,Female,Active,0
1753,2023-02-23,27,Male,Suspended,0
2950,2024-06-29,24,Other,Suspended,1
1488,2022-08-03,28,Female,Active,0
132,2023-11-15,25,Male,Inactive,1
2712,2024-02-25,30,Male,Active,0
501,2023-04-28,58,Male,Active,0
1696,2024-01-03,60,Female,Inactive,0
487,2023-11-10,31,Male,Inactive,0
1850,2022-12-28,42,Female,Suspended,0
889,2023-06-17,62,Other,Inactive,0
285,2023-05-27,28,Other,Suspended,0
1387,2024-12-16,48,Male,Active,0
1078,2022-08-17,22,Female,Suspended,0
744,2023-04-18,45,Female,Inactive,0
752,2023-08-24,47,Other,Active,0
1466,2024-05-17,27,Other,Suspended,0
1635,2023-11-12,28,Male,Inactive,1
2887,2024-04-07,57,Other,Active,0
2622,2024-05-26,24,Male,Active,0
851,2024-08-19,37,Female,Active,0
1682,2023-05-08,50,Female,Suspended,0
1927,2024-11-27,51,Male,Active,0
116,2025-04-06,47,Female,Inactive,0
1380,2022-11-23,38,Other,Suspended,0
1275,2022-05-27,52,Other,Active,0
2688,2023-01-15,62,Other,Inactive,0
1678,2024-09-08,56,Other,Suspended,0
587,2024-09-15,46,Female,Suspended,0
2718,2023-02-22,35,Female,Suspended,0
451,2023-07-07,18,Female,Suspended,0
2526,2023-11-19,59,Female,Inactive,0
156,2022-05-30,31,Male,Inactive,0
478,2022-06-07,35,Other,Active,1
60,2023-03-07,64,Female,Inactive,1
223,2024-04-09,46,Other,Inactive,1
126,2023-02-01,21,Male,Active,0
1151,2024-01-01,35,Female,Inactive,0
2274,2023-10-22,63,Female,Active,1
1776,2023-12-01,57,Male,Active,0
1721,2024-01-03,31,Female,Active,0
2272,2023-09-02,24,Other,Suspended,1
519,2024-01-08,63,Other,Suspended,0
1537,2022-12-30,60,Other,Suspended,1
2958,2023-11-07,21,Female,Suspended,0
2483,2022-12-27,57,Male,Suspended,0
2069,2024-09-17,54,Female,Suspended,0
81,2022-08-10,38,Other,Suspended,0
2536,2022-06-08,23,Male,Active,0
2971,2023-09-12,53,Male,Suspended,0
2304,2023-11-08,60,Female,Inactive,0
424,2022-06-05,23,Other,Inactive,0
143,2024-10-01,23,Male,Active,0
2063,2023-10-31,68,Female,Suspended,1
344,2023-08-13,35,Female,Suspended,0
2348,2023-05-16,45,Male,Suspended,0
916,2024-01-25,57,Male,Inactive,0
2599,2023-04-22,69,Female,Inactive,0
2094,2023-05-21,40,Other,Suspended,0
844,2023-09-16,28,Female,Active,0
2679,2025-03-27,69,Male,Active,1
2347,2025-03-29,45,Female,Active,1
1899,2023-07-22,43,Female,Suspended,0
2529,2025-02-04,39,Male,Suspended,0
68,2023-12-12,43,Male,Suspended,0
90,2023-04-20,57,Male,Active,0
2602,2022-11-22,69,Male,Suspended,0
1251,2024-04-20,18,Female,Active,0
1748,2024-08-01,54,Other,Active,0
1362,2023-03-14,21,Male,Suspended,0
2141,2022-08-19,55,Female,Inactive,0
1344,2022-09-06,45,Male,Active,0
2240,2022-09-15,57,Other,Suspended,0
1644,2024-06-10,25,Male,Active,0
1546,2022-10-23,34,Female,Suspended,1
1549,2023-01-18,24,Other,Suspended,0
2006,2024-10-11,31,Other,Suspended,0
625,2022-08-06,68,Female,Inactive,0
2989,2024-05-05,69,Other,Inactive,0
1297,2023-01-15,50,Male,Active,0
2743,2023-04-02,47,Male,Inactive,0
444,2023-11-22,54,Female,Suspended,0
1985,2025-02-05,34,Male,Suspended,0
2388,2022-05-01,45,Female,Inactive,0
192,2024-12-03,36,Male,Suspended,0
998,2022-12-18,44,Female,Active,1
2196,2024-06-08,53,Male,Inactive,0
2149,2022-12-26,41,Female,Suspended,0
1576,2023-07-19,44,Other,Suspended,0
2898,2023-05-23,57,Male,Suspended,0
163,2024-02-27,28,Male,Inactive,1
984,2024-05-10,48,Other,Inactive,0
280,2025-01-16,63,Other,Inactive,0
1519,2024-08-31,33,Male,Suspended,0
740,2023-11-02,38,Male,Active,1
2064,2024-10-16,25,Other,Active,0
2985,2023-01-17,27,Female,Suspended,0
1314,2025-04-06,19,Male,Active,1
1277,2024-01-26,34,Male,Inactive,0
1649,2024-08-14,21,Other,Suspended,0
595,2023-12-10,54,Other,Active,0
1351,2025-03-21,22,Male,Suspended,0
2156,2024-05-10,42,Other,Inactive,1
2119,2023-01-12,66,Male,Suspended,1
1746,2024-04-11,43,Female,Active,0
1533,2024-04-26,18,Male,Suspended,0
1021,2025-01-04,35,Male,Inactive,0
1083,2022-12-01,66,Female,Suspended,0
1940,2022-06-17,66,Other,Inactive,0
2721,2024-09-08,24,Other,Active,0
2255,2023-07-13,28,Male,Active,0
605,2024-05-30,65,Female,Inactive,1
1633,2023-05-23,24,Male,Inactive,1
1402,2022-10-26,62,Female,Suspended,0
956,2025-04-06,50,Female,Suspended,0
2147,2022-07-04,30,Male,Suspended,0
1745,2024-11-26,49,Other,Suspended,0
2188,2024-10-30,28,Male,Inactive,0
1155,2023-03-10,32,Male,Inactive,0
1490,2022-05-12,27,Male,Suspended,0
2082,2023-09-29,53,Other,Active,1
1312,2022-11-07,59,Other,Suspended,0
1653,2023-05-15,40,Male,Inactive,0
497,2022-05-07,64,Other,Suspended,0
1180,2024-11-04,38,Other,Active,0
221,2024-06-09,20,Other,Inactive,0
2994,2022-07-30,24,Other,Inactive,0
307,2023-09-30,34,Other,Active,0
946,2022-08-28,68,Male,Inactive,0
498,2024-07-24,62,Other,Suspended,1
2847,2023-12-21,36,Female,Active,0
1570,2022-07-24,69,Female,Suspended,0
2936,2024-03-11,58,Other,Inactive,0
1285,2025-03-08,19,Other,Inactive,0
317,2023-08-16,52,Male,Suspended,0
2302,2024-11-13,58,Male,Suspended,0
2516,2025-04-06,27,Female,Inactive,0
699,2024-11-17,55,Female,Active,0
1891,2023-01-28,23,Female,Active,1
2448,2023-09-28,43,Other,Active,0
2092,2024-02-15,50,Other,Inactive,0
2321,2024-06-22,64,Other,Suspended,0
2813,2022-11-12,34,Other,Suspended,0
2409,2024-01-23,62,Male,Inactive,0
2924,2023-11-05,60,Male,Inactive,0
962,2023-01-09,47,Male,Inactive,0
2981,2023-06-03,57,Other,Active,0
2318,2025-04-16,18,Female,Active,0
1374,2022-06-07,27,Female,Active,0
2148,2024-11-30,54,Male,Active,1
1676,2023-01-31,19,Other,Inactive,0
2826,2022-12-02,53,Male,Inactive,0
390,2022-08-14,25,Male,Active,0
1144,2024-10-01,18,Female,Inactive,0
418,2023-05-24,59,Male,Suspended,0
727,2024-08-22,44,Male,Inactive,0
1163,2024-01-29,43,Female,Suspended,0
57,2025-03-08,19,Other,Inactive,0
488,2023-05-15,49,Female,Suspended,0
795,2023-08-16,50,Female,Suspended,0
1409,2022-07-31,64,Female,Active,0
2963,2022-12-28,34,Female,Suspended,1
558,2023-02-13,42,Other,Inactive,1
39,2022-09-22,42,Female,Suspended,0
2220,2025-03-01,27,Other,Active,0
1677,2023-10-30,40,Male,Suspended,0
2224,2025-04-19,28,Female,Active,0
388,2022-06-18,41,Other,Suspended,1
218,2024-09-18,55,Female,Inactive,0
746,2023-03-19,49,Other,Suspended,0
1138,2022-05-22,62,Female,Suspended,0
1128,2024-03-21,42,Male,Inactive,0
1687,2024-11-29,55,Female,Suspended,0
1963,2025-01-12,64,Other,Suspended,0
2940,2022-12-15,30,Male,Inactive,0
772,2022-10-24,63,Other,Active,0
403,2024-06-19,25,Female,Active,0
2241,2025-03-10,25,Male,Active,0
346,2024-08-01,52,Other,Active,0
1408,2024-10-18,34,Male,Active,0
1953,2022-10-07,22,Female,Inactive,0
2553,2022-11-29,37,Male,Inactive,1
1834,2025-01-10,61,Other,Active,0
384,2024-03-30,56,Male,Active,0
1685,2022-06-16,35,Male,Suspended,0
2374,2023-11-01,26,Male,Suspended,0
639,2022-06-14,26,Other,Active,0
2243,2025-02-21,22,Female,Suspended,1
1562,2023-07-01,45,Female,Active,0
1958,2023-06-11,51,Male,Suspended,1
158,2024-11-24,56,Male,Active,0
2966,2023-09-27,61,Female,Active,0
2140,2024-07-03,28,Male,Active,0
2088,2024-10-31,69,Female,Active,1
726,2024-03-01,42,Male,Active,0
1444,2024-10-23,46,Other,Suspended,0
2729,2024-08-30,18,Male,Inactive,0
2110,2022-12-25,20,Female,Active,1
1437,2024-07-10,38,Male,Suspended,0
1012,2023-02-13,30,Female,Suspended,0
554,2023-12-08,23,Male,Suspended,0
1962,2023-07-29,62,Female,Active,0
1847,2022-08-06,40,Other,Suspended,0
2352,2023-10-17,22,Other,Suspended,0
1794,2023-08-09,45,Female,Active,1
1496,2022-08-17,64,Female,Inactive,0
1726,2023-01-29,61,Other,Suspended,0
2672,2023-10-13,68,Male,Active,0
1728,2024-09-18,30,Male,Inactive,0
1346,2022-05-10,68,Other,Active,0
1936,2024-02-13,48,Male,Inactive,0
265,2023-02-09,49,Male,Suspended,0
2316,2024-10-25,48,Male,Active,1
2162,2022-08-26,55,Other,Inactive,0
2253,2024-04-18,29,Female,Active,0
1494,2025-01-09,65,Other,Active,0
1003,2023-05-09,37,Other,Inactive,0
2246,2022-12-30,28,Male,Active,0
723,2022-09-02,49,Female,Active,0
2319,2023-12-29,68,Female,Inactive,1
621,2023-01-12,57,Other,Inactive,0
1686,2023-09-16,50,Female,Suspended,0
2943,2022-06-17,43,Female,Suspended,0
2365,2023-10-03,41,Female,Suspended,0
1218,2023-01-04,65,Male,Inactive,0
1441,2022-06-25,39,Female,Suspended,1
1877,2023-02-09,24,Male,Suspended,0
1292,2024-05-09,69,Male,Suspended,0
1175,2024-03-22,56,Other,Suspended,0
313,2022-12-26,53,Male,Suspended,0
1626,2022-07-29,29,Male,Active,0
578,2023-07-09,50,Male,Suspended,0
931,2024-11-11,52,Female,Inactive,1
356,2024-07-20,50,Female,Suspended,0
996,2023-12-08,69,Other,Active,0
852,2023-05-30,46,Other,Suspended,0
1336,2022-10-21,38,Male,Inactive,0
1348,2024-01-02,29,Female,Inactive,0
2837,2024-09-06,44,Male,Inactive,0
93,2022-06-08,23,Other,Active,1
2665,2024-05-08,19,Male,Inactive,1
1202,2023-06-07,47,Other,Suspended,1
2759,2023-02-26,69,Male,Suspended,0
555,2024-07-24,28,Other,Suspended,0
2651,2024-01-06,63,Female,Suspended,0
184,2025-03-05,59,Other,Inactive,0
377,2024-06-13,36,Male,Suspended,0
1547,2022-07-20,43,Other,Suspended,1
2881,2023-02-24,46,Other,Suspended,0
186,2022-11-24,67,Female,Active,0
796,2024-07-24,35,Other,Active,0
759,2023-11-08,26,Male,Inactive,0
2367,2023-10-09,45,Male,Suspended,0
1911,2024-07-07,42,Female,Inactive,0
1898,2023-04-16,36,Other,Inactive,0
2161,2025-03-01,67,Female,Active,1
607,2022-08-27,65,Other,Suspended,0
2575,2022-05-10,48,Other,Active,0
737,2024-10-23,55,Female,Suspended,0
539,2022-12-28,55,Other,Active,0
2107,2025-03-31,34,Other,Active,1
745,2025-01-26,28,Female,Active,0
91,2022-05-03,56,Female,Active,0
268,2023-11-14,54,Female,Suspended,0
760,2024-05-20,60,Other,Suspended,1
1013,2022-09-16,38,Male,Inactive,0
1375,2022-12-29,57,Male,Suspended,1
1738,2023-10-08,23,Female,Inactive,0
442,2023-10-10,28,Female,Inactive,1
1473,2024-10-19,55,Other,Active,0
655,2024-03-13,50,Female,Active,0
2668,2023-05-16,56,Female,Active,0
1420,2025-02-26,61,Male,Inactive,0
659,2023-01-27,69,Female,Active,0
1472,2022-10-31,19,Female,Inactive,0
2122,2025-03-11,42,Male,Inactive,0
2203,2023-07-21,40,Male,Active,0
718,2025-03-24,57,Female,Suspended,0
135,2024-09-26,19,Male,Inactive,0
2666,2024-11-10,32,Male,Active,0
2655,2022-07-03,51,Male,Active,1
2621,2023-07-30,60,Male,Suspended,0
738,2023-04-01,68,Male,Inactive,0
1631,2022-05-23,43,Male,Suspended,1
2305,2024-10-30,46,Female,Suspended,1
1828,2023-10-26,68,Other,Active,0
2229,2025-03-24,56,Male,Active,0
1724,2023-06-09,62,Other,Suspended,0
779,2024-03-15,24,Male,Suspended,0
2050,2025-04-13,62,Male,Inactive,0
1615,2022-08-14,26,Other,Inactive,1
2657,2023-05-19,65,Female,Active,0
1008,2023-03-28,37,Female,Suspended,0
1909,2023-08-05,38,Female,Active,0
1910,2023-09-14,61,Female,Suspended,0
11,2022-06-19,50,Female,Inactive,1
2741,2024-03-07,66,Other,Inactive,0
839,2023-06-27,26,Other,Inactive,0
547,2023-03-14,32,Male,Active,0
2237,2023-09-28,57,Other,Active,0
157,2024-10-12,64,Female,Active,0
686,2023-06-18,55,Other,Active,0
1174,2022-05-13,48,Female,Active,0
1564,2024-11-02,33,Other,Active,0
2022,2024-05-10,65,Other,Inactive,1
1520,2024-08-19,68,Female,Active,0
420,2022-08-20,57,Other,Active,0
568,2025-04-16,38,Female,Active,1
2816,2024-05-05,53,Male,Active,0
1774,2024-10-23,46,Female,Active,0
2639,2024-01-06,68,Female,Active,1
2097,2023-01-11,64,Male,Active,0
1232,2023-02-22,25,Other,Inactive,1
46,2022-06-29,50,Other,Inactive,0
571,2024-08-05,54,Male,Active,0
320,2025-03-24,22,Other,Active,0
2726,2023-07-09,48,Male,Inactive,0
18,2024-07-28,33,Other,Suspended,1
2086,2022-07-18,20,Other,Suspended,0
2535,2024-12-07,37,Male,Suspended,0
486,2024-11-27,41,Other,Inactive,0
2667,2023-05-29,49,Other,Suspended,1
2363,2022-08-11,57,Female,Active,1
55,2024-04-20,46,Other,Active,0
2173,2023-06-30,20,Male,Inactive,0
2414,2023-06-06,47,Female,Active,0
960,2022-10-06,36,Female,Active,0
1113,2023-03-02,22,Male,Active,0
857,2023-06-26,58,Other,Inactive,0
1559,2022-12-19,57,Female,Inactive,0
2028,2023-10-29,62,Female,Inactive,0
1579,2023-05-17,64,Other,Inactive,0
2892,2022-11-16,40,Other,Inactive,0
1761,2023-04-23,65,Male,Inactive,0
1990,2024-02-03,38,Female,Active,0
2779,2024-01-17,57,Male,Suspended,0
1194,2024-11-18,32,Other,Inactive,0
1421,2023-05-15,21,Male,Suspended,0
934,2023-11-30,36,Male,Suspended,0
970,2024-03-08,51,Other,Active,1
2185,2024-08-28,66,Female,Inactive,1
2114,2023-02-27,29,Male,Suspended,0
2434,2023-05-07,56,Female,Suspended,1
2753,2023-06-14,31,Other,Active,0
2397,2023-03-20,46,Female,Inactive,0
2845,2024-03-10,55,Female,Suspended,0
637,2024-11-01,56,Other,Active,1
2192,2022-08-09,69,Other,Active,0
1560,2023-10-19,47,Female,Inactive,0
993,2022-04-28,60,Male,Suspended,0
1060,2023-11-10,22,Other,Inactive,0
2607,2024-12-26,37,Female,Active,1
1403,2025-02-28,65,Male,Active,0
2036,2023-03-02,18,Male,Active,1
2296,2024-02-20,53,Other,Suspended,0
1989,2022-09-26,24,Male,Suspended,0
1475,2023-06-30,40,Female,Inactive,0
2811,2023-10-15,33,Male,Suspended,1
1208,2022-08-30,32,Female,Inactive,0
1582,2024-04-29,54,Other,Suspended,0
1238,2024-08-01,42,Female,Inactive,0
1195,2025-03-05,54,Other,Suspended,0
1134,2022-05-06,34,Female,Suspended,1
1411,2023-01-12,33,Female,Inactive,1
2182,2024-06-02,59,Other,Inactive,0
2683,2023-01-08,42,Other,Suspended,1
189,2023-02-09,43,Female,Inactive,1
695,2025-04-12,22,Other,Active,1
2800,2022-05-15,42,Other,Active,0
1530,2024-01-26,23,Female,Suspended,0
23,2025-03-13,54,Female,Inactive,0
2299,2023-11-09,40,Male,Active,0
1153,2024-09-18,56,Female,Active,0
1335,2024-05-01,46,Female,Active,0
1199,2024-06-04,52,Other,Active,0
1957,2022-07-09,66,Male,Suspended,0
2676,2023-12-21,35,Other,Suspended,1
83,2022-10-13,18,Female,Active,0
361,2025-04-08,57,Male,Inactive,1
169,2023-09-07,39,Female,Inactive,0
171,2023-06-04,63,Other,Active,0
2613,2025-04-17,50,Male,Inactive,0
2216,2024-11-16,24,Female,Suspended,0
236,2024-03-20,22,Male,Inactive,0
262,2022-08-01,48,Male,Active,0
925,2025-01-07,39,Male,Suspended,0
2748,2024-10-10,58,Female,Inactive,0
1629,2024-11-18,41,Female,Active,0
196,2022-07-20,59,Male,Active,0
747,2023-10-23,55,Female,Active,1
1638,2023-03-25,30,Other,Inactive,0
584,2023-11-28,57,Other,Active,0
822,2023-02-02,46,Female,Inactive,0
1433,2023-07-20,65,Female,Inactive,0
1146,2023-02-02,28,Other,Suspended,1
1157,2023-05-19,59,Male,Active,0
948,2025-01-17,69,Male,Suspended,0
1186,2024-10-04,26,Female,Suspended,0
1239,2024-06-20,33,Female,Suspended,0
1507,2022-07-16,49,Female,Inactive,0
1385,2023-05-23,20,Male,Inactive,0
2487,2023-11-11,23,Male,Suspended,0
1291,2023-03-17,44,Male,Suspended,1
2081,2023-07-05,35,Male,Inactive,0
2038,2022-07-07,37,Male,Inactive,0
2803,2024-12-11,52,Male,Active,0
2616,2023-07-24,60,Other,Active,0
2792,2024-12-09,61,Other,Active,1
2780,2024-12-10,60,Female,Suspended,0
1986,2023-05-22,24,Female,Active,0
1158,2024-06-24,46,Other,Suspended,0
890,2022-07-18,65,Female,Active,0
1149,2022-08-12,35,Other,Inactive,0
2186,2024-09-01,18,Other,Active,1
490,2024-07-11,18,Female,Inactive,1
2937,2024-04-18,24,Female,Suspended,0
2223,2025-03-21,46,Other,Active,0
312,2024-10-24,37,Other,Active,0
335,2024-10-29,59,Male,Active,0
1280,2023-10-03,39,Other,Suspended,0
2874,2023-06-28,65,Female,Active,1
1150,2024-03-09,45,Female,Active,0
859,2023-09-11,28,Male,Inactive,0
2957,2022-06-03,50,Male,Active,0
879,2023-01-13,53,Female,Inactive,0
25,2022-10-18,30,Female,Inactive,0
959,2023-11-23,25,Female,Active,0
2939,2023-10-18,41,Male,Active,0
1136,2024-01-29,64,Female,Suspended,1
1799,2022-06-17,27,Male,Suspended,0
2654,2022-08-08,35,Other,Inactive,0
1145,2023-11-23,24,Male,Suspended,0
1616,2022-06-04,46,Male,Inactive,0
4,2024-09-20,57,Male,Active,0
1709,2023-08-10,69,Other,Active,1
253,2024-08-20,51,Other,Inactive,1
1268,2025-01-30,45,Other,Active,1
2394,2022-12-14,62,Male,Active,0
64,2025-01-13,47,Other,Inactive,0
2236,2025-04-11,31,Male,Suspended,1
494,2023-12-05,41,Female,Suspended,0
2678,2023-03-12,39,Other,Suspended,0
2084,2024-07-25,45,Other,Inactive,0
100,2024-07-09,19,Female,Active,0
645,2023-10-27,27,Female,Inactive,0
112,2025-03-12,32,Male,Inactive,1
2326,2024-11-29,44,Other,Active,0
254,2022-12-29,39,Other,Active,0
2215,2023-03-12,60,Female,Active,1
741,2023-08-09,50,Female,Inactive,1
2661,2024-01-19,31,Other,Inactive,0
1543,2023-02-23,28,Male,Active,0
940,2025-02-05,54,Female,Suspended,0
1102,2024-07-29,65,Other,Active,1
1594,2023-06-28,34,Other,Suspended,0
400,2023-03-10,67,Male,Active,0
1181,2025-04-07,61,Male,Inactive,0
66,2025-01-29,29,Other,Active,0
599,2024-07-24,38,Female,Inactive,0
2520,2023-01-22,58,Female,Suspended,1
2955,2022-05-11,48,Female,Suspended,0
2267,2024-07-05,45,Female,Inactive,0
2037,2022-12-26,30,Female,Active,1
1641,2025-01-20,54,Female,Active,1
243,2024-11-12,61,Male,Active,0
634,2023-03-31,49,Male,Inactive,0
1023,2023-07-05,36,Other,Suspended,0
1835,2024-08-19,46,Male,Active,0
43,2024-02-25,33,Male,Inactive,0
2488,2023-02-15,45,Other,Suspended,0
915,2022-05-04,22,Female,Suspended,0
2567,2022-09-17,67,Other,Active,0
963,2022-05-13,39,Other,Inactive,1
1621,2023-01-27,49,Female,Inactive,0
909,2023-10-21,44,Female,Inactive,0
777,2024-07-03,69,Other,Inactive,0
2840,2023-11-29,57,Female,Inactive,0
2686,2024-09-20,38,Other,Suspended,0
2953,2024-10-09,39,Other,Active,0
2303,2023-07-03,34,Female,Inactive,0
1590,2024-06-20,36,Other,Active,0
666,2023-09-01,34,Male,Active,1
2852,2023-04-27,29,Female,Suspended,0
1665,2025-01-03,32,Male,Suspended,0
2513,2022-10-21,19,Male,Active,1
2627,2023-05-31,65,Female,Active,1
1599,2025-01-28,45,Female,Suspended,0
1630,2023-05-04,30,Other,Active,0
2398,2023-04-10,34,Male,Active,0
1225,2024-05-10,58,Other,Active,0
2542,2023-05-04,50,Female,Inactive,0
1965,2023-12-10,57,Female,Inactive,0
2783,2024-11-29,57,Male,Suspended,0
134,2024-09-27,29,Male,Active,1
681,2024-09-20,33,Female,Active,0
88,2024-02-29,64,Female,Suspended,0
798,2024-01-09,36,Male,Active,0
1733,2022-06-21,47,Male,Active,1
1438,2022-10-02,26,Other,Active,1
102,2024-06-27,44,Other,Suspended,0
374,2024-10-06,51,Male,Inactive,0
2990,2022-12-19,31,Other,Inactive,0
2615,2024-07-24,52,Female,Suspended,1
2956,2024-08-24,42,Male,Inactive,0
842,2023-11-14,32,Other,Inactive,0
1360,2022-11-04,34,Female,Active,0
209,2024-07-29,57,Female,Inactive,0
2404,2022-11-24,34,Other,Active,0
804,2024-11-24,46,Other,Active,1
2951,2023-03-24,29,Female,Suspended,1
1031,2023-12-04,67,Male,Suspended,0
1779,2023-11-05,58,Female,Inactive,0
479,2024-06-28,26,Male,Inactive,1
2335,2024-08-07,43,Female,Active,0
1273,2022-12-08,52,Other,Active,0
2598,2025-03-05,41,Other,Inactive,0
680,2022-08-17,34,Other,Inactive,0
1670,2022-12-18,53,Other,Suspended,0
258,2022-05-12,53,Other,Inactive,0
1690,2022-08-15,31,Female,Suspended,0
2325,2025-03-21,68,Female,Suspended,0
417,2023-03-14,39,Female,Suspended,0
1523,2022-07-28,31,Other,Suspended,1
2640,2024-11-07,39,Male,Active,1
950,2023-06-17,64,Other,Inactive,0
685,2022-06-17,56,Other,Inactive,0
309,2023-03-28,29,Male,Inactive,0
183,2024-01-27,67,Other,Active,0
1219,2024-04-11,40,Male,Active,0
2740,2022-12-10,55,Male,Suspended,1
2320,2024-09-20,35,Male,Active,1
1279,2024-06-11,50,Other,Inactive,0
1772,2023-03-10,21,Female,Inactive,0
1959,2022-08-18,35,Male,Active,0
2208,2024-09-17,37,Female,Active,0
2574,2023-03-16,33,Other,Suspended,0
2842,2023-10-18,45,Other,Inactive,0
159,2025-01-06,38,Male,Inactive,0
2298,2024-02-03,37,Female,Inactive,0
1838,2024-03-23,65,Other,Active,0
2704,2024-04-17,32,Female,Suspended,0
569,2022-10-14,19,Female,Inactive,1
1489,2023-05-21,54,Other,Suspended,0
1366,2023-11-10,31,Male,Suspended,0
2597,2023-09-13,57,Other,Suspended,0
989,2023-04-30,26,Male,Active,0
438,2024-12-05,31,Female,Inactive,0
1458,2023-06-13,41,Male,Inactive,0
1446,2022-09-17,57,Female,Suspended,0
1585,2024-06-01,66,Male,Active,1
338,2023-05-14,36,Male,Suspended,0
2151,2022-08-03,51,Other,Active,1
566,2023-02-08,23,Male,Inactive,0
825,2022-10-26,59,Female,Active,0
2439,2023-04-05,20,Male,Active,0
2849,2022-12-18,19,Male,Inactive,0
35,2023-04-03,67,Male,Suspended,1
2646,2025-01-23,21,Male,Suspended,0
1969,2024-12-01,39,Female,Inactive,0
2945,2025-03-13,24,Female,Suspended,0
923,2024-10-23,21,Other,Active,0
757,2024-09-28,32,Female,Active,0
1846,2023-12-30,54,Female,Inactive,1
2447,2023-11-22,22,Male,Inactive,0
1606,2023-11-02,59,Male,Active,1
1070,2022-08-25,29,Other,Suspended,1
1851,2023-07-09,36,Female,Inactive,0
2089,2024-05-30,28,Male,Active,0
56,2025-02-13,57,Female,Active,0
1782,2024-11-11,69,Other,Suspended,0
2090,2022-12-17,62,Female,Inactive,0
282,2023-08-02,46,Male,Suspended,0
1096,2022-09-12,51,Other,Active,0
1311,2024-01-13,35,Female,Active,0
225,2023-10-02,22,Other,Active,0
1780,2023-05-12,37,Other,Suspended,0
2007,2023-11-09,62,Other,Inactive,0
1701,2024-08-10,38,Other,Inactive,0
2872,2023-09-17,24,Male,Suspended,0
389,2024-11-14,49,Male,Active,1
292,2022-07-29,18,Other,Inactive,0
1080,2025-01-14,42,Male,Suspended,0
1742,2022-08-19,37,Other,Suspended,0
2663,2024-09-17,32,Male,Suspended,0
95,2022-06-15,43,Other,Inactive,0
2864,2023-04-16,44,Male,Inactive,0
862,2025-02-05,44,Female,Inactive,0
1029,2022-09-30,27,Other,Suspended,0
2596,2023-05-25,41,Male,Suspended,1
316,2023-09-15,54,Female,Active,0
2169,2024-12-06,29,Male,Inactive,0
1112,2023-02-12,49,Male,Inactive,1
1627,2023-10-14,30,Female,Suspended,0
1703,2023-12-29,65,Other,Suspended,1
719,2023-10-09,35,Male,Inactive,0
2312,2024-07-19,31,Other,Active,1
734,2022-11-26,36,Male,Active,0
2132,2022-09-30,42,Female,Suspended,1
854,2023-01-26,56,Male,Active,0
701,2024-06-17,41,Female,Active,0
238,2023-09-12,64,Male,Inactive,1
1865,2022-08-22,42,Female,Suspended,0
653,2024-08-24,39,Male,Suspended,0
736,2023-12-16,39,Female,Active,1
1184,2023-03-04,68,Male,Suspended,1
2906,2022-09-14,55,Other,Suspended,1
2480,2024-08-18,51,Other,Suspended,0
2893,2023-08-16,30,Other,Active,0
2579,2022-11-01,23,Female,Suspended,0
2910,2024-07-16,18,Other,Active,1
2210,2024-04-13,24,Other,Suspended,0
2417,2024-02-12,60,Male,Active,0
273,2025-03-15,45,Other,Active,1
2469,2023-07-18,33,Male,Active,0
51,2023-08-23,44,Other,Suspended,1
1480,2025-04-20,66,Female,Inactive,0
2650,2025-03-05,38,Female,Active,0
181,2022-07-27,54,Male,Inactive,1
748,2024-03-18,54,Other,Suspended,0
819,2024-07-13,39,Other,Inactive,0
1205,2024-08-18,68,Other,Inactive,0
2742,2025-01-12,45,Female,Active,0
1647,2023-03-06,28,Female,Suspended,1
1597,2022-06-16,21,Male,Inactive,0
1502,2022-12-08,43,Female,Inactive,0
2012,2023-11-03,40,Other,Inactive,1
1906,2022-11-07,41,Female,Active,0
485,2022-12-27,49,Other,Active,0
1200,2024-01-17,57,Male,Suspended,0
563,2022-12-31,39,Male,Active,1
