customer_id,age,gender,income_bracket,location
1,79,Female,Medium,South Thomasstad
2,48,Female,High,South Alanstad
3,28,Male,Medium,East Roberta
4,25,Female,Low,Kimberlyton
5,39,Male,High,West Pamelafurt
6,71,Male,Low,Mooreborough
7,40,Male,Low,Port Markhaven
8,38,Male,High,South Whitney
9,32,Female,High,New Anita
10,62,Male,Low,Lake Vanessashire
11,40,Male,Low,Port Ashleyport
12,36,Female,High,Victoriastad
13,23,Female,High,Lake Alexanderberg
14,54,Female,High,New Brandon
15,49,Female,Medium,Brownfort
16,62,Male,High,Kington
17,50,Male,Medium,North Robert
18,52,Male,Low,South Christina
19,57,Female,Low,Maymouth
20,44,Male,Medium,Bradleymouth
21,71,Male,Low,New Robert
22,72,Female,High,Port Anthony
23,34,Female,High,Port Michael
24,48,Male,Medium,West Jasonton
25,70,Male,Low,Colontown
26,30,Male,High,Hornebury
27,29,Male,Low,South Laurenchester
28,36,Male,Medium,West Brian
29,34,Female,Medium,New Cheryl
30,69,Female,Low,South Ryanton
31,27,Female,Medium,New Wendyburgh
32,76,Female,Low,Annchester
33,65,Male,High,Ericaton
34,60,Female,Medium,North Pamelaborough
35,68,Male,Low,Meganborough
36,39,Female,Medium,East Robert
37,70,Male,Medium,Lucerofort
38,20,Male,Low,Sherriburgh
39,38,Male,Low,East Shaneville
40,35,Male,High,Bonniefort
41,80,Female,Medium,Lake Andrewstad
42,66,Female,Low,Benjaminstad
43,51,Female,Low,Maryville
44,66,Female,Low,Brendaside
45,44,Male,High,Archerburgh
46,72,Male,Low,North Maureen
47,46,Male,Low,Mayoton
48,79,Male,High,Scottbury
49,45,Male,High,North Christophershire
50,24,Female,High,Lake Toni
51,46,Female,Medium,Port Christina
52,67,Male,Low,Haydenville
53,80,Male,Medium,South Edward
54,37,Male,Low,Seanberg
55,67,Male,High,South Anamouth
56,68,Female,Medium,East Garyfort
57,44,Female,High,Josephland
58,39,Female,High,East Michaelfurt
59,37,Female,Medium,West Alicia
60,72,Female,Medium,North Robert
61,34,Female,Low,Port Deniseberg
62,33,Male,High,West Christopher
63,76,Female,Low,Port Tammybury
64,48,Female,Medium,Smithstad
65,43,Female,Medium,Port Michaelmouth
66,57,Male,High,East Michael
67,23,Male,Medium,East Angela
68,30,Male,High,Brownborough
69,58,Male,High,South Brittanyfurt
70,59,Male,Low,Lake Veronica
71,66,Female,Medium,New Jeremyfurt
72,25,Male,Low,South Jill
73,60,Male,Low,Daviston
74,73,Male,Medium,North Colinside
75,24,Female,High,Charleneberg
76,21,Male,High,Nicholsburgh
77,50,Male,Low,West Brianna
78,28,Male,High,New Patricia
79,19,Male,High,Billychester
80,39,Female,High,West Michelleton
81,29,Female,Low,South Matthewview
82,70,Female,Low,Christophermouth
83,54,Male,Low,Macdonaldside
84,49,Male,Medium,Taylormouth
85,32,Female,High,East Barbaraside
86,73,Male,High,New Paigebury
87,38,Male,Low,Davidshire
88,73,Female,Low,West Noahville
89,52,Male,Low,Greenbury
90,19,Female,Medium,West Codyview
91,39,Female,High,Lake Lisa
92,80,Female,Medium,Benjaminside
93,39,Female,High,Nunezport
94,80,Female,Low,Robertchester
95,50,Female,Medium,South Paul
96,65,Male,Low,Port Nicholas
97,22,Female,High,Brandonport
98,65,Male,High,Wallerview
99,70,Male,Medium,Murillohaven
100,72,Male,High,Judithberg
101,48,Male,Low,Barrettview
102,60,Female,High,East Jamesmouth
103,65,Female,High,New Vanessa
104,63,Female,Low,South Ericborough
105,49,Female,Medium,North Vanessaville
106,26,Female,Low,Port Robert
107,63,Female,Medium,West Karen
108,59,Male,Medium,Lake Mark
109,29,Male,Medium,Port Karen
110,33,Male,Medium,Port Linda
111,20,Male,High,Jessicahaven
112,60,Male,Low,Amandaland
113,34,Male,Medium,New Julieton
114,50,Male,High,Richberg
115,24,Female,High,Scottmouth
116,71,Male,Medium,Michaelside
117,67,Male,Medium,Haynesmouth
118,66,Female,High,South Heatherburgh
119,61,Male,High,Jamestown
120,57,Female,Medium,North Tonyaton
121,32,Male,Low,North Gabriellastad
122,62,Female,Low,West Garystad
123,64,Female,Low,Haroldside
124,45,Male,Medium,Lewisbury
125,21,Male,Low,Seanside
126,56,Male,High,New Eric
127,66,Male,High,Carterville
128,43,Male,Low,New John
129,42,Female,Medium,East Angelaside
130,63,Female,High,New Thomas
131,22,Female,Medium,Jennaborough
132,25,Male,High,Lake Jameshaven
133,18,Male,Low,West Codybury
134,70,Female,High,North Louisstad
135,80,Male,High,Heatherville
136,59,Female,Medium,Nixonview
137,58,Female,Low,Williamshire
138,27,Male,Low,Keithbury
139,26,Male,Low,East Beth
140,30,Female,Low,New Isaacfurt
141,57,Male,Medium,North Jamestown
142,45,Female,Low,Kingtown
143,58,Female,Medium,South Gregory
144,50,Female,Medium,Port Jenniferchester
145,76,Male,Medium,Port Kayleebury
146,62,Male,Medium,Stephenton
147,42,Male,Low,North Angelicamouth
148,47,Female,High,Lake Jeffery
149,62,Male,High,North Haley
150,30,Male,Low,Bowersborough
151,65,Female,High,Lake Stephen
152,30,Female,High,Port Theresa
153,19,Female,Low,Ericview
154,74,Female,High,North Ashley
155,46,Male,Low,West Zachary
156,54,Male,Low,West Timothyhaven
157,29,Male,Medium,Rachelview
158,60,Male,Low,Port Davidbury
159,59,Male,Low,New Jamesfort
160,47,Female,Low,West Mary
161,52,Male,Low,South Barbara
162,41,Female,High,Melodyport
163,51,Male,High,Port Tonyafort
164,74,Female,Medium,Garciaborough
165,73,Female,Low,Javierburgh
166,53,Female,High,South Maria
167,55,Female,Low,Michaelfurt
168,65,Male,Medium,Hancockberg
169,46,Male,High,Gregorychester
170,23,Male,High,Jessebury
171,36,Male,Low,Stonemouth
172,38,Male,High,Loribury
173,23,Male,Medium,Lake Stephen
174,36,Female,Medium,West Robertfort
175,70,Male,Medium,South Brookeland
176,66,Male,Medium,East Josephport
177,75,Male,High,Brownstad
178,55,Male,High,North Tommyfort
179,56,Male,High,Cynthiahaven
180,34,Female,Medium,South Toddberg
181,35,Male,Low,East Christopher
182,31,Male,Low,Johnsonburgh
183,41,Female,High,Brandonview
184,80,Male,High,Victoriamouth
185,23,Male,High,Christopherton
186,50,Female,Medium,Lake Thomas
187,67,Male,Low,East Charlesland
188,42,Female,High,West Haley
189,76,Male,High,South Alexander
190,56,Male,High,West Christineport
191,30,Female,Low,West Michael
192,62,Female,Medium,Port Alexis
193,80,Female,Low,Evansland
194,28,Male,Low,West Denise
195,31,Female,Medium,Kristinshire
196,76,Male,Medium,Laurashire
197,61,Male,Medium,Pricehaven
198,29,Female,Medium,Port Samanthashire
199,68,Male,High,Perezmouth
200,18,Female,High,East Kimberlyfurt
201,66,Female,High,Taylorview
202,32,Male,Medium,Alanshire
203,19,Female,Low,Steveland
204,21,Male,Low,Lake Sarahshire
205,49,Female,High,Port Peterside
206,24,Male,Medium,Port Michael
207,30,Female,Medium,New Matthewberg
208,56,Male,Low,Lake Christinefurt
209,51,Female,High,South Natalie
210,18,Male,Medium,North Justin
211,24,Male,High,Millerfort
212,32,Male,Medium,Michelleside
213,80,Female,Low,North Alexis
214,28,Male,Medium,Cameronfort
215,27,Male,High,Mcbridehaven
216,43,Female,Medium,East Patricia
217,45,Male,Low,Molinamouth
218,25,Male,Low,Kirstenhaven
219,56,Female,High,Port Vincentland
220,22,Male,High,Mcdonaldfurt
221,74,Female,Medium,North Jorgeside
222,42,Male,Low,East Christopher
223,23,Female,Medium,Petersfort
224,19,Female,Low,North Adrianburgh
225,66,Female,Medium,New Mandyport
226,34,Male,High,Lowerymouth
227,30,Male,Medium,Michaelburgh
228,23,Female,Low,Davidport
229,38,Female,High,West Stanley
230,36,Male,Low,Frankmouth
231,65,Female,Medium,Fisherfort
232,28,Female,High,South Davidville
233,42,Male,High,Travisberg
234,34,Male,High,West Jennifer
235,68,Female,Low,North Catherineville
236,47,Male,Low,Kellymouth
237,32,Male,Low,Port Jeffrey
238,71,Female,High,Melissabury
239,35,Female,Medium,South Robertland
240,36,Female,High,Evansfurt
241,50,Female,Low,Mcbrideborough
242,51,Male,Medium,Jeremyville
243,67,Male,Medium,West Tammy
244,47,Female,Medium,Brownhaven
245,36,Female,High,West Marcton
246,42,Female,High,South Natalieborough
247,56,Female,High,New Feliciafort
248,31,Female,Medium,Port James
249,67,Female,Medium,West Louis
250,50,Male,Medium,East Nancyview
251,36,Female,Medium,Washingtonfort
252,50,Female,High,Thomasmouth
253,27,Male,Low,New Noahview
254,46,Female,High,Joehaven
255,29,Female,Medium,Kathrynmouth
256,68,Male,Low,Lake Christineshire
257,48,Female,Medium,Freemanport
258,29,Male,Medium,South Crystalshire
259,69,Female,High,Port Johnburgh
260,25,Female,High,New Morgan
261,41,Female,High,Matthewtown
262,20,Female,Low,Catherinefort
263,32,Male,High,New Angelica
264,60,Female,Low,Brownstad
265,30,Male,High,South Joshuaside
266,49,Female,Medium,Christopherfurt
267,19,Female,Low,Buchananmouth
268,38,Female,Low,Garyshire
269,78,Female,Medium,Frenchstad
270,53,Male,High,Parksshire
271,25,Male,High,Port Christopherfurt
272,79,Female,High,Fisherfurt
273,55,Male,Low,South Caitlin
274,20,Female,High,West Aaronchester
275,40,Male,High,West Lauren
276,73,Female,Low,South Jennastad
277,47,Male,High,Patriciahaven
278,19,Male,High,Harrisstad
279,51,Female,Low,North Spencerburgh
280,66,Female,Medium,Milestown
281,78,Female,Low,Port Jacksonborough
282,43,Male,High,North Allison
283,34,Male,High,Francisburgh
284,72,Female,Medium,Lake Jonathan
285,66,Female,Medium,Thomaston
286,56,Female,Medium,Port Amandachester
287,47,Male,Low,Lake Jameschester
288,59,Female,Medium,North Steven
289,71,Male,High,New Charlestown
290,52,Female,Low,Taylorfort
291,63,Female,Low,Joycefort
292,18,Male,Low,Wileystad
293,37,Male,Low,Gonzalesmouth
294,43,Female,High,Jenniferfort
295,74,Male,Medium,Port Jennifertown
296,73,Male,Low,Alvarezfort
297,39,Female,High,Edwardside
298,29,Female,Medium,Summerbury
299,45,Male,Medium,Michaelburgh
300,29,Male,High,Petersenview
301,29,Male,High,Lake Gabrielport
302,74,Female,High,Lake Matthew
303,49,Male,Medium,Michaelstad
304,21,Female,High,Knightview
305,65,Male,High,West William
306,71,Male,Low,East Gregory
307,43,Male,Medium,Reneetown
308,60,Female,Low,Jasonborough
309,28,Male,Medium,South Nicole
310,35,Female,High,Lake Ryan
311,63,Male,High,Lake Jerome
312,37,Male,High,Bowmanchester
313,20,Male,Low,Mckayport
314,44,Male,High,North Emilytown
315,48,Female,Low,South Andrew
316,36,Female,Medium,Medinafurt
317,63,Female,Low,South Tina
318,46,Female,Low,Lake Brandon
319,79,Female,Low,South Russell
320,79,Male,High,Fullerstad
321,24,Male,Low,Port Christopherland
322,59,Male,High,Johnsonberg
323,21,Male,Medium,Lake Regina
324,27,Female,Low,New Micheleport
325,73,Male,High,West Donald
326,73,Female,High,Russellfurt
327,70,Female,Low,West Julie
328,73,Female,Low,West Erin
329,42,Female,Low,New Marcusshire
330,37,Female,Low,West Eric
331,78,Female,High,New Christopherview
332,63,Female,Medium,Brandonland
333,46,Female,High,West Alice
334,53,Female,Medium,South Angelaland
335,28,Male,High,Shanefort
336,52,Male,Medium,North Sabrina
337,26,Male,Low,Floresburgh
338,79,Female,Medium,Jessicatown
339,51,Male,Medium,North Catherineton
340,68,Female,Low,West Williamland
341,52,Male,Medium,North Lisaberg
342,40,Female,Low,South Thomasmouth
343,57,Female,High,Murphyfurt
344,26,Male,Medium,Meyerton
345,47,Female,Low,North Charles
346,75,Female,Medium,Kellyfort
347,76,Male,Medium,Richardtown
348,69,Male,High,Lake Michaelberg
349,59,Male,Low,Lake Jacquelinetown
350,36,Male,High,Port Rebeccatown
351,79,Male,High,East Thomas
352,33,Male,Medium,North Tammiemouth
353,50,Male,Low,Cherylbury
354,48,Female,Medium,Angelashire
355,45,Female,Medium,Stevenchester
356,78,Male,Medium,New Robertland
357,33,Female,High,North Ronald
358,32,Male,High,Thomasside
359,51,Female,High,South Jenniferland
360,56,Female,Low,Ortizmouth
361,38,Female,Medium,West Laura
362,39,Female,Low,South Wendytown
363,52,Female,Medium,Ericmouth
364,48,Male,Low,Nicholasfort
365,40,Female,Low,West Julieport
366,40,Male,Low,Jessicaville
367,38,Female,Medium,North Kylie
368,25,Male,High,Silvatown
369,68,Male,Medium,Fordstad
370,20,Female,Low,Chadshire
371,23,Male,Low,New Richard
372,33,Male,High,Barbarachester
373,72,Male,Medium,Danielberg
374,73,Female,Medium,Lake Jacqueline
375,71,Male,Low,Thomasmouth
376,69,Male,Low,Thomasberg
377,48,Female,Low,Fieldsport
378,34,Female,Low,Rioshaven
379,44,Female,Low,East Danielstad
380,54,Male,Low,Dickersonshire
381,20,Male,High,West Matthew
382,79,Male,Medium,Sarahmouth
383,59,Female,High,Port Frankburgh
384,80,Male,High,Roseview
385,18,Male,Low,New Josephfurt
386,77,Female,High,East Benjaminfurt
387,77,Female,High,North Bradview
388,51,Female,Low,Tonyahaven
389,71,Female,Medium,North Stephenhaven
390,38,Female,Medium,North Julietown
391,76,Male,High,South Emilymouth
392,28,Female,Medium,Fisherfurt
393,24,Male,Low,Davishaven
394,54,Female,High,Davidton
395,19,Female,High,Port Danielleborough
396,70,Female,Medium,North Anthonyfurt
397,67,Male,Low,East Louismouth
398,48,Female,Medium,Donaldfurt
399,61,Female,Low,Smithborough
400,18,Male,Medium,Bobbyshire
401,40,Female,Low,Angelaburgh
402,25,Male,Low,South Allison
403,30,Male,Low,Jonesville
404,35,Male,Low,Weberside
405,47,Male,High,East Kathrynview
406,35,Female,Low,West Janicefort
407,54,Female,High,East Hunterburgh
408,29,Male,High,Lorettaton
409,32,Female,High,Cherylchester
410,57,Female,Medium,West Hannahport
411,59,Male,High,East Jamesland
412,40,Female,High,Port Angela
413,21,Male,Medium,Collierfort
414,47,Female,Medium,Lopezburgh
415,79,Male,Medium,Lake Kathleen
416,18,Female,High,South Josephberg
417,21,Male,High,Angelaberg
418,31,Male,High,North Stephenhaven
419,19,Male,High,New Courtney
420,78,Female,Medium,Brennanview
421,42,Female,Medium,East Leslieburgh
422,46,Male,High,Geraldside
423,27,Female,High,North Zachary
424,29,Female,Medium,Smithbury
425,66,Female,Medium,Lake Christineburgh
426,44,Male,High,West David
427,62,Female,Medium,New Claytonshire
428,25,Male,Low,Stoneville
429,34,Male,High,Lake Christopherview
430,24,Female,Low,Lake Patriciaborough
431,38,Male,Medium,Lake William
432,43,Male,Low,Nancyview
433,53,Male,High,Gwendolynside
434,55,Female,Medium,Martinezshire
435,76,Female,Medium,Robertshire
436,71,Female,Medium,Lake Marissa
437,33,Female,Low,East Margaretview
438,33,Female,High,South Bradley
439,77,Male,Low,West Jordan
440,43,Female,Low,Jamesbury
441,44,Female,Medium,North Claudia
442,66,Male,High,Staceyburgh
443,25,Female,Low,Danielview
444,53,Male,High,Welchchester
445,20,Male,Low,Chadstad
446,69,Female,High,Wrightborough
447,51,Male,Low,Sarahborough
448,31,Female,Low,Port Alexis
449,78,Male,High,Brittanyville
450,43,Male,Medium,West Jennifer
451,40,Male,Medium,Lake Bryanview
452,22,Male,High,South Wesley
453,58,Female,Low,New Kyleville
454,20,Female,High,Sallychester
455,20,Male,Low,Lake Jasonshire
456,64,Female,High,Davidstad
457,50,Female,Low,Port Andrewport
458,59,Male,Medium,Zimmermanmouth
459,45,Male,Low,Port Kevinstad
460,68,Female,High,Kingfurt
461,38,Male,Medium,North Traceystad
462,72,Female,Medium,New Rebecca
463,65,Female,High,Katrinaport
464,61,Female,Low,Gutierrezfort
465,73,Female,Low,Amandafurt
466,61,Male,Medium,South Bradleyberg
467,65,Female,Medium,South Morgan
468,49,Female,Low,Dawnview
469,23,Female,High,Bowenberg
470,58,Male,Low,Victoriastad
471,59,Male,Medium,Katherinemouth
472,66,Male,Medium,Lake Matthewfort
473,52,Male,High,Alyssachester
474,65,Male,Medium,Contrerasville
475,36,Male,High,Lake Jonathan
476,76,Male,Low,Kingmouth
477,43,Female,Medium,Ashleystad
478,71,Female,Medium,Travismouth
479,42,Female,Medium,Huntton
480,44,Male,High,Sosaton
481,63,Male,Medium,Watkinsmouth
482,72,Female,Low,South Trevorport
483,34,Male,Low,Lindseyport
484,72,Female,Medium,Morganshire
485,45,Female,Low,Port Christinechester
486,49,Male,High,Amberville
487,28,Male,Low,Lisaside
488,31,Male,Low,North Justin
489,50,Male,Medium,Christineville
490,59,Male,Low,Gregorybury
491,44,Female,High,Port Melanie
492,24,Male,Low,New Travis
493,22,Female,Medium,South Christina
494,19,Female,Low,Port Daniel
495,19,Male,High,East Bruceside
496,26,Female,High,Phillipsmouth
497,26,Female,Medium,New Rickeyview
498,76,Female,Medium,Jeremiahborough
499,52,Male,High,New Sylviaborough
500,37,Female,Low,North Anthony
501,40,Female,Medium,Michelleborough
502,42,Male,Low,Brandonbury
503,56,Female,High,Danashire
504,32,Female,Low,Lake Matthewmouth
505,72,Male,Medium,Alexismouth
506,77,Male,Medium,New Brandy
507,32,Male,Medium,Zunigamouth
508,37,Female,Medium,Port Donnaberg
509,68,Female,Low,New Carl
510,44,Female,High,Davishaven
511,49,Female,Medium,Danielfort
512,67,Female,Low,Collinsview
513,66,Female,Medium,Port Sarahstad
514,71,Male,Medium,North John
515,32,Male,Low,Walkerville
516,80,Male,Low,West John
517,63,Male,Medium,Heatherborough
518,42,Male,Low,Brandonton
519,73,Female,Low,New Jennifertown
520,44,Male,Low,South Kim
521,65,Female,Medium,North Williamfurt
522,45,Female,Medium,Lake Michellemouth
523,18,Male,Low,Perezshire
524,30,Male,Medium,North Christine
525,41,Female,Low,Maryshire
526,58,Female,Medium,Petersenborough
527,34,Female,Medium,West Miguelton
528,41,Female,Low,Donaldsonchester
529,58,Female,Low,South Michael
530,79,Female,High,Dianeshire
531,51,Male,Low,Carolynstad
532,18,Male,High,New Lucas
533,62,Male,Low,Andrewsshire
534,68,Female,Medium,Lake Kimberlyside
535,29,Female,Low,West Debra
536,20,Female,High,Hernandezside
537,75,Female,Medium,Cooleyland
538,68,Female,High,South Kyle
539,48,Male,High,Adamshire
540,58,Male,Low,Suarezborough
541,47,Male,Low,Robinsonview
542,56,Female,High,North Samanthashire
543,53,Male,Medium,East Nicholas
544,18,Male,Low,Fergusonbury
545,55,Male,Low,Lake Amyland
546,49,Male,High,Wardfort
547,45,Female,Medium,Davisport
548,47,Male,High,Hawkinstown
549,71,Female,High,Morenoburgh
550,74,Female,Low,South Michelleborough
551,33,Male,High,West Derekton
552,54,Male,High,Shawton
553,69,Female,Low,Noahshire
554,58,Female,Medium,Duarteside
555,63,Male,Low,Brianbury
556,50,Female,Low,South Jamesland
557,71,Male,Medium,New Kathleen
558,64,Male,High,Johnsonside
559,70,Male,Medium,New Wendy
560,67,Female,Low,West Steven
561,73,Female,Low,North Eric
562,52,Female,Low,Ericfort
563,29,Male,Medium,Nancyhaven
564,73,Male,High,Smithland
565,68,Female,Low,Lindseychester
566,47,Female,Medium,Gibsonborough
567,21,Male,Medium,Mccallton
568,73,Male,Low,Kristenhaven
569,30,Male,High,Perkinstown
570,58,Female,High,Biancamouth
571,50,Male,High,Omartown
572,27,Female,Low,East Stephenmouth
573,69,Male,Low,Jasonmouth
574,24,Male,Low,Reginaldfort
575,44,Male,High,South Nicole
576,65,Male,Low,Lake Kristy
577,40,Male,Medium,Petersonside
578,49,Male,Low,New Renee
579,57,Male,High,Herringhaven
580,21,Female,Medium,Douglasmouth
581,54,Female,Low,Jamesview
582,77,Female,High,Ianbury
583,63,Male,Low,West Johnshire
584,36,Female,High,Erinborough
585,35,Female,High,New Connorstad
586,57,Female,Low,Donaldland
587,21,Male,High,New Sandratown
588,58,Male,Low,Thomasmouth
589,61,Male,Low,West Justinfurt
590,19,Female,High,Christineview
591,37,Female,Low,New William
592,49,Male,High,Dianaberg
593,64,Female,Low,Lake Bryanfurt
594,73,Male,High,Matthewmouth
595,67,Male,Medium,Amandaland
596,43,Male,Low,Duartefurt
597,39,Female,High,Matthewshire
598,26,Male,Low,Goodmanfurt
599,68,Female,Medium,Port David
600,48,Female,Low,South Christineshire
601,74,Female,Low,East Holly
602,49,Male,Low,Martinmouth
603,52,Male,High,Veronicahaven
604,58,Male,Low,Bridgesmouth
605,61,Female,Low,Lake Thomasmouth
606,61,Female,Low,Port Alexisberg
607,65,Female,High,Port Crystalside
608,63,Female,Low,Hendersonbury
609,25,Male,Low,Port Craigmouth
610,39,Male,High,East Rogerton
611,34,Female,High,East Danielchester
612,43,Male,Low,Lake Linda
613,50,Female,High,Burchtown
614,64,Female,Medium,Lyonsville
615,67,Female,High,New Nicole
616,28,Female,Medium,Finleyborough
617,78,Male,Low,Patricktown
618,51,Female,Medium,Benjaminmouth
619,65,Female,Medium,Port Thomasland
620,71,Male,Medium,Port Luisport
621,20,Male,Medium,Kimberlyton
622,28,Female,Low,Port Anna
623,25,Female,Medium,North Lesliestad
624,59,Male,Low,Martinshire
625,21,Female,High,Lake Kellyville
626,18,Male,High,East Aliciashire
627,48,Male,Low,East Aliciaside
628,19,Male,Low,New John
629,35,Female,High,Port Loganton
630,63,Male,High,Lake Cody
631,57,Male,Low,Irwinmouth
632,66,Male,Medium,Port Johnburgh
633,22,Female,High,South Barbaramouth
634,41,Male,Low,Rogersville
635,68,Male,Medium,New Wendyhaven
636,29,Female,High,Stevenmouth
637,23,Male,Medium,East Williamhaven
638,30,Female,Low,Lake Kellymouth
639,29,Female,High,Moniqueton
640,23,Male,Medium,Marymouth
641,72,Male,High,New David
642,42,Female,Low,Lorettastad
643,57,Male,Medium,South Joseph
644,80,Male,Medium,Jenniferbury
645,65,Male,Low,New Beth
646,72,Male,High,North Laurieton
647,33,Male,Low,Lake Tracyton
648,34,Male,Medium,Dawnfort
649,78,Female,Low,West Todd
650,50,Male,High,Whitneyland
651,60,Male,Medium,Dianeview
652,22,Female,Low,Amberburgh
653,50,Male,High,Port Jasonmouth
654,77,Female,Medium,Saramouth
655,49,Male,Medium,South Lauraborough
656,76,Male,Low,Port Jameshaven
657,50,Female,Low,Markchester
658,32,Male,High,Allenfurt
659,32,Male,Low,East Jacob
660,80,Female,Low,Harveystad
661,76,Female,Medium,Port Harold
662,29,Male,Low,Port Danny
663,33,Female,Low,Port Julieport
664,38,Female,Low,Dianehaven
665,76,Female,Low,Lake Lindaborough
666,59,Male,Low,Williamsfurt
667,40,Male,High,Kathrynstad
668,34,Female,Medium,Lake Danielhaven
669,66,Female,Low,South Donaldville
670,52,Male,High,Mullinsbury
671,35,Male,Low,Lake Brandon
672,28,Male,High,North Matthew
673,37,Male,High,Gonzalezborough
674,72,Female,Medium,West Scottview
675,27,Male,High,Garystad
676,76,Male,High,South Tina
677,42,Male,High,Port Bryanville
678,50,Male,High,North Davidview
679,19,Female,Low,New Rachelfort
680,35,Male,High,West Mariamouth
681,45,Male,Low,Ortizborough
682,76,Female,Medium,Kevinborough
683,56,Female,High,Danielshaven
684,78,Female,Medium,Port Joshua
685,66,Female,Low,Margaretburgh
686,76,Male,Medium,Andersonview
687,20,Male,Low,Wilsonview
688,46,Male,Medium,Rodriguezberg
689,63,Female,High,Port Christineside
690,64,Male,Medium,Benitezfort
691,65,Female,Medium,Bruceport
692,33,Male,High,Jamieside
693,59,Male,Medium,Michaelberg
694,48,Male,High,South Janechester
695,41,Male,Medium,West Jeremy
696,18,Female,High,Morrisonfort
697,27,Male,Low,New Marthamouth
698,35,Male,Low,South Michael
699,24,Female,High,Cookview
700,42,Female,Low,Millershire
701,56,Male,High,Saraside
702,22,Female,Low,Franceston
703,51,Male,Medium,West Dylanside
704,36,Male,High,East Jean
705,53,Male,High,Melissatown
706,69,Male,High,North Richard
707,70,Female,Medium,Barbaratown
708,67,Female,Low,Blankenshiptown
709,58,Male,Low,New Steven
710,27,Male,High,Keithville
711,21,Female,Low,North Martha
712,50,Female,High,Port Tiffanyview
713,73,Female,Medium,North Albertmouth
714,64,Male,Low,East Amber
715,19,Female,Low,New Jasonfort
716,43,Female,High,Williamstad
717,45,Female,Medium,Shannonton
718,54,Female,Low,South Jim
719,52,Female,High,Lisaton
720,55,Male,Low,South Lauren
721,70,Male,Medium,Lake Michaelstad
722,59,Male,Medium,Port David
723,31,Female,Low,Jacobport
724,47,Male,High,Johnland
725,54,Female,Medium,Kellymouth
726,61,Male,Low,Rebekahmouth
727,42,Male,Medium,Keithborough
728,26,Female,Low,Lake Kyleside
729,76,Male,High,Lake Timothy
730,57,Male,Medium,South John
731,45,Male,Low,Timothyborough
732,74,Female,Low,Norrismouth
733,36,Female,Medium,Thompsonbury
734,61,Female,High,Brittneyside
735,67,Male,High,South Carlbury
736,21,Male,High,Lake Kathryn
737,60,Male,High,West Connieberg
738,35,Male,Low,West Susan
739,64,Male,Low,West Virginiaview
740,44,Female,Medium,New Bethany
741,80,Female,Medium,Lake Stanleyland
742,77,Female,High,Zacharychester
743,28,Male,Low,South Mallory
744,46,Male,High,North Rogerborough
745,77,Male,Medium,Tiffanyborough
746,55,Male,Medium,Englishland
747,25,Male,High,Mckeemouth
748,40,Female,Medium,Darrellville
749,69,Female,High,Port Clayton
750,61,Female,Low,Hallfort
751,60,Female,High,North Robertview
752,49,Female,Low,North Sarahport
753,29,Male,High,Brianburgh
754,42,Male,High,North Juanchester
755,40,Female,Low,North Donburgh
756,32,Male,Low,New Tinaburgh
757,23,Male,High,Johnnyport
758,80,Male,High,Vancemouth
759,25,Female,High,South Gina
760,24,Male,Medium,South Danastad
761,27,Female,High,New Justin
762,69,Female,Medium,Lake Michaeltown
763,59,Male,Low,Port Eric
764,43,Female,Low,Fernandezfort
765,33,Male,Medium,Ericbury
766,67,Female,Medium,Lake Virginiaport
767,34,Male,High,New David
768,18,Male,Medium,Aaronshire
769,52,Female,Low,Wrightbury
770,39,Female,Low,Amandaburgh
771,22,Female,Low,Kellihaven
772,22,Male,Low,Lake Cody
773,30,Female,Low,Sanchezfort
774,35,Male,Medium,Port Ashleyville
775,32,Female,Low,Kimberlychester
776,46,Female,High,Port Peter
777,25,Female,Medium,Lake Randy
778,62,Male,Low,South Erica
779,40,Male,Low,Jenniferville
780,28,Female,Low,Bellstad
781,57,Male,Low,West Christina
782,43,Female,Low,Jeremyfurt
783,64,Male,High,South Jose
784,50,Male,High,Anthonybury
785,32,Male,High,Port Melissafurt
786,42,Male,Medium,Glennton
787,65,Female,High,Port Scott
788,49,Male,Low,Kevinchester
789,75,Male,High,Lake William
790,54,Male,Low,Smithmouth
791,24,Female,High,North Brianside
792,34,Male,High,East Ryantown
793,44,Female,Low,New Deanna
794,31,Female,High,Amandafurt
795,54,Male,High,Danielshire
796,75,Male,Medium,Johnnyview
797,20,Female,Medium,Lake Laurenhaven
798,18,Female,Medium,Walterstad
799,21,Male,Medium,South Zachary
800,39,Female,Medium,East Stephanieborough
801,23,Male,Medium,Michelleburgh
802,48,Female,Low,Jeffreymouth
803,27,Female,Low,Port Gailchester
804,26,Male,High,East Valerie
805,74,Female,Low,Port Justinport
806,35,Male,High,North Matthewville
807,66,Male,Medium,Juliefort
808,42,Male,Medium,Chambersport
809,34,Male,Low,Stephensonville
810,41,Male,Low,Port Heidiport
811,67,Female,Low,West Dannyville
812,61,Female,Low,New Victoria
813,48,Female,High,South Aaronton
814,48,Female,Medium,Stoneburgh
815,44,Male,High,Adamsburgh
816,45,Male,Medium,New Joseph
817,42,Male,Low,Floresside
818,70,Female,Low,West Brucechester
819,71,Female,Low,Haasland
820,62,Female,High,Rojashaven
821,45,Male,Medium,Angelaport
822,43,Female,High,Colemanfort
823,37,Female,Low,Burkehaven
824,56,Female,High,West Cassandra
825,46,Female,Low,New Brandon
826,75,Male,Low,Port James
827,64,Female,Low,Lake George
828,51,Female,Low,Hickmanberg
829,48,Male,Low,New Miguelmouth
830,63,Male,Low,Madelineton
831,21,Male,High,Amberland
832,67,Male,Low,Riceborough
833,69,Female,Medium,Sheilafurt
834,77,Male,Medium,Peckport
835,66,Male,High,West Josephville
836,38,Female,High,Sabrinaborough
837,61,Male,High,West Jerry
838,78,Male,High,Jefferyshire
839,39,Female,High,West Thomasburgh
840,79,Male,Low,Lindamouth
841,50,Male,Low,Michelleview
842,46,Male,Medium,Kimport
843,46,Female,Medium,North Gary
844,41,Female,High,New Rebecca
845,64,Female,High,Parkhaven
846,29,Female,High,East Michael
847,51,Male,Medium,Lake Kathrynmouth
848,62,Male,High,New Christineland
849,65,Female,Low,East Kimberly
850,80,Male,Low,Wheelerfort
851,22,Male,Low,Port Sara
852,24,Male,High,Kurtfurt
853,41,Male,Medium,Justinville
854,28,Female,High,New Veronicaland
855,63,Female,Low,Johnshire
856,18,Female,Low,South Alejandro
857,67,Male,Medium,South Crystal
858,46,Male,High,Port Heatherchester
859,27,Male,Medium,East Joshuahaven
860,36,Male,Low,East Sheri
861,54,Male,High,Lake Natalie
862,73,Male,Low,Lake Vincent
863,53,Male,High,Joelton
864,48,Female,High,West Austin
865,60,Male,Low,Lake Lisaton
866,61,Male,High,New Tony
867,57,Male,Medium,Murphychester
868,24,Male,High,North Wesleymouth
869,24,Male,Medium,New Frances
870,80,Female,Medium,Port Sherriside
871,62,Male,High,Beverlyville
872,62,Female,Medium,Ronaldview
873,76,Female,Medium,Youngberg
874,50,Female,High,East Tara
875,34,Female,Low,New Robert
876,69,Male,Low,South Josephton
877,55,Female,Low,Hurleyfort
878,54,Male,Medium,New Johnborough
879,77,Female,Low,Christophermouth
880,24,Male,Medium,North Robertberg
881,19,Female,Medium,Proctortown
882,27,Male,Low,New Davidport
883,44,Male,High,Adamsfurt
884,74,Male,High,North Amberstad
885,24,Female,Low,West Gabriel
886,78,Male,Medium,Joshuaburgh
887,47,Male,Low,Juanmouth
888,19,Female,Low,Kimberlyton
889,59,Male,High,Lake Deborah
890,28,Male,High,Lake Tammy
891,54,Female,Low,South Sydneyberg
892,30,Male,High,Walkerport
893,47,Male,Medium,East Crystal
894,77,Female,Low,New Dianefort
895,67,Female,High,Port Cindyview
896,64,Male,Low,Kimberlyborough
897,54,Male,Medium,Rodriguezfort
898,51,Female,High,Michealtown
899,21,Female,Medium,Melissaview
900,68,Female,Medium,New Thomasview
901,35,Male,Low,East Erika
902,44,Male,High,Camposmouth
903,24,Male,Medium,South Angelica
904,26,Female,High,Jessicatown
905,26,Female,High,East Jacobberg
906,39,Female,Low,Charlesbury
907,36,Male,Medium,New Stephanieton
908,48,Female,Low,Port Tanya
909,23,Male,Medium,Kendraview
910,31,Male,High,Colleenbury
911,28,Female,Medium,East Ronald
912,40,Male,Medium,Lopeztown
913,58,Female,Low,Port David
914,26,Female,Low,Jamesport
915,70,Female,High,Bullockside
916,72,Female,Low,Reyesburgh
917,19,Male,High,Oconnormouth
918,71,Female,High,Kaylaview
919,46,Female,Medium,Lake Richard
920,66,Male,High,South Paul
921,71,Male,High,Port Kevin
922,47,Male,Medium,Hatfieldburgh
923,44,Female,Low,Julieberg
924,46,Male,Low,East Meaganton
925,30,Female,Medium,Rhondaberg
926,76,Female,Medium,New Angelastad
927,21,Female,Medium,Watersport
928,21,Male,Medium,East Robert
929,30,Female,Medium,Sherrichester
930,58,Male,Medium,Collinston
931,49,Male,Low,Burchstad
932,27,Male,Medium,North Dana
933,19,Male,High,Huynhville
934,39,Male,High,South David
935,35,Female,Medium,Loristad
936,47,Female,Low,East Debraland
937,29,Male,High,North Danielle
938,73,Male,High,Alexandershire
939,48,Male,Low,Bonniemouth
940,22,Male,Low,Weberborough
941,40,Male,Medium,New Jonathanton
942,18,Male,Medium,Fullermouth
943,57,Female,High,Wilsonborough
944,27,Female,Medium,South Juliechester
945,28,Male,Low,Carrtown
946,48,Female,Medium,Jensenchester
947,60,Male,Low,Cowanstad
948,34,Female,Medium,Port Tinaberg
949,68,Male,High,Kimberlyburgh
950,66,Female,High,New Jenniferview
951,54,Female,Medium,Taylorville
952,51,Male,Low,New Michelleland
953,76,Female,Low,North Alex
954,66,Female,Low,West Jaredshire
955,74,Male,Low,Mackton
956,42,Female,Low,Port Robertberg
957,79,Female,Medium,Millerberg
958,18,Female,Medium,Josephberg
959,31,Male,Low,West Robertton
960,62,Female,High,Port Dianaton
961,21,Female,Low,Port Jeffreymouth
962,53,Male,Medium,North Samantha
963,74,Male,High,Julieburgh
964,39,Male,Low,West Cynthia
965,62,Male,Medium,New Christinabury
966,33,Female,Medium,New Jason
967,72,Male,Low,New Taylorport
968,36,Female,Medium,New Cameronville
969,23,Female,Medium,Shannonmouth
970,73,Male,Low,New Adam
971,18,Female,Low,Haasfurt
972,55,Female,Medium,Orrmouth
973,69,Male,High,Port Maureenmouth
974,58,Male,Low,Davidfurt
975,75,Female,Low,Michaeltown
976,39,Female,High,Stephaniefort
977,24,Male,High,Andersonshire
978,51,Female,Medium,West Juliehaven
979,68,Female,Low,New Edwardtown
980,19,Female,Low,Austinland
981,66,Male,Low,Lake Michaelchester
982,23,Male,High,Wallburgh
983,72,Female,High,North Joseph
984,80,Female,High,South Joseph
985,20,Male,Low,Ashleyside
986,73,Male,Low,East Robin
987,53,Female,Medium,New Brian
988,76,Male,Medium,West Belinda
989,38,Female,Low,Heatherchester
990,79,Female,Low,Markbury
991,68,Female,High,Daveport
992,26,Female,Medium,West Ebonyside
993,31,Female,Low,Danieltown
994,80,Female,Medium,Port Tiffany
995,44,Male,Medium,Lake Benjamin
996,72,Male,Medium,East Timothyhaven
997,26,Male,Medium,South Gary
998,49,Male,Low,New Edwardbury
999,30,Female,High,Bushhaven
1000,70,Male,Low,Anthonyhaven
1001,56,Male,Medium,Rodriguezmouth
1002,36,Male,Medium,East Judystad
1003,29,Male,High,North Erinhaven
1004,58,Female,High,Lake Timothy
1005,66,Male,Low,Sarahton
1006,49,Female,Medium,Palmerberg
1007,22,Female,Medium,Johnsonview
1008,21,Female,Medium,New Candaceville
1009,69,Male,Low,Wattsport
1010,34,Male,High,East Melissafort
1011,25,Male,Medium,Walkerchester
1012,79,Female,High,Parsonsmouth
1013,65,Female,Low,South Joshua
1014,34,Male,Medium,Port Adrian
1015,38,Male,Low,Perezfurt
1016,21,Female,Low,North Sonya
1017,30,Male,High,Morrowview
1018,61,Female,High,East Cynthiamouth
1019,73,Male,Low,Donnatown
1020,77,Male,Medium,Hesshaven
1021,38,Male,Low,Aguilarton
1022,73,Male,High,Joville
1023,34,Female,Medium,South Jacobshire
1024,54,Female,High,Wallerfort
1025,45,Male,Medium,North Wesleyport
1026,78,Female,Low,Lake Johnfort
1027,51,Female,Medium,East Chrisview
1028,68,Female,High,Johnburgh
1029,58,Female,Low,West David
1030,54,Female,High,New Victor
1031,46,Male,High,South Annborough
1032,57,Male,High,Port Paul
1033,55,Female,Medium,West Jamesfort
1034,62,Female,Low,Port Sarahside
1035,44,Male,High,New Laurafort
1036,64,Male,Low,Stephenton
1037,71,Male,Low,Laurenhaven
1038,50,Female,Medium,East Stephaniechester
1039,78,Male,High,Port Dustin
1040,54,Female,High,Desireefort
1041,38,Female,High,New Sergiomouth
1042,29,Female,Low,Curtischester
1043,31,Female,Low,Port Nicole
1044,47,Female,Low,Port Randy
1045,52,Female,Low,New Chelseafort
1046,28,Female,High,Smithland
1047,42,Male,Medium,North Johnfort
1048,56,Female,Low,Laurenside
1049,51,Female,Medium,Riosborough
1050,48,Female,High,Lake Andrew
1051,21,Male,Medium,Connerhaven
1052,79,Female,Medium,New Toddfort
1053,44,Female,High,North Perry
1054,32,Female,High,Lake Summer
1055,40,Male,Medium,New Karen
1056,18,Female,Low,West Alyssahaven
1057,38,Male,Low,South Laura
1058,76,Female,High,Kelliton
1059,79,Female,High,Lake Chadborough
1060,40,Female,Low,West Evanland
1061,25,Female,Low,South Carrie
1062,20,Female,Low,North Joseph
1063,69,Female,High,West Sheila
1064,47,Male,Low,Lake Jerry
1065,74,Male,Medium,West Stephanieberg
1066,30,Male,Low,West Davidtown
1067,51,Female,High,South Shari
1068,56,Male,Low,South Christopherchester
1069,59,Female,High,Hartview
1070,64,Female,Low,Lake Robertville
1071,38,Male,Low,Marshshire
1072,75,Male,High,Robertmouth
1073,45,Male,High,South Robertmouth
1074,30,Female,Medium,Sharimouth
1075,26,Male,Medium,Matthewfort
1076,64,Male,High,Mirandahaven
1077,22,Female,Low,Oconnellmouth
1078,54,Female,Low,East Dennishaven
1079,21,Female,Medium,Reynoldsfort
1080,65,Female,Medium,East Roseburgh
1081,74,Female,Medium,Matthewshaven
1082,48,Female,Medium,Bethmouth
1083,46,Female,High,West Dustin
1084,78,Female,High,North Denise
1085,21,Male,Medium,West Justin
1086,48,Female,Medium,West Loriview
1087,36,Male,Medium,Lake Megan
1088,53,Female,High,Derrickmouth
1089,74,Male,Medium,South Alexis
1090,40,Male,High,North Bryanfort
1091,45,Female,Low,Port Stephen
1092,59,Male,Low,Danielburgh
1093,36,Male,High,Torresville
1094,39,Female,Medium,West Lynnport
1095,75,Female,Medium,Jeffreyfort
1096,54,Female,Low,Rodriguezbury
1097,74,Female,High,Port Kevin
1098,34,Male,Low,Lake Georgeland
1099,29,Female,Low,West William
1100,77,Female,Low,West Melaniemouth
1101,46,Male,Low,Emilyland
1102,45,Female,Low,South Josephview
1103,65,Female,Low,Williamberg
1104,64,Male,High,Loganland
1105,43,Male,Medium,New Mathew
1106,43,Male,Medium,Madisonmouth
1107,75,Male,Low,Andrewborough
1108,61,Male,High,Douglasside
1109,67,Male,Medium,South Waltermouth
1110,19,Female,High,Chandlermouth
1111,43,Female,High,Lake Davidton
1112,33,Female,High,North Angelicaside
1113,32,Male,High,Port Tiffany
1114,76,Male,Medium,North Jessica
1115,45,Male,High,South Virginia
1116,49,Female,High,Stoneport
1117,25,Male,Low,Robbinsborough
1118,67,Female,Low,Harveystad
1119,43,Male,High,South Parkerborough
1120,28,Male,High,Lake Michelleborough
1121,21,Female,Medium,Brownchester
1122,79,Male,Medium,Hernandezview
1123,27,Female,Medium,North Hollymouth
1124,21,Female,Low,Doughertyview
1125,79,Female,High,North Jacob
1126,31,Male,Medium,South Carolinemouth
1127,61,Female,Low,Lake Richard
1128,56,Female,Medium,North Coleside
1129,74,Male,Medium,New Williamchester
1130,27,Male,High,Melendezchester
1131,23,Male,Medium,Veronicastad
1132,59,Female,Low,Port Erin
1133,27,Male,High,South Melissa
1134,80,Male,Medium,Lake Jacobmouth
1135,51,Male,Low,South John
1136,45,Male,Low,West Mary
1137,35,Female,Low,Danielletown
1138,49,Male,Low,Melissaborough
1139,76,Female,Medium,Lake Gabrielle
1140,38,Female,Low,Keyhaven
1141,40,Male,High,New Maryborough
1142,19,Male,High,Danielshire
1143,40,Male,High,South Jenniferside
1144,18,Female,High,Cranechester
1145,34,Male,High,Yodermouth
1146,64,Male,Low,Kimborough
1147,70,Male,High,South Shawn
1148,56,Male,Low,Ashleyport
1149,49,Female,Medium,Deniseton
1150,44,Female,Medium,Lake Joseph
1151,68,Female,High,Jamesberg
1152,76,Female,High,Port Sophia
1153,26,Male,Low,Lake Charlene
1154,18,Male,Low,Noahbury
1155,80,Female,Medium,North Alex
1156,41,Female,High,Paulport
1157,65,Female,Medium,Loganview
1158,51,Male,Low,Mckeeside
1159,59,Female,Low,Port Patrick
1160,76,Male,High,Dylanchester
1161,22,Male,High,Brittanymouth
1162,78,Male,Low,Anthonyshire
1163,66,Male,Low,Kimmouth
1164,29,Male,Medium,Port Christineborough
1165,61,Male,Low,Davistown
1166,79,Female,Medium,Johnsonland
1167,34,Male,Low,North Jason
1168,61,Female,High,Port Billychester
1169,25,Female,Medium,Justinmouth
1170,69,Female,High,Abbottview
1171,70,Male,High,North Misty
1172,44,Male,High,Lake Jadeview
1173,73,Male,High,Smithberg
1174,32,Male,Medium,North Dylan
1175,79,Female,Medium,Pattersonhaven
1176,57,Male,Medium,Cooperport
1177,63,Female,Low,Ericborough
1178,43,Female,High,Jamesland
1179,47,Male,Medium,South Cherylshire
1180,68,Female,High,South Andrewville
1181,55,Male,Medium,Julietown
1182,56,Male,Medium,Alanhaven
1183,27,Male,High,East Terrance
1184,39,Female,Medium,Jordanton
1185,45,Female,Low,New Vanessa
1186,34,Female,High,Port Steven
1187,37,Male,Low,Monicaberg
1188,29,Male,High,New Melissaburgh
1189,47,Male,Medium,Lake Kimberly
1190,47,Male,Medium,West Patrickchester
1191,50,Female,Low,North Kathy
1192,19,Male,High,Richardstad
1193,43,Female,High,Wendymouth
1194,65,Female,Medium,Beltranton
1195,24,Male,Low,Lauraland
1196,61,Male,High,Elizabethtown
1197,45,Male,High,Lake Lisaburgh
1198,46,Female,Medium,Port Jennabury
1199,28,Male,Medium,New Kevinburgh
1200,58,Female,Medium,Timothymouth
1201,59,Male,Low,Robertport
1202,24,Male,Medium,Lake Damon
1203,67,Female,High,East Johnnytown
1204,62,Male,Medium,North Emily
1205,39,Male,High,South Kevin
1206,37,Female,High,South Catherinestad
1207,58,Male,Low,Vincentburgh
1208,34,Male,Medium,South Donaldborough
1209,76,Male,Medium,Wilsonchester
1210,23,Female,Medium,New Justinstad
1211,20,Male,Low,Harrellburgh
1212,35,Female,Low,Hornland
1213,23,Male,Medium,Lake Maurice
1214,34,Female,High,Kyleton
1215,80,Male,Low,Wandaburgh
1216,47,Male,High,West Samanthachester
1217,25,Male,High,Foleychester
1218,63,Male,Low,Edwinchester
1219,47,Male,Medium,Kingburgh
1220,44,Female,High,Bonillamouth
1221,66,Female,High,Port Joshuamouth
1222,43,Male,Medium,Reedfurt
1223,78,Female,Low,North Michael
1224,48,Male,Low,East Colleenview
1225,66,Male,Low,South Katrina
1226,18,Male,Low,East Andrewchester
1227,67,Female,High,Lake Deborah
1228,18,Male,Medium,Johnsonburgh
1229,21,Female,Medium,Smithhaven
1230,26,Male,Medium,Edwardton
1231,47,Male,High,East Carrie
1232,31,Female,Low,Thomasberg
1233,46,Female,High,East Toddbury
1234,66,Male,Low,Markmouth
1235,75,Female,High,Port Anthonyfort
1236,53,Female,Low,Chavezborough
1237,52,Male,Medium,New Kristen
1238,57,Female,High,Janeborough
1239,19,Male,Low,North Jessicaborough
1240,35,Male,Medium,Cynthiaport
1241,63,Female,Medium,North Kevinfurt
1242,23,Male,Low,West Briannaville
1243,60,Male,High,West Michaelmouth
1244,50,Female,High,Jeremyview
1245,78,Male,Medium,Kendraton
1246,57,Female,Medium,Sarahburgh
1247,51,Male,Medium,Thomaston
1248,62,Female,Low,Christinefurt
1249,28,Male,Medium,Lake Emily
1250,23,Male,High,New Christopher
1251,29,Female,Medium,Boydmouth
1252,48,Female,Low,Lake Maria
1253,57,Male,High,South Jesseside
1254,27,Male,Low,New Jameston
1255,44,Female,Low,Nelsonshire
1256,70,Female,High,Lake Katelyn
1257,57,Male,Low,Carterburgh
1258,25,Female,Medium,Elizabethville
1259,50,Male,High,East Robert
1260,58,Male,High,South Timothyhaven
1261,79,Female,Medium,East Stevenport
1262,34,Male,Low,Judystad
1263,38,Male,High,Estesshire
1264,40,Male,High,Reynoldsfort
1265,80,Male,Low,Phillipsborough
1266,51,Female,Low,Crosbymouth
1267,48,Male,Low,Brookshaven
1268,64,Male,Low,Christopherberg
1269,41,Male,Low,Jenkinsport
1270,52,Male,High,Lukestad
1271,51,Female,High,Lake Dennis
1272,76,Male,Low,Lake Mallory
1273,61,Male,High,Fordhaven
1274,35,Male,High,Lake Jeffrey
1275,75,Male,Low,Jonesberg
1276,31,Female,Low,Port Ryanmouth
1277,35,Female,High,Port Brianfurt
1278,63,Female,Low,Randallborough
1279,54,Female,Medium,Brianfort
1280,31,Male,High,Walkerstad
1281,71,Male,Low,North Ericstad
1282,70,Female,Low,New Martinfurt
1283,47,Male,Low,East Haleybury
1284,30,Female,Medium,New Angelaland
1285,52,Female,Low,South Paulton
1286,38,Male,Low,Robertshire
1287,18,Male,Medium,Bensonton
1288,78,Male,Medium,Georgehaven
1289,25,Male,Medium,East Micheleburgh
1290,48,Female,Medium,New Reneefort
1291,22,Male,Medium,Bakerburgh
1292,60,Female,Low,Brianchester
1293,80,Male,Medium,East Tomfurt
1294,77,Female,Low,North Elizabethburgh
1295,30,Male,Medium,Franklinhaven
1296,52,Female,High,West Maria
1297,38,Male,High,South Hector
1298,74,Male,Medium,Wrightville
1299,63,Male,Low,Davisland
1300,62,Male,High,East Brookefort
1301,34,Male,Medium,East Richardstad
1302,50,Male,High,South Laurashire
1303,37,Male,Low,Wattsshire
1304,34,Female,High,Taylorbury
1305,19,Male,High,West Andrew
1306,55,Female,Low,East Stacy
1307,24,Female,High,South Dennis
1308,67,Male,Low,Jasminetown
1309,60,Female,High,Staceyhaven
1310,44,Male,High,Port Teresa
1311,57,Female,Low,Johnton
1312,66,Female,Medium,Jillville
1313,40,Female,Medium,Henryport
1314,68,Female,Low,Danielview
1315,21,Female,Medium,Lake Travisfurt
1316,60,Male,High,Port David
1317,76,Male,Medium,Martinezfort
1318,67,Female,Medium,New Robert
1319,44,Male,Medium,North Johnbury
1320,38,Female,Low,Peterport
1321,49,Male,High,Lake Rhondastad
1322,26,Male,Medium,Watkinsstad
1323,73,Female,High,West Heathermouth
1324,44,Female,Medium,Port Kevin
1325,64,Male,Low,Brandishire
1326,51,Female,Medium,Haleyhaven
1327,55,Female,Medium,Reneemouth
1328,59,Male,High,Sarahton
1329,39,Female,High,Lake Jessicabury
1330,54,Female,High,Gloriaborough
1331,79,Female,High,Lisafort
1332,45,Male,Low,New Amy
1333,65,Female,High,West Steven
1334,48,Female,High,West Sarah
1335,71,Female,Medium,Dustinshire
1336,54,Female,High,West Janetstad
1337,41,Female,Medium,South Danielle
1338,45,Female,Medium,Stephaniebury
1339,50,Male,High,East Maryside
1340,57,Female,High,New Benjamintown
1341,69,Male,Medium,South Peter
1342,55,Female,High,Lake Travis
1343,24,Female,Medium,Pagehaven
1344,72,Female,Medium,South Shelley
1345,69,Male,Medium,Micheleland
1346,44,Female,Low,West Seanhaven
1347,54,Male,High,Bradleyborough
1348,42,Female,Medium,New Tiffanyton
1349,52,Male,High,Danielview
1350,72,Female,High,Kennedymouth
1351,52,Male,Low,Danaville
1352,36,Female,High,Kimberlymouth
1353,21,Male,High,East Michaelberg
1354,66,Female,Low,West Deborah
1355,32,Male,Low,Novakchester
1356,52,Male,High,Port Kristen
1357,49,Male,Medium,North Kristinhaven
1358,57,Male,Low,Karenton
1359,77,Male,Low,Davidmouth
1360,21,Female,Medium,Lake Jeremyborough
1361,32,Female,High,Port Joseph
1362,71,Male,High,East Dean
1363,44,Female,Medium,Ethanfort
1364,78,Female,Low,West Melissafort
1365,49,Male,Low,New Stevenberg
1366,55,Male,High,Port Pamelamouth
1367,31,Male,Low,New Charles
1368,19,Female,Low,East James
1369,66,Female,Low,Port Jessicaton
1370,40,Male,Medium,New Robertshire
1371,58,Female,High,Lauraville
1372,55,Male,High,North Jessetown
1373,39,Female,Medium,Amandafurt
1374,18,Female,High,Taylorport
1375,52,Male,High,Hollychester
1376,55,Female,Medium,Lake Jessicaberg
1377,71,Female,Low,Taylorhaven
1378,72,Male,Low,Markland
1379,57,Male,Low,North Daniel
1380,62,Female,Low,New Jacob
1381,47,Female,Low,North Shane
1382,60,Female,Medium,Kanebury
1383,37,Female,Medium,West Markfurt
1384,59,Male,Medium,Fishershire
1385,41,Male,Low,Lake Edward
1386,33,Female,Low,Lake Timothy
1387,24,Male,Low,South Kristinebury
1388,39,Female,High,Jodyfort
1389,69,Female,High,Lake Jamesshire
1390,20,Male,High,Bradfordstad
1391,70,Female,Low,Lake Kim
1392,27,Male,Low,Colemanland
1393,51,Male,Low,South Mary
1394,32,Female,High,East Matthew
1395,21,Male,High,Elizabethmouth
1396,61,Female,Low,West Melissa
1397,60,Female,Medium,Lisaton
1398,32,Male,High,Howebury
1399,30,Male,High,Franciscoport
1400,39,Female,High,New Jessica
1401,54,Female,Low,North Isaac
1402,69,Male,Low,East Bethany
1403,35,Female,High,Grayshire
1404,20,Female,Medium,South Edward
1405,30,Female,Medium,New Catherineburgh
1406,65,Female,High,Charlotteshire
1407,47,Female,High,Lake Brandy
1408,35,Female,Low,East Jonathanburgh
1409,55,Female,Low,Vargasstad
1410,73,Female,High,Scottborough
1411,31,Male,High,North Raymond
1412,67,Male,High,Jessicastad
1413,28,Female,High,Mosstown
1414,54,Female,Low,Patrickstad
1415,47,Female,Medium,Allenchester
1416,22,Male,Medium,Williamshaven
1417,37,Female,Low,Jessicaville
1418,53,Female,High,New Christopher
1419,31,Female,Low,Nicholaston
1420,32,Female,Low,Hannahmouth
1421,25,Male,High,Smithmouth
1422,27,Male,Medium,East Davidbury
1423,69,Female,High,Port Sandy
1424,22,Male,Low,Lawrenceport
1425,58,Male,Medium,Banksmouth
1426,41,Male,High,Robinsonside
1427,48,Female,Low,Karaton
1428,55,Female,Medium,Lake Scottchester
1429,53,Male,Medium,New Lauren
1430,51,Male,Low,Rothtown
1431,46,Female,Low,New Kylemouth
1432,24,Female,Low,Rowefurt
1433,22,Male,High,Laurachester
1434,47,Male,Medium,Lake Iantown
1435,42,Female,High,Lake Stacybury
1436,44,Male,High,East Eric
1437,36,Male,Low,South Mariaview
1438,19,Female,Low,Smithberg
1439,68,Male,Low,Hoodhaven
1440,52,Female,Medium,New Charles
1441,19,Female,High,New Christopher
1442,31,Male,Medium,New Michaeltown
1443,47,Female,High,Jonathanfort
1444,33,Male,Low,East Markland
1445,35,Male,Medium,West Brandontown
1446,72,Female,Low,East Jenniferchester
1447,66,Female,Low,Robertfort
1448,22,Male,Medium,Heatherville
1449,69,Female,Medium,Port Joel
1450,51,Female,Medium,South Thomasbury
1451,35,Male,High,Paulaport
1452,68,Female,Low,Port Angela
1453,41,Male,High,Michelleville
1454,50,Female,High,West Peggy
1455,73,Male,High,New Elizabethburgh
1456,37,Female,Medium,South Brandyfort
1457,63,Female,Medium,West Danielmouth
1458,36,Male,High,Walshfurt
1459,70,Male,Low,South Johnathanburgh
1460,47,Male,Medium,Callahanton
1461,58,Female,Low,Lake Edwinbury
1462,71,Female,High,Alexshire
1463,65,Female,Medium,Smithbury
1464,26,Female,High,Hillfurt
1465,55,Male,Medium,South Mary
1466,74,Male,High,Joelshire
1467,68,Male,Medium,Danielchester
1468,39,Male,High,North John
1469,76,Female,High,Robinview
1470,70,Female,Low,Hahnville
1471,48,Female,Medium,West Tanner
1472,30,Female,Medium,New Marthaton
1473,29,Male,Low,West Meganberg
1474,23,Female,Low,Jessicaborough
1475,18,Female,High,Port William
1476,25,Male,Low,Smithberg
1477,56,Male,High,North Robertberg
1478,79,Female,Medium,North Amanda
1479,27,Male,High,Reneeport
1480,25,Female,Low,Port Dustinland
1481,35,Female,Medium,Michaelchester
1482,20,Female,Medium,Williamview
1483,48,Female,Medium,New Tabithamouth
1484,57,Female,Low,New Kristin
1485,54,Female,High,Port Tricia
1486,74,Male,Low,Sandovalview
1487,61,Male,Medium,South Jamesport
1488,42,Female,Medium,East Patriciachester
1489,66,Female,Medium,Laurenmouth
1490,52,Male,Low,Harrisborough
1491,73,Female,Medium,Perryhaven
1492,54,Female,Medium,New Michael
1493,34,Female,High,Ashleybury
1494,57,Female,High,Leestad
1495,32,Male,High,North Robertborough
1496,65,Male,Medium,Lake Melissaborough
1497,57,Male,Low,West Kendraberg
1498,62,Female,Low,Merrittmouth
1499,61,Female,Medium,North Tracyton
1500,34,Female,Medium,Mariaport
1501,78,Male,High,Khanview
1502,48,Male,Medium,East Thomaschester
1503,18,Male,Low,Porterstad
1504,69,Male,Low,North Jessica
1505,66,Female,High,Lake Emilyview
1506,42,Female,Medium,West Christinechester
1507,79,Male,High,North Samantha
1508,22,Male,High,Ronaldland
1509,38,Male,Low,North Jessicashire
1510,45,Male,Low,Port Jacquelinechester
1511,29,Male,Low,Bentleyborough
1512,68,Female,Low,Vickiland
1513,80,Female,Medium,West Matthewfurt
1514,68,Male,Medium,Port Mary
1515,62,Female,Low,Lake Brian
1516,30,Female,Medium,Port Jenna
1517,30,Female,Medium,East Chadville
1518,42,Male,High,Hutchinsonfort
1519,54,Female,Low,Port Robinburgh
1520,38,Female,High,Lake Eric
1521,60,Male,Medium,East Janicetown
1522,36,Male,Low,Catherinemouth
1523,71,Female,Low,West Christineburgh
1524,36,Female,Medium,Lake Samantha
1525,75,Male,Low,Jeremiahland
1526,69,Male,High,East Marcustown
1527,22,Male,Medium,West Nicole
1528,46,Female,High,Port Joseph
1529,42,Male,Low,New Teresaland
1530,57,Male,High,Smithberg
1531,36,Male,Low,Chelseabury
1532,26,Female,High,Christyborough
1533,54,Male,Low,Port Bryan
1534,51,Male,High,Port Sarah
1535,34,Male,Medium,Lake Rodneyfort
1536,70,Male,Low,Cohenborough
1537,61,Male,Low,Jonesview
1538,44,Female,Low,North Tiffany
1539,67,Male,Medium,Moorefurt
1540,76,Male,Low,Jacobport
1541,44,Male,Medium,East Donnachester
1542,50,Female,Medium,Jordanborough
1543,66,Male,Low,West Catherineland
1544,53,Female,Medium,Mollyview
1545,61,Female,High,East Stephanieberg
1546,25,Male,High,West Deniseshire
1547,53,Male,High,Lake Michelleview
1548,36,Female,Medium,Elizabethside
1549,73,Male,Low,Courtneyside
1550,80,Female,High,Lake Philipport
1551,38,Male,High,North Jesse
1552,26,Female,Medium,New Dustin
1553,41,Male,Medium,South Mary
1554,35,Female,High,Bridgettown
1555,25,Male,Low,Reginaldville
1556,56,Male,High,Port Rebecca
1557,24,Male,High,South Emilyfurt
1558,21,Male,High,Wuside
1559,49,Female,High,Thomastown
1560,20,Female,High,Alvarezmouth
1561,68,Female,High,Johnsonview
1562,32,Female,Medium,Latoyaside
1563,74,Female,Medium,South Monicachester
1564,22,Female,High,East Katie
1565,49,Female,Medium,East Jamesberg
1566,52,Male,Low,Fosterton
1567,71,Male,High,Sierraside
1568,69,Female,Medium,Lake Davidview
1569,77,Female,Low,Ramirezberg
1570,46,Male,High,New Alexview
1571,61,Male,Low,Garzachester
1572,78,Female,Medium,North Christina
1573,25,Female,Medium,Ryanbury
1574,33,Female,Medium,East Davidtown
1575,30,Male,Low,Lake Virginia
1576,71,Female,High,Lake William
1577,52,Female,Low,Johnsonburgh
1578,70,Male,High,Port Barbara
1579,67,Male,Low,Larsonton
1580,46,Male,High,South Belindafort
1581,57,Female,Medium,Jordanbury
1582,60,Male,High,New Morganchester
1583,69,Male,Low,West Hannahstad
1584,48,Male,High,Haroldside
1585,61,Female,High,Albertfurt
1586,37,Female,Low,Robbinsmouth
1587,62,Male,Low,Mitchellborough
1588,72,Male,Medium,Lake Jennifer
1589,27,Male,Medium,New James
1590,66,Male,High,Dunnmouth
1591,28,Male,Low,Henryland
1592,22,Female,Medium,Henryhaven
1593,30,Female,High,Thomasborough
1594,31,Male,Medium,Perryview
1595,46,Male,Medium,Lake Cheyenne
1596,60,Female,Low,West Juliashire
1597,71,Female,Low,West Nancy
1598,78,Female,Low,Kennethshire
1599,71,Male,Low,Westberg
1600,18,Male,Low,West Jacksonchester
1601,70,Female,High,Port Cynthia
1602,52,Male,High,Goldenstad
1603,75,Female,Medium,Jenningsfort
1604,56,Male,Medium,West Taylorbury
1605,70,Female,Medium,Lake Joshua
1606,44,Female,Low,Lake April
1607,40,Female,Low,Shirleyfort
1608,31,Female,High,Stewartborough
1609,48,Male,Medium,Simsland
1610,58,Female,High,Ianmouth
1611,64,Male,Medium,Port Cynthia
1612,26,Female,High,West Michaeltown
1613,50,Female,Low,East Michele
1614,74,Female,High,Robertport
1615,61,Female,Low,Coleview
1616,44,Male,Low,Kristinafurt
1617,69,Male,High,Alexaville
1618,42,Male,Medium,West Annaside
1619,35,Male,Medium,Georgeland
1620,40,Male,High,Jeffreyfort
1621,52,Female,Medium,South Gary
1622,63,Male,High,Wilsonland
1623,19,Female,High,Justinfurt
1624,75,Female,Low,Port Jamesfort
1625,38,Male,Medium,East Laura
1626,60,Female,High,Lopezton
1627,41,Female,Low,South Scott
1628,52,Female,High,Lake Michelleland
1629,26,Female,Medium,Bushburgh
1630,42,Female,Medium,Wendyshire
1631,54,Female,Medium,Lake Victoriaborough
1632,23,Female,Low,Melanieborough
1633,53,Female,High,Port Cindy
1634,51,Male,Low,New David
1635,40,Male,Medium,Steventon
1636,65,Male,Low,North Justintown
1637,63,Female,High,Careyville
1638,63,Male,High,Reginaldborough
1639,28,Male,Medium,West Roy
1640,29,Female,High,New Ashley
1641,80,Male,Medium,Lake Roberto
1642,76,Male,Low,East Sarahshire
1643,75,Female,Medium,Aaronborough
1644,74,Female,Medium,Lake Michaelstad
1645,37,Male,Low,New Brian
1646,18,Male,High,Lake Teresahaven
1647,21,Female,Low,Pedroton
1648,21,Male,Low,New Rebecca
1649,39,Male,Low,West Anthony
1650,52,Male,High,Mcconnellville
1651,31,Female,High,Darlenemouth
1652,34,Male,Medium,West Mary
1653,46,Male,Low,East Benjaminbury
1654,47,Male,High,South Amy
1655,62,Female,High,Robertston
1656,21,Male,Medium,Lake Hunter
1657,69,Male,Low,East Saratown
1658,62,Female,High,New Davidstad
1659,40,Male,Low,Port Sarah
1660,56,Female,Low,Lynnville
1661,80,Female,Medium,Smithshire
1662,33,Male,High,Susanfort
1663,42,Female,High,Jordanside
1664,77,Female,Medium,Nancyview
1665,76,Female,Medium,Kimberlyborough
1666,36,Male,Low,Port Maureen
1667,61,Female,High,Rileyville
1668,53,Male,High,Nguyenbury
1669,48,Male,Low,North Stacy
1670,43,Male,Medium,Stacymouth
1671,48,Male,Medium,West Ronald
1672,62,Male,High,Lewisport
1673,39,Female,Low,South Lisaville
1674,76,Male,Medium,West Jacobborough
1675,55,Male,Medium,Ashleyport
1676,22,Male,High,Thomasland
1677,53,Male,High,West Brandonberg
1678,66,Male,Low,Keithview
1679,40,Male,Low,Michaelshire
1680,38,Male,Medium,South Jonathanside
1681,19,Female,Low,Jenniferborough
1682,57,Male,High,Wandafurt
1683,47,Male,Medium,Robertfurt
1684,51,Male,Medium,Bryanmouth
1685,32,Female,Low,West Nicole
1686,76,Male,Low,Yangmouth
1687,45,Female,Low,South Travis
1688,59,Female,Medium,North Kevin
1689,30,Female,High,East Julie
1690,23,Female,Medium,South Ivanside
1691,66,Female,Medium,Sarachester
1692,25,Male,Low,Smithfort
1693,66,Male,Medium,Tamarastad
1694,45,Male,High,Wheelerland
1695,48,Male,Low,Isaacstad
1696,44,Female,High,New Jared
1697,25,Male,Medium,Brownberg
1698,37,Female,Low,New Amandastad
1699,49,Male,High,Singhview
1700,19,Male,Medium,Danielfurt
1701,20,Female,Low,Port Teresa
1702,21,Male,High,Barreratown
1703,29,Male,High,Whiteborough
1704,80,Male,Medium,Lake Christopher
1705,34,Male,Medium,Moorestad
1706,56,Female,Low,North Micheletown
1707,68,Female,Low,Andersonbury
1708,47,Female,Low,New Jamestown
1709,43,Female,Low,Sherryton
1710,75,Female,Medium,Welchchester
1711,18,Female,Low,Bernardmouth
1712,56,Male,High,Lake Kristinberg
1713,59,Male,Low,Jenniferborough
1714,74,Female,High,South Charles
1715,45,Female,Medium,Collinsview
1716,28,Male,Low,Wilsonmouth
1717,23,Female,Medium,Lake Danielton
1718,30,Male,Medium,New Terrymouth
1719,37,Male,Medium,Ruthhaven
1720,54,Female,Low,South Christina
1721,23,Male,Medium,Jacobsshire
1722,52,Male,Medium,Johnmouth
1723,67,Male,High,Jacobland
1724,24,Female,Low,Clarkemouth
1725,44,Female,Low,Tatebury
1726,68,Male,Medium,North Denisemouth
1727,67,Female,Low,North Alisonberg
1728,66,Female,High,Lake Joshua
1729,26,Female,High,East Frankborough
1730,69,Male,Medium,Lake George
1731,61,Female,High,Stevensland
1732,24,Female,Medium,Danielsfurt
1733,40,Female,Low,Lawsonland
1734,34,Female,Medium,North Amyville
1735,32,Female,High,Garrettmouth
1736,33,Female,Medium,Port David
1737,54,Female,Low,South Victoriaton
1738,32,Male,High,Ericatown
1739,19,Male,Medium,Port Georgeport
1740,80,Female,Low,North Whitney
1741,28,Male,High,Jeremiahchester
1742,26,Female,High,East Carol
1743,78,Female,Medium,Port Glenn
1744,63,Female,High,Kathystad
1745,32,Female,High,Paulstad
1746,52,Female,Low,Port Susan
1747,52,Female,High,North Howard
1748,55,Male,Low,Port Katie
1749,21,Male,Low,Lake Marcia
1750,45,Female,Low,East Zacharyside
1751,73,Male,High,Lake Larry
1752,59,Female,High,Petersonport
1753,48,Female,High,North Benjamin
1754,56,Female,Low,New Donald
1755,72,Female,Medium,New Joshuaberg
1756,34,Female,Low,Julialand
1757,59,Female,High,New Monicatown
1758,35,Female,Low,Kennedyshire
1759,49,Male,High,Kentview
1760,22,Male,Low,Annetteland
1761,69,Male,Medium,Lake Garyville
1762,73,Male,Low,Boydchester
1763,57,Female,Low,Alanside
1764,60,Female,Low,East Tracy
1765,73,Female,Medium,Richardsonview
1766,64,Male,Low,Lake Kenneth
1767,48,Male,Medium,East Katherine
1768,39,Female,High,Lake Calvinside
1769,25,Male,Medium,Wademouth
1770,65,Male,Medium,Lambertland
1771,65,Female,High,Nathanland
1772,48,Female,High,East Kennethfurt
1773,20,Female,High,South Molly
1774,64,Female,Low,Port Samuelmouth
1775,24,Male,High,New Wandabury
1776,79,Female,High,New Maria
1777,60,Male,Medium,East Dawn
1778,25,Female,High,Port Craigville
1779,25,Male,High,New Scottbury
1780,46,Male,Medium,Haynesfurt
1781,18,Male,Low,Kathleenbury
1782,59,Female,High,Davisburgh
1783,35,Male,Medium,Port Vanessa
1784,35,Male,Low,Kevinhaven
1785,55,Male,High,Danaville
1786,35,Female,High,Kelleyberg
1787,67,Female,Medium,West Suzannechester
1788,39,Male,Medium,Hallfurt
1789,21,Female,Medium,Westborough
1790,80,Male,Medium,West Ashleybury
1791,65,Male,High,Williamsburgh
1792,41,Female,Medium,Leemouth
1793,56,Female,Medium,Josephtown
1794,73,Female,Medium,Michaelville
1795,56,Female,High,Obrienberg
1796,60,Male,Medium,New Anthonyport
1797,56,Male,High,Perezport
1798,29,Male,High,Davisland
1799,77,Male,Low,New Michael
1800,68,Male,High,Latashabury
1801,28,Female,Low,Port Susanbury
1802,71,Male,High,New Kevinville
1803,41,Male,Medium,Tatestad
1804,77,Female,Low,Lake Anthonytown
1805,20,Female,High,Armstrongton
1806,28,Male,Medium,South Angelaport
1807,51,Male,Medium,Robinchester
1808,78,Female,Medium,North Nathan
1809,75,Female,Medium,New Kelly
1810,25,Female,Medium,Lambberg
1811,39,Male,Medium,Catherinebury
1812,76,Male,High,Catherinemouth
1813,30,Male,Medium,Kevinville
1814,32,Female,Low,East Jocelyn
1815,50,Male,Medium,Merrittton
1816,48,Male,High,Williamburgh
1817,41,Male,Medium,East Anthonyland
1818,38,Female,Medium,Amberside
1819,72,Female,Medium,Lake Susanchester
1820,49,Female,Low,New Hollymouth
1821,19,Male,Low,North Amberside
1822,70,Male,High,Floresfort
1823,75,Female,High,West Amandafort
1824,76,Female,High,Ramirezton
1825,60,Male,Low,Allenchester
1826,40,Female,High,New Jamesmouth
1827,21,Female,Low,West Jason
1828,53,Male,High,Odombury
1829,26,Male,Medium,Katrinaview
1830,56,Male,Medium,Reyesmouth
1831,68,Male,Low,South Cory
1832,66,Female,Medium,Marieburgh
1833,77,Female,Medium,Lake Garyside
1834,36,Male,Low,East Kenneth
1835,23,Male,Low,Michaelshire
1836,36,Male,High,Port Monicahaven
1837,54,Male,Medium,East Bethshire
1838,18,Male,Low,West Brad
1839,44,Male,High,Randychester
1840,75,Female,Low,West Sarahland
1841,79,Male,Medium,East Donaldhaven
1842,31,Male,Low,Patelmouth
1843,78,Male,High,Lake Manuel
1844,74,Male,High,New Amystad
1845,50,Female,Low,North Erikborough
1846,69,Male,High,Whitefort
1847,33,Female,Low,Knappport
1848,63,Male,High,Conleyhaven
1849,69,Male,Low,Samuelland
1850,53,Female,Medium,Scottland
1851,49,Female,Medium,North Darrylfurt
1852,60,Male,Low,Hernandezborough
1853,50,Female,Low,Michellefort
1854,52,Male,High,New Emmabury
1855,52,Female,High,East Thomas
1856,66,Male,High,East Jerome
1857,60,Female,Medium,Beanburgh
1858,58,Female,High,Samanthaville
1859,53,Female,Low,Audreyburgh
1860,26,Male,Low,Port Anthonyside
1861,80,Male,Low,Gibbsburgh
1862,55,Female,High,Waltonfort
1863,25,Female,Medium,Lake Pamela
1864,47,Male,High,Port Jesse
1865,47,Female,Low,East Amyfurt
1866,53,Male,Low,Campbellbury
1867,80,Male,Medium,Lake Mirandaview
1868,23,Female,High,North Markside
1869,65,Male,Low,Jessicaside
1870,44,Male,High,West Alexandra
1871,64,Female,High,Peterton
1872,60,Male,Low,West Sylviamouth
1873,52,Male,Medium,Paulview
1874,36,Female,Medium,Lake Crystalmouth
1875,60,Female,Low,South Billy
1876,76,Male,High,Alexisview
1877,62,Female,High,Watersmouth
1878,26,Female,Low,North Melissaburgh
1879,49,Female,Medium,New Timothy
1880,64,Male,Medium,Daniellebury
1881,35,Female,Medium,Laurenville
1882,38,Male,High,Lake Charlene
1883,26,Male,High,Jamesshire
1884,79,Female,High,East Todd
1885,23,Female,High,Rachelfurt
1886,27,Female,Low,New Jessica
1887,70,Female,Low,Perezborough
1888,30,Female,High,Valerieburgh
1889,72,Male,High,Romeroton
1890,60,Female,Medium,Jefferyfort
1891,24,Female,Medium,Smithport
1892,67,Female,Low,North Elizabeth
1893,47,Male,Low,South Christophertown
1894,56,Female,Medium,Michaelshire
1895,41,Male,Medium,New Elizabeth
1896,72,Female,Medium,Michaelport
1897,78,Male,High,Maldonadoton
1898,48,Female,High,North Brian
1899,60,Male,Low,Bradleyberg
1900,61,Female,High,West Melissa
1901,39,Male,Medium,Port Douglas
1902,53,Female,High,Tanyastad
1903,40,Male,High,Russellborough
1904,23,Male,Low,Alexanderborough
1905,29,Male,Medium,New Carla
1906,22,Male,Low,North Meghanland
1907,53,Female,Low,South Jamie
1908,69,Male,Low,Ericburgh
1909,34,Male,Medium,Penabury
1910,36,Male,Low,Lake John
1911,79,Male,Medium,Shawnberg
1912,62,Female,Low,Garymouth
1913,57,Male,Low,Sarahhaven
1914,78,Male,Medium,Hallshire
1915,30,Female,Medium,South Christopherborough
1916,63,Female,Low,Cookburgh
1917,74,Female,Medium,New Kim
1918,32,Male,Medium,East Rebeccamouth
1919,64,Male,Medium,Robertbury
1920,79,Female,Medium,Lake Sue
1921,51,Male,High,Lewisbury
1922,43,Male,Medium,Leemouth
1923,42,Male,Medium,Ericabury
1924,22,Female,Low,West Brian
1925,28,Female,High,Lake Kevin
1926,43,Male,High,Meganport
1927,58,Male,Low,Lake Davidland
1928,71,Male,Low,Kochville
1929,68,Female,Medium,Port Jacob
1930,26,Male,High,North Brittanyfort
1931,53,Female,Medium,South Joshuastad
1932,67,Male,Medium,Brandonland
1933,78,Male,Low,Lambertshire
1934,44,Female,High,New Andreborough
1935,73,Female,Medium,Jeremiahmouth
1936,37,Male,High,East Stacy
1937,43,Female,Medium,Colemanstad
1938,59,Male,Low,East Christopher
1939,58,Female,High,South Jessica
1940,24,Male,Medium,Lozanoside
1941,26,Female,High,South Billyport
1942,41,Male,Low,Port Kari
1943,59,Male,Low,North Arthur
1944,22,Male,Medium,Wilkersonhaven
1945,46,Female,High,Lake Jonathanton
1946,69,Female,Medium,Lake Kelseyfort
1947,57,Male,High,South Nicolechester
1948,77,Male,High,Port Franklin
1949,34,Male,High,East Brittany
1950,48,Female,Medium,Cherylhaven
1951,76,Female,Low,North Sandra
1952,35,Male,High,West Madison
1953,55,Male,Medium,Armstrongland
1954,65,Female,Medium,West Sabrina
1955,57,Male,Medium,Matthewchester
1956,57,Female,Medium,Marialand
1957,55,Female,Low,Hughestown
1958,67,Female,Low,Blairmouth
1959,38,Male,Low,Port Kevinborough
1960,50,Female,Medium,Banksport
1961,47,Male,Low,Jenniferborough
1962,60,Male,High,North James
1963,73,Male,Low,Lake Maryberg
1964,19,Male,Medium,Andersonfort
1965,75,Male,Medium,Port Jon
1966,31,Female,Low,Lake Lisa
1967,20,Male,Medium,Deborahmouth
1968,59,Male,Medium,Danieltown
1969,23,Male,Medium,Jenkinsside
1970,63,Male,High,Lake James
1971,25,Female,Medium,Rogershaven
1972,38,Male,High,Ambermouth
1973,72,Male,High,Markland
1974,70,Male,High,Thompsonville
1975,65,Male,Low,Baileyberg
1976,35,Female,Low,Brandonborough
1977,22,Male,Medium,North Catherinestad
1978,65,Male,High,Ericaside
1979,28,Female,High,Martinhaven
1980,28,Male,High,East Lindafort
1981,57,Male,Low,Dennisside
1982,56,Male,High,New Daniel
1983,31,Male,High,Carlyfort
1984,47,Female,Medium,Smithburgh
1985,50,Male,High,West Ronald
1986,22,Male,Medium,Helenbury
1987,46,Female,High,North Sandrafurt
1988,60,Male,High,East Stephen
1989,18,Female,High,Garciashire
1990,42,Female,Medium,West Vanessa
1991,68,Male,Low,East Amanda
1992,38,Female,Low,West Bryanfort
1993,51,Female,Medium,Millerburgh
1994,40,Male,Medium,Brookeland
1995,79,Male,Medium,Karenmouth
1996,48,Male,Low,Lindamouth
1997,70,Male,Medium,New Brianmouth
1998,65,Male,High,Pamelaburgh
1999,70,Male,High,Flynnborough
2000,27,Male,High,New Mary
2001,43,Female,Low,Ashleyland
2002,24,Female,Medium,New Brenda
2003,45,Female,Low,Longshire
2004,69,Male,Low,Connieview
2005,20,Female,Medium,Butlerville
2006,26,Female,Medium,East Aaron
2007,68,Female,High,Troybury
2008,43,Male,Low,North Jonathan
2009,76,Female,Low,Williamsshire
2010,54,Male,Low,South Kenneth
2011,36,Female,High,South Keithborough
2012,41,Female,High,Jennifertown
2013,50,Female,Medium,Parkermouth
2014,27,Male,Medium,Olsonside
2015,25,Male,Medium,Nicholasland
2016,22,Female,High,Port Michealhaven
2017,18,Female,Low,West Victoria
2018,61,Male,Low,Martinezshire
2019,70,Male,High,North Philip
2020,20,Male,Low,Guzmanshire
2021,31,Female,Low,Douglastown
2022,70,Male,Medium,Henryfort
2023,28,Female,High,Joshuaton
2024,18,Male,Medium,Lake Denise
2025,76,Male,Medium,Janicehaven
2026,63,Male,High,Santiagoland
2027,79,Female,Low,North Lisachester
2028,50,Female,Low,New Jessicatown
2029,24,Female,High,Browningtown
2030,72,Male,Low,Wuport
2031,65,Male,Medium,Rossville
2032,56,Male,Low,New David
2033,61,Male,High,Gilbertstad
2034,66,Male,High,Miguelburgh
2035,48,Female,High,East Robertland
2036,38,Female,Low,Port Andrew
2037,58,Female,High,Angelaton
2038,69,Male,Medium,West Cynthiaberg
2039,19,Female,Medium,Coopertown
2040,59,Male,High,Port Kyleview
2041,56,Male,Medium,Samanthatown
2042,62,Female,Low,Campbellland
2043,26,Female,High,Port Mikaylamouth
2044,42,Male,Medium,New Dana
2045,44,Female,Medium,North Cheryl
2046,46,Male,Medium,Whitefort
2047,35,Female,Low,Wallland
2048,71,Male,Low,Payneport
2049,42,Male,Medium,Lake Rachelchester
2050,56,Male,Low,Lorraineside
2051,78,Female,Medium,East Justinville
2052,70,Female,Low,Lynnland
2053,27,Male,Medium,Lawrenceburgh
2054,35,Male,Low,Larsonborough
2055,70,Female,High,Donnaside
2056,71,Female,High,Nealmouth
2057,26,Male,High,East Vincent
2058,73,Female,High,Lake Rodney
2059,28,Male,High,Port Paulstad
2060,22,Female,Low,Stephensfurt
2061,65,Female,High,Port Jeffburgh
2062,48,Male,Low,East Lisaside
2063,50,Female,Low,Gonzalesborough
2064,60,Male,High,Virginiashire
2065,48,Male,Low,Lake Katherine
2066,22,Male,High,Washingtonport
2067,67,Female,High,Sarahmouth
2068,37,Male,Medium,Hallton
2069,29,Male,Medium,Jasminehaven
2070,25,Female,Low,Christopherview
2071,53,Female,High,Manuelborough
2072,18,Female,High,Williamsmouth
2073,43,Male,Low,Kyleshire
2074,70,Female,High,Bowenport
2075,18,Female,Low,South Robert
2076,45,Female,High,Mercerhaven
2077,62,Male,High,Port Rileyshire
2078,71,Male,High,South Jamieborough
2079,68,Female,Medium,Kruegerland
2080,47,Male,Medium,Lake Melissamouth
2081,69,Female,High,New Lisaland
2082,19,Male,Low,New Amberchester
2083,45,Male,Low,Rhodesview
2084,79,Female,High,South Adam
2085,53,Female,Low,Stokesfort
2086,51,Female,High,Alexland
2087,62,Female,Medium,Romeroshire
2088,24,Female,Low,Matthewview
2089,71,Female,High,Port Luke
2090,26,Female,High,Port Samuel
2091,56,Male,High,West Danielleburgh
2092,56,Female,High,Smithland
2093,51,Female,Low,Watsonborough
2094,41,Male,High,Parrishmouth
2095,75,Male,Low,East Bryan
2096,33,Male,Medium,East Erica
2097,37,Female,High,East Daniellefort
2098,69,Female,High,North Tylerton
2099,70,Male,Low,Robertborough
2100,58,Male,Medium,North Cody
2101,68,Male,High,Craigville
2102,49,Female,Low,Brianchester
2103,24,Female,Medium,Port Evelynborough
2104,51,Male,High,New Antonio
2105,79,Female,Low,Christinaburgh
2106,54,Male,Medium,Lake Christianberg
2107,51,Female,High,Banksside
2108,31,Female,Low,Carolynview
2109,41,Male,High,Scottville
2110,22,Male,High,Johntown
2111,69,Male,Low,Williamsbury
2112,41,Male,Medium,Matthewfort
2113,23,Male,Medium,Taylorbury
2114,56,Male,Low,East Stephanie
2115,34,Male,Medium,Port Daniel
2116,78,Male,High,Davidmouth
2117,50,Male,High,Port Manuelstad
2118,32,Male,Medium,Elaineside
2119,78,Male,Low,Victorialand
2120,38,Male,Low,South Alfred
2121,63,Male,High,New Annaton
2122,26,Female,Low,Johnsonburgh
2123,68,Male,Medium,Caldwellburgh
2124,23,Female,Medium,South Benjamintown
2125,54,Female,Low,Gonzaleston
2126,64,Female,Medium,South Christina
2127,75,Male,Medium,Lake Amanda
2128,69,Male,High,Lake Micheleland
2129,36,Female,Medium,Liuview
2130,22,Female,Medium,South Jorge
2131,63,Female,Medium,East Alexandra
2132,77,Female,High,Bellland
2133,62,Female,Medium,Rickymouth
2134,39,Male,Medium,Lake Markfurt
2135,69,Female,Low,Smithburgh
2136,51,Female,Medium,New Amy
2137,80,Female,Low,West Laura
2138,80,Male,Low,East Kristinefurt
2139,48,Female,Medium,East Gregoryhaven
2140,60,Female,Low,North Sarahtown
2141,74,Male,High,Bryanhaven
2142,29,Female,High,Nelsonmouth
2143,60,Female,High,Gonzalezmouth
2144,22,Female,High,Jaredberg
2145,58,Male,Medium,Matthewberg
2146,27,Male,Low,West Kathy
2147,59,Female,Low,Martinfurt
2148,37,Female,High,Thompsonside
2149,21,Female,Medium,West Crystal
2150,34,Male,High,East Joshua
2151,72,Male,Medium,Kevinburgh
2152,26,Female,Medium,Nelsonport
2153,78,Male,Medium,New Melissaport
2154,18,Female,Low,Petersmouth
2155,20,Male,Medium,Port Gabrielland
2156,48,Male,Medium,North Matthew
2157,54,Female,Low,South Jennifer
2158,61,Male,Medium,Smithport
2159,37,Male,Low,Lake Alexander
2160,74,Female,High,Reillymouth
2161,36,Female,Low,North Francisco
2162,48,Female,High,West Troy
2163,42,Male,High,Barrytown
2164,33,Male,Medium,Johnsonhaven
2165,48,Male,High,East Maryfurt
2166,28,Male,High,New Carol
2167,29,Female,High,Lisaview
2168,39,Male,Medium,Michellefurt
2169,72,Male,Medium,Amberhaven
2170,34,Male,Low,Davidport
2171,48,Female,Medium,North Sheila
2172,35,Female,High,New Michael
2173,28,Male,High,Larryton
2174,54,Female,Medium,Mcdonaldmouth
2175,63,Male,Low,Snowshire
2176,50,Female,Medium,North Lisa
2177,70,Female,High,Richardsonfort
2178,36,Male,Medium,Joseburgh
2179,59,Male,Medium,Angelahaven
2180,27,Male,Medium,Crystalmouth
2181,50,Female,Medium,Robertstad
2182,64,Male,Medium,Port Angelahaven
2183,21,Male,Low,Wareview
2184,20,Male,Low,South Mariefort
2185,53,Female,High,North Rogerfort
2186,27,Male,High,Grimesstad
2187,27,Male,High,West Alicia
2188,39,Male,Medium,East Deborah
2189,67,Female,High,Taylorburgh
2190,36,Female,Medium,North Kerri
2191,63,Male,Low,North Christopher
2192,73,Female,High,Lake Diane
2193,41,Male,Medium,South Samuel
2194,42,Male,Low,Mitchellburgh
2195,71,Male,High,Port Ryan
2196,73,Male,Low,New Shelbyborough
2197,78,Female,Low,West Carla
2198,57,Female,High,Jessicaside
2199,49,Male,Low,Summerston
2200,35,Male,Low,Nicholasfurt
2201,62,Female,Medium,Lake Douglas
2202,78,Female,High,Joelside
2203,32,Male,Low,West Bryan
2204,41,Male,Medium,Marshallville
2205,56,Female,Medium,Harrisport
2206,78,Male,High,Lake Ricardo
2207,44,Male,Low,South Bryan
2208,24,Male,High,West Erin
2209,50,Male,Medium,East Tina
2210,79,Female,Low,Joshuahaven
2211,44,Female,Medium,Dustinbury
2212,40,Male,High,Paulside
2213,53,Male,Medium,Parsonshaven
2214,72,Male,High,Port Lisa
2215,80,Male,High,Gillberg
2216,30,Female,Low,Kimberlymouth
2217,42,Male,Low,Toddfort
2218,37,Female,Medium,Ethanshire
2219,58,Male,Medium,New Aliciamouth
2220,72,Male,Low,Moorefort
2221,63,Female,High,New Kellyside
2222,68,Male,High,New Amber
2223,71,Male,High,Karamouth
2224,41,Male,High,Caitlynbury
2225,62,Male,Medium,Jaredview
2226,63,Female,High,West Nicole
2227,75,Female,Low,North Manuel
2228,58,Female,Medium,North Carlos
2229,75,Female,Medium,Montgomeryshire
2230,43,Female,Medium,Susanhaven
2231,30,Male,Medium,Lake Haleychester
2232,47,Female,High,Lake Jonathanhaven
2233,53,Female,Medium,Lake Brandon
2234,59,Female,Low,Crystalshire
2235,64,Male,High,New Theodore
2236,34,Male,Medium,East Brittany
2237,30,Female,Low,South Jennifer
2238,26,Female,High,Jaimemouth
2239,31,Female,Medium,East Kevinland
2240,36,Male,Low,Fosterstad
2241,21,Male,Medium,East Jacob
2242,35,Female,Low,Andrewmouth
2243,36,Female,Medium,Harriston
2244,48,Female,Medium,East Meganfort
2245,75,Male,High,Lake Joseph
2246,76,Male,Medium,West Susanfort
2247,48,Female,Low,Gregoryborough
2248,35,Female,Medium,Martinmouth
2249,55,Female,High,Jenkinsside
2250,64,Female,Low,New Jefffort
2251,48,Female,Low,South Patricia
2252,65,Female,Low,Port Dominiqueshire
2253,73,Female,Low,Susanchester
2254,56,Female,Low,Davisborough
2255,45,Male,Medium,South Michelle
2256,20,Male,Low,Barkerstad
2257,76,Male,Low,North Sarahville
2258,50,Male,Low,North Toddhaven
2259,21,Female,High,Allenton
2260,58,Female,Medium,North Christopherland
2261,27,Female,High,Wallacefurt
2262,47,Female,Low,Woodshire
2263,18,Female,High,Beckerville
2264,74,Male,High,Lake Jenny
2265,63,Female,Medium,West Joelberg
2266,18,Male,High,Kylefort
2267,68,Male,Low,West William
2268,27,Male,Medium,Lake Pam
2269,45,Female,Medium,Keithport
2270,48,Female,Medium,Lisaside
2271,27,Male,Low,Lake Matthewside
2272,69,Female,Low,Diazfurt
2273,61,Male,Low,Danielton
2274,48,Male,Medium,Vickiebury
2275,19,Male,High,Lesliemouth
2276,36,Male,Low,West Rhondaton
2277,39,Male,Low,Port Timothyberg
2278,56,Male,Low,South Joshua
2279,48,Female,Medium,Mcclainburgh
2280,52,Male,Low,New Isaacfurt
2281,51,Male,High,Donnabury
2282,64,Male,Medium,North Karenside
2283,33,Female,Medium,Katherineport
2284,79,Male,Low,East Wesley
2285,50,Male,Low,North Randyton
2286,65,Male,Medium,Katherinefort
2287,42,Female,High,Robertberg
2288,51,Male,Low,Benjaminton
2289,67,Female,Medium,New Robert
2290,27,Female,Medium,Annahaven
2291,52,Female,Medium,Bishopmouth
2292,80,Male,Low,New Dustinshire
2293,74,Female,High,North Ashley
2294,61,Male,Medium,Justinchester
2295,60,Male,High,West Patricia
2296,75,Male,High,South Frank
2297,70,Male,High,Robinsonmouth
2298,25,Male,High,New Elizabethmouth
2299,21,Female,Low,Benjaminchester
2300,41,Female,High,Jasonton
2301,56,Female,Medium,Jonathanland
2302,44,Female,Low,Port Wesleyberg
2303,63,Male,High,Michaelhaven
2304,20,Male,Medium,Powersport
2305,77,Male,Low,Gonzalezside
2306,19,Male,Medium,Serranomouth
2307,37,Male,Medium,Alexanderburgh
2308,56,Male,High,West Tony
2309,40,Female,Low,Wagnerborough
2310,80,Male,Medium,Cardenasmouth
2311,27,Male,Low,Zacharystad
2312,54,Female,Low,Delacruzstad
2313,46,Female,Low,South Stephanie
2314,52,Female,Low,North Brandonton
2315,40,Female,Low,Martinezville
2316,52,Female,Medium,Port Chadstad
2317,22,Male,High,Kathleenview
2318,40,Female,Medium,Simsville
2319,37,Male,Low,Port Dennis
2320,37,Male,Low,Rogerbury
2321,40,Female,Medium,South Yolandaburgh
2322,72,Female,High,Copelandmouth
2323,37,Male,High,North Steven
2324,74,Female,Medium,Hamptonstad
2325,34,Male,Low,Port Ryanland
2326,49,Female,High,East Lisaville
2327,64,Female,Low,North Davidhaven
2328,71,Female,Medium,Tinamouth
2329,63,Female,Medium,West John
2330,63,Female,High,New Jasonberg
2331,79,Male,Low,Jonesfort
2332,40,Male,Low,Jeffreyside
2333,57,Female,High,Nealtown
2334,63,Male,Medium,Lake Jeremyville
2335,67,Female,High,Carrollstad
2336,67,Male,Low,Deckerburgh
2337,19,Female,Low,West Brittneyside
2338,64,Female,Low,Markstad
2339,71,Male,High,Smithshire
2340,48,Male,High,West Katherine
2341,71,Female,Low,North Kimberlyland
2342,80,Male,Low,Sophiaport
2343,33,Female,Low,South Jennifer
2344,25,Male,Low,Johnsonfort
2345,31,Female,Low,Russellberg
2346,53,Female,Medium,Sarastad
2347,68,Female,Low,Robertside
2348,68,Male,Low,East Hannahhaven
2349,49,Female,Medium,Jamesborough
2350,78,Male,Low,Phillipsberg
2351,52,Female,Medium,East Jenna
2352,63,Male,Low,Cooperfurt
2353,23,Male,High,North Andrew
2354,22,Male,Medium,East Matthew
2355,58,Female,Low,Jacobstown
2356,79,Male,Medium,East Trevorview
2357,41,Female,Low,East Zacharystad
2358,41,Male,Low,Larsontown
2359,40,Female,Medium,Jennifertown
2360,77,Female,Medium,Woodstad
2361,32,Male,High,Lake Samantha
2362,59,Female,High,Raymondmouth
2363,71,Female,Low,East Latoyamouth
2364,77,Male,Medium,Leahbury
2365,77,Male,Low,North Paul
2366,55,Female,Medium,East Miranda
2367,51,Male,Medium,West Jeremy
2368,57,Male,High,Claudiastad
2369,42,Male,High,Robinsonchester
2370,61,Male,High,North Jamesberg
2371,23,Female,High,Williamsside
2372,34,Female,High,Port Anthony
2373,66,Male,High,East Meganland
2374,71,Male,High,Port Matthewside
2375,79,Male,Medium,Ayersside
2376,32,Male,High,Thomasmouth
2377,80,Male,High,North Kristen
2378,30,Male,High,Taylorberg
2379,46,Female,Medium,West Lisamouth
2380,80,Male,High,Angelaland
2381,66,Female,Medium,East Cindymouth
2382,61,Male,High,Samanthamouth
2383,37,Female,Low,West Michael
2384,29,Male,Medium,New Victoria
2385,43,Male,Medium,New Kyle
2386,48,Male,Low,Melissaburgh
2387,47,Female,Medium,Melissaport
2388,65,Female,Medium,Davisbury
2389,77,Female,High,Martinezberg
2390,55,Female,Medium,Michaelmouth
2391,46,Female,Medium,Grantberg
2392,36,Male,Medium,Nguyenbury
2393,78,Female,Medium,New Crystalfurt
2394,57,Female,Medium,Aliciatown
2395,64,Female,Low,Kimtown
2396,22,Male,Medium,North Pamela
2397,44,Female,High,Lake Steve
2398,57,Female,Medium,New Jonathanside
2399,46,Female,Low,New Mistyport
2400,60,Male,Low,Samuelburgh
2401,54,Male,High,Doylefort
2402,70,Female,Medium,East Tracymouth
2403,59,Male,High,Port Joel
2404,32,Female,Low,Lake Jamie
2405,35,Male,Low,New Robert
2406,73,Female,High,Bennettmouth
2407,39,Male,Low,Lake Laurie
2408,37,Female,Medium,East Ryanstad
2409,43,Male,Low,East Sarah
2410,40,Male,High,North Katherine
2411,76,Female,Medium,New Kristaton
2412,32,Female,Medium,Robertofurt
2413,70,Male,Low,Johnsonhaven
2414,28,Male,Medium,Adamview
2415,21,Female,Medium,South Colleenton
2416,43,Male,Low,East Amandaberg
2417,62,Female,High,East Karen
2418,33,Male,High,South Maryville
2419,53,Female,Low,West Daniel
2420,24,Female,Medium,East Gregoryfurt
2421,66,Male,Medium,Theresatown
2422,44,Female,High,Wardmouth
2423,42,Male,Medium,New Antonio
2424,28,Female,High,New Michelleport
2425,69,Male,Low,South Lori
2426,72,Male,High,New Anthony
2427,23,Female,Medium,New Michael
2428,34,Male,High,North Robert
2429,41,Male,Medium,New Jonathanton
2430,45,Male,Low,Lake Nicole
2431,49,Female,High,East Robert
2432,58,Male,Low,Lake Christina
2433,60,Male,High,Brownport
2434,48,Male,Medium,West Roberthaven
2435,70,Male,Low,New Robin
2436,45,Male,Low,North Rodney
2437,56,Female,Low,North Heather
2438,52,Male,Medium,Port Sean
2439,23,Female,Low,West Tammy
2440,20,Male,High,East Virginia
2441,18,Female,Low,West Jessica
2442,32,Female,Medium,North Oscar
2443,40,Male,Medium,Melissamouth
2444,68,Female,High,Freemanborough
2445,47,Male,High,Jaimeview
2446,77,Female,Low,South Marvinville
2447,39,Male,Low,New David
2448,34,Male,High,West Tarabury
2449,51,Male,Low,Jasonfurt
2450,78,Male,Medium,Lake Sarah
2451,26,Male,Medium,Port Derekmouth
2452,63,Male,Medium,East Michael
2453,78,Male,High,North Amberview
2454,32,Female,Low,Lake Courtneyshire
2455,41,Male,High,Melanieborough
2456,61,Female,High,South Melissaton
2457,60,Male,Medium,New Peter
2458,29,Male,Medium,New Catherinechester
2459,79,Female,Low,North David
2460,46,Female,Low,Blackwellborough
2461,60,Female,Medium,Lake Melissachester
2462,42,Male,Low,South Catherine
2463,44,Female,Low,Grayville
2464,64,Female,High,East Rebecca
2465,30,Female,Medium,Estradachester
2466,20,Male,Low,Gutierrezville
2467,37,Male,Medium,New Richardview
2468,43,Female,Medium,East Victor
2469,20,Male,Medium,East Justin
2470,47,Male,Medium,New Heather
2471,25,Female,High,East James
2472,52,Female,Low,Port Johnchester
2473,69,Female,Medium,West Jillian
2474,77,Female,High,East Maria
2475,35,Female,Low,New Adamtown
2476,50,Female,High,Toddville
2477,70,Female,High,Port Jessica
2478,39,Male,Low,Port Robertmouth
2479,25,Male,Medium,West Dana
2480,61,Male,Low,Mullenburgh
2481,68,Female,Low,Farleyborough
2482,78,Female,High,South Gregory
2483,62,Male,High,East Darleneshire
2484,53,Male,Medium,Lake Patriciaport
2485,47,Male,Medium,Lake Stevenmouth
2486,77,Male,Medium,New Kaylaborough
2487,27,Male,Medium,Pruittfort
2488,63,Male,Medium,Edwardville
2489,66,Male,Medium,New Sheliachester
2490,58,Male,Medium,Harrisonton
2491,78,Male,High,North Rachelborough
2492,66,Male,Low,Coleburgh
2493,71,Female,High,East Beth
2494,54,Male,High,Batesfort
2495,20,Male,Low,Brianchester
2496,48,Female,Low,Johnmouth
2497,30,Female,Medium,Jenniferberg
2498,49,Male,High,South Jeffreyton
2499,31,Female,Low,South Barbarahaven
2500,35,Male,High,West Ryan
2501,20,Female,Medium,West Jimmyborough
2502,72,Female,High,New Kellychester
2503,26,Male,Low,Amyhaven
2504,55,Female,Low,Melissaport
2505,38,Male,Medium,Williambury
2506,34,Female,Medium,Christinamouth
2507,43,Female,High,North Jeffrey
2508,36,Male,Low,Jefferyland
2509,70,Female,Low,Reyesside
2510,47,Male,Low,Michaelside
2511,41,Male,Low,New Tara
2512,39,Female,Medium,Tanyaport
2513,80,Female,High,Jenkinsville
2514,30,Male,Low,West Charles
2515,68,Female,High,Monicamouth
2516,50,Female,Low,Martinezton
2517,21,Female,Low,New Johnburgh
2518,77,Female,Low,South Danielleberg
2519,65,Male,High,West Joe
2520,30,Male,Medium,Lowetown
2521,58,Male,Low,Dennisfort
2522,26,Female,Low,Ginaburgh
2523,19,Female,Low,East Kristamouth
2524,75,Female,Medium,East Christinamouth
2525,48,Male,High,West Charles
2526,47,Male,Low,Erichaven
2527,70,Female,High,Williamsonfurt
2528,30,Male,High,Johnathanmouth
2529,59,Male,Low,South Barbarafurt
2530,31,Male,High,South Gerald
2531,63,Male,High,Williamtown
2532,80,Male,High,West Josephberg
2533,45,Female,High,South Ryan
2534,25,Male,Low,North Shelly
2535,32,Female,Low,Port Kathleen
2536,35,Female,Medium,Deborahfort
2537,45,Male,Low,Lake Anthonyview
2538,58,Female,Medium,Joshuaville
2539,62,Female,Medium,Jenniferland
2540,67,Male,High,Travisburgh
2541,64,Male,Low,Huntview
2542,45,Male,High,Davishaven
2543,50,Female,Medium,Port Corychester
2544,79,Male,Low,South Emilyberg
2545,24,Male,High,Port Dominicchester
2546,27,Male,Low,Michaelhaven
2547,55,Male,Low,Michelleport
2548,46,Female,Medium,Lake David
2549,73,Male,Low,East Kevin
2550,35,Female,Medium,Cathyton
2551,46,Female,Medium,South Cherylhaven
2552,54,Male,High,Jacksonshire
2553,27,Female,High,Port Robertland
2554,54,Male,High,South Jessica
2555,48,Male,Low,Davidhaven
2556,42,Male,Medium,Emilymouth
2557,65,Female,Low,Pattersonton
2558,64,Male,High,Thompsonberg
2559,43,Male,Medium,South Nicholas
2560,62,Male,High,Kaylamouth
2561,67,Male,High,Hollyville
2562,53,Female,Medium,Powersland
2563,27,Male,Low,North Stacy
2564,49,Male,Low,West Kimberlyhaven
2565,39,Female,High,Lake Anthony
2566,71,Female,Low,West Allisonfurt
2567,37,Male,Medium,West Steven
2568,70,Male,High,South Rachelville
2569,46,Male,Medium,Davisside
2570,28,Female,Medium,Shannontown
2571,70,Male,High,Donaldburgh
2572,64,Male,Low,South Joel
2573,18,Male,Medium,Monicaburgh
2574,31,Male,High,Dustinland
2575,53,Female,Medium,Port Matthew
2576,63,Male,Medium,East Troy
2577,27,Female,Low,Morrisville
2578,51,Male,Low,Armstrongport
2579,54,Female,High,Rhondabury
2580,42,Male,High,Christinaburgh
2581,55,Male,Low,Port Jennifer
2582,34,Male,Medium,New James
2583,55,Male,Medium,New Katrinaport
2584,49,Female,Low,Port Paula
2585,73,Male,High,West Isabellamouth
2586,79,Male,Low,New Garyside
2587,43,Male,Medium,Hollybury
2588,64,Female,High,Elizabethfort
2589,74,Female,Medium,Hensleychester
2590,65,Male,Low,West Teresaberg
2591,36,Female,Low,Baileyton
2592,70,Female,Medium,New Bradley
2593,33,Female,Medium,Claytonberg
2594,47,Male,Low,Johnsonhaven
2595,67,Female,High,South Zachary
2596,70,Male,Low,Adamfurt
2597,50,Male,Medium,New Ericburgh
2598,35,Female,Low,Williamsland
2599,76,Female,High,Christineton
2600,69,Female,Medium,South Michelemouth
2601,18,Female,Medium,South Cindy
2602,23,Male,Low,North Derekmouth
2603,80,Male,High,New Donald
2604,32,Female,High,New Christine
2605,75,Female,Medium,Barnesfurt
2606,59,Female,Medium,Greenstad
2607,42,Male,Medium,Gardnerberg
2608,52,Female,High,Hectorview
2609,56,Male,Low,North Allison
2610,65,Female,Low,Dennisfurt
2611,44,Male,High,Port Mollyfurt
2612,69,Male,Medium,North Jeremyfurt
2613,70,Male,Low,Carrieside
2614,64,Male,High,Port Amanda
2615,37,Male,Medium,South Victoriafurt
2616,61,Female,Medium,New Jacquelinehaven
2617,37,Female,Low,Grantport
2618,60,Male,Medium,East Scottfurt
2619,18,Male,High,North Brian
2620,78,Male,High,New Tammyberg
2621,65,Male,Low,West Patricia
2622,27,Male,Low,Burgessmouth
2623,76,Female,Low,Lake Paulstad
2624,34,Female,Low,Austinhaven
2625,28,Male,Medium,Wolfestad
2626,71,Female,High,North Jasmine
2627,32,Male,High,Bradyside
2628,33,Male,Low,Gordontown
2629,65,Male,High,Hernandezton
2630,41,Male,Medium,Monicaland
2631,34,Female,Medium,New Jack
2632,54,Male,Low,Wattsbury
2633,38,Male,Low,Mccannfurt
2634,66,Male,Medium,East Ryanfurt
2635,21,Male,Low,Port Lisahaven
2636,19,Male,High,Jonesborough
2637,55,Female,Medium,West Jose
2638,44,Male,Medium,Lake Benjamin
2639,40,Female,Low,West Darren
2640,29,Male,High,Holdershire
2641,23,Female,Medium,Brittanyburgh
2642,72,Male,High,East Susan
2643,78,Female,Medium,Castilloberg
2644,78,Female,Low,New Rebeccamouth
2645,73,Male,High,Carlborough
2646,38,Male,Low,East Jasonhaven
2647,76,Female,Medium,Stricklandborough
2648,25,Male,Low,Garzaville
2649,44,Male,High,Murphyshire
2650,48,Male,Medium,Elainebury
2651,24,Female,Medium,Peterville
2652,58,Female,Low,Victoriahaven
2653,49,Female,Low,Yorkport
2654,67,Female,Medium,West Jaclyn
2655,21,Male,High,Darinside
2656,27,Female,High,Mariahfurt
2657,32,Female,Low,New Timothychester
2658,42,Female,Low,Lake Darius
2659,49,Male,High,Ortizside
2660,49,Female,High,Alyssaview
2661,42,Male,Medium,New Ashley
2662,71,Female,Low,West Nichole
2663,26,Female,Low,Tammyfort
2664,53,Female,Low,Port Paul
2665,20,Male,High,Arroyostad
2666,35,Female,High,Rhondamouth
2667,56,Female,High,Kirbychester
2668,69,Male,Low,South Josephfurt
2669,34,Female,Medium,Shannonport
2670,79,Male,High,West Tara
2671,71,Male,Low,Jamesborough
2672,54,Male,Medium,Stevenhaven
2673,71,Male,Medium,New Jessicashire
2674,65,Female,Low,Karenchester
2675,32,Female,Low,East Amandahaven
2676,56,Male,Low,Gilmoreville
2677,20,Female,Low,Thomasside
2678,29,Male,High,Sierraland
2679,37,Female,High,Boydfort
2680,36,Male,Low,Gonzalesborough
2681,66,Male,Medium,Cindymouth
2682,40,Female,Medium,Brandytown
2683,75,Female,High,Port Jennifer
2684,34,Male,High,Lake Nicole
2685,79,Female,Low,Thomasborough
2686,57,Male,High,South Jenniferhaven
2687,47,Female,High,Jesseport
2688,71,Female,High,Lake Kristastad
2689,56,Male,Medium,Mcconnellport
2690,30,Female,High,New Michelleshire
2691,20,Male,Medium,Ruthport
2692,37,Female,Medium,South Rachel
2693,31,Male,Low,Christopherstad
2694,62,Female,Medium,Brooksshire
2695,23,Male,High,Courtneyport
2696,41,Female,Medium,West Roberttown
2697,54,Female,Low,Lake Chelsea
2698,44,Male,Medium,East Mark
2699,41,Male,Low,Lake Olivia
2700,44,Female,Low,North Caitlin
2701,23,Male,High,New Thomas
2702,24,Female,Medium,Lake Kristina
2703,27,Female,High,Andersonland
2704,38,Male,Low,Port Thomas
2705,49,Female,Low,South Richardborough
2706,39,Male,Medium,East Tylerton
2707,52,Female,Medium,New Jeanmouth
2708,71,Male,Low,East Robert
2709,48,Female,Medium,Murphyfort
2710,48,Female,High,Matthewtown
2711,76,Female,Low,Butlermouth
2712,19,Female,High,Bakerview
2713,20,Female,High,Sarahton
2714,21,Female,High,East Nicholas
2715,58,Female,High,Carrollmouth
2716,58,Male,Low,New Teresa
2717,76,Female,Medium,Lewisfurt
2718,66,Male,Low,Jacksonport
2719,19,Male,High,Lauriebury
2720,55,Female,Medium,Watsonville
2721,78,Male,Low,Larryland
2722,37,Female,Low,Billychester
2723,18,Female,Medium,Brianhaven
2724,37,Female,Low,Lake Angelafort
2725,69,Male,Low,Diazborough
2726,60,Male,Low,Elizabethbury
2727,50,Male,High,Randallchester
2728,59,Male,Low,South Dakotaville
2729,22,Male,Low,Tracyport
2730,74,Female,Medium,North Kelsey
2731,69,Male,Low,North Jonathan
2732,73,Male,High,West Kimberly
2733,29,Male,High,Jacquelinemouth
2734,24,Male,High,Matthewsport
2735,40,Male,Medium,Jacksonstad
2736,56,Male,Medium,Mariahton
2737,21,Female,High,New Antonioville
2738,29,Male,High,North Heatherbury
2739,76,Female,Low,North Christopher
2740,29,Male,High,New James
2741,20,Male,Medium,East Brad
2742,44,Male,Low,East Alexandertown
2743,40,Female,High,East Christopherland
2744,32,Female,High,Hollyland
2745,59,Male,High,Strongberg
2746,80,Male,Medium,South Mikayla
2747,18,Male,Medium,Williamshaven
2748,57,Male,Medium,Jeffreyfort
2749,57,Male,High,Carlsonton
2750,61,Male,Low,Denniston
2751,44,Male,Medium,Deleonchester
2752,25,Female,Medium,Roblesside
2753,57,Female,Medium,Raymondland
2754,61,Male,Medium,South David
2755,22,Male,High,Warnermouth
2756,35,Male,Low,Lunamouth
2757,80,Female,Low,East Karen
2758,52,Female,Medium,Turnermouth
2759,29,Female,Medium,Paulbury
2760,52,Male,Low,South Christopherville
2761,60,Female,High,South Sarah
2762,60,Female,Medium,Morganport
2763,51,Male,High,Juliaview
2764,25,Female,High,Joneston
2765,51,Male,High,Dawnhaven
2766,36,Female,High,Port Kristen
2767,59,Female,Low,South Brittneytown
2768,78,Male,Medium,Joshuaside
2769,60,Male,Low,West Reginald
2770,39,Female,High,Matthewport
2771,65,Male,High,North Jamesview
2772,73,Female,High,Joshuaside
2773,34,Female,High,West Glennport
2774,23,Female,High,Cassandrastad
2775,67,Male,High,Davidfurt
2776,43,Female,High,South Steven
2777,68,Male,Low,Port Daniel
2778,32,Female,Low,Walshtown
2779,51,Male,High,Robertsville
2780,79,Male,Medium,East Sethchester
2781,71,Female,High,Joseside
2782,51,Male,Medium,East Allen
2783,43,Male,Low,South Teresa
2784,78,Male,Medium,Mooreburgh
2785,23,Female,High,North Charlesberg
2786,53,Female,High,Annashire
2787,70,Female,High,North Jasonchester
2788,69,Female,Medium,North Meganside
2789,19,Male,Medium,West Samanthachester
2790,48,Female,High,Montoyashire
2791,47,Male,High,Spencerside
2792,34,Female,Low,Littletown
2793,73,Male,Medium,South Kelly
2794,73,Male,Medium,Jessicamouth
2795,77,Male,Low,Stuartmouth
2796,67,Female,Low,Michaelstad
2797,75,Male,Low,North Juanmouth
2798,78,Male,Medium,Lake Williammouth
2799,43,Female,Low,Littlemouth
2800,58,Female,High,Joanntown
2801,52,Male,High,Ashleyview
2802,25,Female,Medium,Bowenshire
2803,43,Female,Low,New Lauren
2804,64,Male,Low,East Josephburgh
2805,57,Male,Medium,Edwardsview
2806,46,Male,Medium,Harthaven
2807,54,Male,Low,West Crystal
2808,57,Female,High,Madelineborough
2809,36,Female,Medium,New Sonya
2810,56,Male,Low,Josephstad
2811,27,Male,Low,East Johnside
2812,18,Male,High,West Sabrina
2813,24,Male,High,Richardsborough
2814,50,Male,Medium,Port Marc
2815,19,Male,Low,Phillipville
2816,69,Female,High,Miguelhaven
2817,66,Female,High,North Rachelton
2818,22,Male,Low,New Samantha
2819,43,Female,Medium,Lake Jenniferport
2820,34,Female,Low,Port Erictown
2821,65,Male,High,North Donna
2822,73,Female,Low,Maryport
2823,41,Female,Medium,Jerryton
2824,29,Female,Low,Elliottport
2825,32,Female,Medium,Jeromeberg
2826,63,Female,Medium,East Travis
2827,36,Male,Low,Smithville
2828,30,Male,High,North Robert
2829,78,Male,High,West Patricialand
2830,30,Female,High,New Lindsey
2831,72,Female,Medium,Jameshaven
2832,49,Male,Medium,North Logan
2833,29,Female,Medium,North Jonmouth
2834,76,Male,Medium,Williamshaven
2835,44,Female,Low,West Mercedesborough
2836,64,Female,Low,East Jennifer
2837,37,Female,High,Ambermouth
2838,77,Male,Medium,Johnville
2839,74,Female,Medium,Port Zacharyborough
2840,37,Female,Medium,Port Patrick
2841,28,Male,Low,Lake Darryl
2842,40,Male,High,Colinton
2843,64,Female,Low,New Vincentview
2844,71,Female,Medium,Alexandraside
2845,40,Female,High,Smithview
2846,49,Male,Medium,Gabriellaport
2847,47,Female,Low,Shahstad
2848,70,Male,High,New Aaron
2849,35,Male,Low,Port Victoriaport
2850,60,Male,High,Port Deanport
2851,37,Female,Medium,Port Jessicatown
2852,38,Female,Low,Levineberg
2853,51,Female,High,Williamfort
2854,66,Male,Medium,North Brenthaven
2855,29,Female,Low,Johnton
2856,73,Male,Medium,Johnsonville
2857,41,Male,Low,East Ericbury
2858,59,Male,Low,Sanchezbury
2859,72,Female,Medium,East Stephanieville
2860,52,Female,Medium,Rebeccaton
2861,24,Female,High,South Adam
2862,35,Female,Medium,Clarktown
2863,53,Female,High,Jefferychester
2864,47,Male,Low,New Yolandatown
2865,39,Female,High,Brewerland
2866,40,Male,Medium,Mirandaland
2867,68,Male,Medium,New Lindsayfurt
2868,32,Male,Medium,North Garrettstad
2869,27,Female,Low,South Michaelfurt
2870,52,Female,Low,Ericaburgh
2871,50,Male,Medium,Millerland
2872,36,Male,Medium,West Leslie
2873,73,Male,Low,Lake Taylor
2874,45,Female,Low,North Catherinefort
2875,31,Female,Low,South Jamesmouth
2876,74,Male,Low,Allenberg
2877,44,Female,Medium,Cameronport
2878,19,Male,Low,Port Davidtown
2879,59,Female,High,South Aliciaport
2880,55,Male,High,West Meganchester
2881,34,Male,High,Port Dustin
2882,54,Male,Medium,Tylerhaven
2883,72,Male,Low,Port Brittany
2884,33,Male,High,Port James
2885,27,Male,Medium,Port Brandi
2886,39,Female,Low,East Joseph
2887,55,Male,Low,Fryehaven
2888,36,Female,Low,Cindybury
2889,53,Female,Low,Markberg
2890,50,Female,Medium,Snyderburgh
2891,66,Male,Low,Ramirezborough
2892,38,Female,Medium,East Melissahaven
2893,30,Male,High,Jodishire
2894,45,Male,Low,Michaeltown
2895,77,Female,Low,Lopezside
2896,53,Male,High,North Yolanda
2897,67,Male,High,Leonardberg
2898,41,Female,High,New Thomasville
2899,29,Male,Medium,South Jared
2900,19,Male,High,Port Michael
2901,38,Female,Low,Brianmouth
2902,29,Male,Medium,Lake Richard
2903,19,Male,Medium,Quinnview
2904,77,Female,Low,North Patrickmouth
2905,34,Female,Medium,Blackside
2906,60,Male,Medium,Lindachester
2907,71,Male,Low,North Lauren
2908,20,Male,Low,Port James
2909,43,Female,Medium,Lake Jon
2910,45,Male,High,Johnburgh
2911,72,Male,High,Smithfurt
2912,29,Male,Low,North Richard
2913,77,Male,Low,Walshbury
2914,53,Male,High,East Alison
2915,41,Male,Medium,New Michael
2916,77,Female,Low,New Danielborough
2917,25,Female,Low,Mitchellton
2918,46,Female,Low,West Karastad
2919,49,Female,Medium,Randallmouth
2920,36,Female,High,Port Samantha
2921,35,Female,Medium,North Tiffany
2922,62,Male,High,South Madisonburgh
2923,28,Male,High,West Philiptown
2924,60,Female,High,South Alexandra
2925,36,Male,High,Hendersonborough
2926,67,Female,Medium,West Justin
2927,41,Male,High,Bowmanside
2928,53,Male,Low,Owensmouth
2929,78,Male,Medium,Rodneychester
2930,78,Female,Medium,Elizabethborough
2931,75,Male,Medium,Josephborough
2932,45,Female,Medium,Lake Monica
2933,31,Male,Medium,Jilltown
2934,70,Male,Medium,New Jenniferview
2935,70,Female,Low,Lake Michael
2936,19,Female,Low,West Jasonton
2937,18,Male,Medium,East Jasonside
2938,54,Female,High,Lake Juliafort
2939,36,Female,Medium,West Lindaview
2940,22,Male,Medium,Megantown
2941,21,Male,High,Rachaelview
2942,34,Female,Low,Diazburgh
2943,35,Female,Medium,Lake Matthew
2944,65,Male,Medium,South Sarahchester
2945,34,Male,High,Smithbury
2946,53,Female,High,East Coreyhaven
2947,35,Male,Medium,Cobbburgh
2948,66,Female,Medium,New Michellechester
2949,44,Female,High,Lake Kevinfurt
2950,43,Male,Medium,Port Joshuaton
2951,62,Male,Medium,Meganbury
2952,74,Female,High,Kelleyview
2953,67,Female,High,New Joshuafort
2954,29,Female,Medium,Caitlinport
2955,29,Male,Low,Kellyville
2956,37,Female,Low,Andreaburgh
2957,31,Male,Low,New Yvette
2958,79,Female,Low,Normanhaven
2959,51,Female,Medium,Markborough
2960,44,Female,Low,Markfurt
2961,68,Female,Medium,Port Elizabeth
2962,79,Female,High,Port Derek
2963,45,Male,High,Brownport
2964,22,Female,Low,South Gina
2965,62,Female,Low,South Courtney
2966,80,Male,High,Edwardsville
2967,74,Female,Low,Jenniferville
2968,64,Male,Low,Oliverland
2969,57,Female,Medium,Valdezview
2970,46,Female,High,Samanthaville
2971,48,Female,Low,Wuview
2972,80,Female,Low,Melissatown
2973,72,Female,Low,Port Austinland
2974,73,Male,Low,Waynehaven
2975,77,Male,Low,Grayland
2976,44,Male,Low,Stevensbury
2977,58,Female,Low,East Brendamouth
2978,24,Male,Medium,New Christina
2979,26,Male,Low,South Tara
2980,80,Male,Medium,Port Ashley
2981,19,Female,Low,North Nathaniel
2982,58,Female,High,North Taylortown
2983,66,Female,High,East Karen
2984,47,Male,High,Walkerland
2985,47,Male,High,New Elizabethbury
2986,68,Female,Low,West Andrew
2987,40,Male,High,South Jonathanton
2988,55,Male,Medium,Kingport
2989,22,Female,Medium,West Traviston
2990,24,Female,High,Walkerhaven
2991,78,Female,Low,Maldonadostad
2992,32,Female,Low,Torresberg
2993,75,Male,High,Smithburgh
2994,62,Male,Low,Pamelaborough
2995,51,Female,Medium,New Henry
2996,37,Male,High,North Janet
2997,53,Male,Medium,West Joshuaton
2998,57,Female,Medium,Blanchardfort
2999,56,Female,Low,Rodriguezview
3000,58,Female,High,Lindsayville
