membership_id,customer_id,membership_type,membership_status
1,859,platinum,expired
2,217,gold,active
3,516,platinum,expired
4,959,gold,cancelled
5,2208,platinum,cancelled
6,607,gold,active
7,57,gold,active
8,371,silver,expired
9,2386,silver,cancelled
10,2479,gold,active
11,11,platinum,active
12,2039,silver,cancelled
13,1340,platinum,expired
14,1827,silver,active
15,1114,silver,active
16,287,silver,cancelled
17,292,gold,cancelled
18,934,silver,active
19,1791,platinum,active
20,2660,platinum,cancelled
21,1892,gold,active
22,25,silver,active
23,576,platinum,expired
24,121,gold,cancelled
25,1343,gold,cancelled
26,74,platinum,cancelled
27,2328,gold,cancelled
28,2021,gold,expired
29,1322,gold,cancelled
30,923,platinum,cancelled
31,1170,gold,expired
32,410,platinum,expired
33,1997,platinum,expired
34,762,gold,expired
35,68,gold,expired
36,1948,silver,cancelled
37,434,silver,active
38,1040,gold,active
39,2755,silver,cancelled
40,911,platinum,cancelled
41,875,gold,active
42,1257,platinum,cancelled
43,889,platinum,cancelled
44,1784,silver,cancelled
45,1054,platinum,cancelled
46,2644,platinum,cancelled
47,806,gold,expired
48,2390,silver,expired
49,1629,silver,expired
50,1625,platinum,expired
51,346,gold,active
52,2682,platinum,active
53,601,silver,active
54,1700,platinum,cancelled
55,860,platinum,expired
56,2495,platinum,cancelled
57,694,gold,expired
58,1918,platinum,expired
59,170,gold,active
60,275,gold,expired
61,2228,silver,cancelled
62,887,platinum,active
63,771,silver,cancelled
64,2092,platinum,expired
65,252,gold,cancelled
66,1496,gold,expired
67,2059,silver,active
68,674,platinum,cancelled
69,2859,gold,cancelled
70,1591,silver,expired
71,1103,gold,cancelled
72,773,platinum,cancelled
73,628,gold,cancelled
74,2996,platinum,active
75,2666,silver,expired
76,47,gold,active
77,2153,silver,active
78,1814,silver,active
79,2229,gold,cancelled
80,2205,silver,expired
81,1020,silver,active
82,527,silver,cancelled
83,1808,platinum,cancelled
84,925,gold,expired
85,2453,gold,expired
86,746,gold,cancelled
87,559,silver,expired
88,2134,gold,cancelled
89,332,platinum,cancelled
90,1663,platinum,expired
91,1280,silver,expired
92,2530,gold,expired
93,1,gold,expired
94,2620,silver,active
95,1480,gold,expired
96,793,silver,active
97,791,platinum,cancelled
98,1515,silver,expired
99,2516,platinum,active
100,957,platinum,expired
101,1875,silver,cancelled
102,2473,silver,cancelled
103,1805,gold,active
104,2550,platinum,expired
105,1214,silver,cancelled
106,819,silver,cancelled
107,102,gold,expired
108,1781,platinum,cancelled
109,1369,gold,active
110,186,platinum,active
111,2412,platinum,cancelled
112,249,gold,expired
113,1858,platinum,active
114,1394,platinum,active
115,2327,gold,expired
116,389,platinum,expired
117,108,gold,cancelled
118,1267,gold,active
119,1239,gold,expired
120,2920,platinum,cancelled
121,765,platinum,expired
122,1499,platinum,cancelled
123,1282,silver,cancelled
124,1210,platinum,cancelled
125,1807,platinum,cancelled
126,1276,platinum,cancelled
127,1743,silver,expired
128,2517,silver,active
129,719,gold,active
130,440,gold,expired
131,663,platinum,expired
132,40,gold,cancelled
133,2329,silver,cancelled
134,223,platinum,cancelled
135,1133,platinum,active
136,2247,platinum,cancelled
137,2996,silver,expired
138,1684,gold,expired
139,1112,silver,cancelled
140,2547,platinum,active
141,1841,gold,active
142,382,platinum,cancelled
143,369,gold,active
144,61,silver,active
145,1363,platinum,expired
146,2634,platinum,cancelled
147,1979,gold,active
148,1717,silver,expired
149,2564,gold,expired
150,1471,gold,active
151,1112,platinum,expired
152,309,platinum,active
153,892,gold,expired
154,2368,silver,expired
155,791,silver,active
156,9,gold,cancelled
157,1762,platinum,cancelled
158,1834,platinum,active
159,102,platinum,cancelled
160,1564,gold,expired
161,129,platinum,cancelled
162,2677,silver,active
163,770,platinum,expired
164,657,silver,cancelled
165,1645,platinum,active
166,128,silver,cancelled
167,2130,silver,expired
168,1810,gold,active
169,276,silver,active
170,2028,gold,active
171,269,gold,cancelled
172,2579,gold,cancelled
173,1629,silver,expired
174,547,platinum,expired
175,1919,platinum,cancelled
176,1145,platinum,cancelled
177,695,silver,active
178,2981,silver,cancelled
179,2149,gold,expired
180,1625,gold,active
181,951,platinum,cancelled
182,1360,platinum,cancelled
183,496,gold,expired
184,2624,platinum,cancelled
185,587,platinum,expired
186,2595,silver,cancelled
187,156,platinum,cancelled
188,2301,silver,expired
189,1203,silver,expired
190,514,platinum,expired
191,958,silver,cancelled
192,2810,gold,active
193,2697,silver,expired
194,1016,gold,cancelled
195,1084,platinum,cancelled
196,1820,gold,expired
197,1726,platinum,active
198,2640,gold,expired
199,1719,platinum,active
200,2282,platinum,active
201,1053,platinum,expired
202,392,platinum,active
203,421,platinum,active
204,1929,platinum,cancelled
205,493,silver,active
206,14,gold,expired
207,2023,gold,cancelled
208,450,gold,expired
209,234,platinum,active
210,149,silver,expired
211,996,gold,expired
212,1834,platinum,expired
213,1803,silver,expired
214,1685,platinum,active
215,1476,platinum,expired
216,490,platinum,cancelled
217,1118,silver,cancelled
218,1135,platinum,cancelled
219,385,silver,expired
220,1499,silver,cancelled
221,1787,gold,cancelled
222,1485,silver,expired
223,1033,platinum,active
224,1591,gold,cancelled
225,923,silver,active
226,1499,silver,active
227,2733,platinum,expired
228,2525,silver,expired
229,2194,silver,active
230,2932,silver,expired
231,1555,silver,cancelled
232,2185,platinum,cancelled
233,2300,gold,expired
234,2975,gold,expired
235,2746,platinum,cancelled
236,1821,platinum,expired
237,2648,platinum,cancelled
238,2567,gold,expired
239,2064,platinum,expired
240,2285,silver,expired
241,2544,platinum,active
242,1843,silver,expired
243,755,platinum,expired
244,530,silver,cancelled
245,227,platinum,expired
246,1184,platinum,cancelled
247,1292,gold,cancelled
248,1037,gold,expired
249,2970,silver,cancelled
250,2897,gold,active
251,563,platinum,expired
252,1136,silver,cancelled
253,1314,gold,cancelled
254,50,gold,cancelled
255,1941,platinum,expired
256,118,silver,expired
257,721,silver,active
258,695,gold,cancelled
259,1935,silver,expired
260,917,platinum,active
261,2004,gold,expired
262,2532,silver,expired
263,2136,gold,active
264,2880,gold,active
265,2572,platinum,cancelled
266,2167,platinum,active
267,1834,gold,cancelled
268,408,gold,cancelled
269,630,silver,cancelled
270,1327,silver,expired
271,2245,platinum,expired
272,1610,platinum,active
273,528,silver,active
274,877,silver,cancelled
275,759,gold,active
276,2558,silver,expired
277,2416,silver,cancelled
278,2937,silver,expired
279,2499,silver,expired
280,1833,silver,cancelled
281,313,silver,cancelled
282,835,platinum,expired
283,2354,silver,cancelled
284,845,gold,cancelled
285,329,gold,cancelled
286,2086,silver,cancelled
287,606,gold,active
288,2191,gold,cancelled
289,2905,platinum,cancelled
290,1619,gold,cancelled
291,60,platinum,active
292,1840,gold,active
293,2980,platinum,active
294,188,platinum,cancelled
295,717,platinum,expired
296,682,gold,active
297,1305,platinum,active
298,464,platinum,cancelled
299,1449,platinum,cancelled
300,1093,silver,active
301,718,platinum,cancelled
302,1797,platinum,expired
303,131,silver,expired
304,2681,gold,active
305,1297,gold,active
306,855,platinum,active
307,1078,gold,active
308,1050,gold,expired
309,1866,platinum,active
310,2410,silver,expired
311,1966,platinum,active
312,1830,silver,cancelled
313,1352,silver,expired
314,2705,gold,expired
315,1986,silver,active
316,279,platinum,expired
317,234,silver,expired
318,1100,gold,expired
319,157,gold,active
320,2881,silver,cancelled
321,939,gold,expired
322,417,silver,cancelled
323,518,platinum,expired
324,2197,silver,cancelled
325,2435,silver,active
326,1823,gold,expired
327,471,silver,cancelled
328,892,platinum,expired
329,1784,gold,active
330,2660,gold,expired
331,2162,gold,expired
332,1495,gold,cancelled
333,1450,platinum,cancelled
334,2439,gold,cancelled
335,2,silver,active
336,1775,silver,active
337,1468,gold,expired
338,983,platinum,active
339,2135,platinum,active
340,1091,gold,active
341,420,platinum,cancelled
342,789,gold,expired
343,529,gold,cancelled
344,1005,platinum,expired
345,230,platinum,cancelled
346,198,platinum,expired
347,2068,platinum,active
348,2417,gold,active
349,1959,gold,active
350,1676,platinum,cancelled
351,1527,gold,active
352,2239,gold,active
353,1652,gold,cancelled
354,231,platinum,active
355,1642,gold,cancelled
356,448,gold,expired
357,28,gold,cancelled
358,2489,platinum,cancelled
359,120,platinum,active
360,2855,platinum,active
361,601,gold,expired
362,520,silver,active
363,1772,silver,cancelled
364,124,platinum,expired
365,741,gold,active
366,488,gold,expired
367,2003,platinum,cancelled
368,1544,platinum,cancelled
369,2823,gold,expired
370,2206,silver,expired
371,1699,silver,active
372,2430,silver,cancelled
373,1641,gold,cancelled
374,1844,gold,cancelled
375,1516,platinum,cancelled
376,251,silver,cancelled
377,114,gold,active
378,1186,silver,cancelled
379,410,gold,cancelled
380,1722,gold,expired
381,1802,platinum,expired
382,2464,gold,active
383,2913,silver,active
384,2136,gold,cancelled
385,1908,silver,expired
386,2913,platinum,expired
387,2505,gold,cancelled
388,771,gold,active
389,2683,platinum,expired
390,1584,silver,cancelled
391,1592,silver,expired
392,792,silver,cancelled
393,2018,silver,expired
394,1556,platinum,expired
395,753,silver,cancelled
396,147,silver,cancelled
397,1511,gold,cancelled
398,1057,platinum,cancelled
399,2488,platinum,expired
400,1791,silver,active
401,1924,gold,active
402,1665,platinum,active
403,1478,gold,cancelled
404,2147,platinum,cancelled
405,2802,silver,active
406,1032,platinum,cancelled
407,1913,platinum,active
408,2845,platinum,cancelled
409,510,silver,expired
410,2101,gold,expired
411,1508,gold,expired
412,2645,silver,cancelled
413,2085,platinum,expired
414,573,silver,active
415,1775,silver,cancelled
416,1290,platinum,cancelled
417,2006,platinum,cancelled
418,2815,silver,active
419,1855,silver,cancelled
420,1681,platinum,cancelled
421,2291,gold,expired
422,1010,platinum,active
423,580,platinum,expired
424,1554,silver,expired
425,1277,silver,cancelled
426,689,platinum,active
427,479,gold,cancelled
428,2364,gold,active
429,890,platinum,expired
430,2413,gold,expired
431,2670,platinum,cancelled
432,2997,gold,expired
433,917,silver,expired
434,785,gold,expired
435,511,gold,active
436,2207,gold,active
437,2290,platinum,expired
438,2081,platinum,active
439,377,platinum,cancelled
440,685,platinum,expired
441,583,gold,expired
442,2627,gold,cancelled
443,1020,gold,cancelled
444,2882,platinum,active
445,1811,silver,cancelled
446,1158,silver,active
447,1215,gold,active
448,2135,silver,active
449,1380,platinum,active
450,1951,platinum,active
451,1955,silver,cancelled
452,353,platinum,cancelled
453,2438,platinum,cancelled
454,1995,silver,cancelled
455,239,gold,expired
456,698,gold,active
457,1640,gold,cancelled
458,355,gold,cancelled
459,2419,platinum,cancelled
460,1317,platinum,expired
461,2981,silver,expired
462,93,silver,active
463,298,gold,active
464,1235,gold,expired
465,960,gold,active
466,1990,platinum,active
467,2452,silver,expired
468,884,platinum,expired
469,1899,platinum,cancelled
470,345,platinum,expired
471,1184,platinum,active
472,991,gold,cancelled
473,12,platinum,expired
474,830,silver,cancelled
475,2422,platinum,expired
476,102,platinum,cancelled
477,240,silver,active
478,2588,silver,cancelled
479,960,gold,expired
480,2990,platinum,expired
481,160,silver,expired
482,2008,gold,cancelled
483,1778,silver,cancelled
484,2771,silver,active
485,2017,gold,cancelled
486,2134,silver,active
487,549,gold,active
488,2547,silver,cancelled
489,598,gold,expired
490,2622,gold,cancelled
491,345,platinum,expired
492,1674,silver,expired
493,2727,gold,active
494,2966,silver,cancelled
495,389,gold,cancelled
496,1962,gold,active
497,1822,silver,expired
498,1259,silver,expired
499,852,silver,cancelled
500,215,platinum,expired
501,2036,silver,cancelled
502,1135,silver,active
503,440,platinum,expired
504,2878,silver,active
505,1287,silver,expired
506,2807,platinum,expired
507,426,silver,active
508,634,platinum,active
509,249,gold,active
510,2708,platinum,active
511,2837,silver,active
512,369,silver,active
513,164,silver,cancelled
514,663,gold,expired
515,2445,platinum,active
516,261,gold,active
517,610,gold,active
518,1221,gold,expired
519,1813,gold,cancelled
520,1368,platinum,cancelled
521,2939,silver,active
522,747,silver,active
523,83,platinum,cancelled
524,669,platinum,active
525,294,platinum,cancelled
526,875,platinum,active
527,2130,silver,expired
528,2204,platinum,expired
529,2066,platinum,active
530,1486,gold,active
531,1549,platinum,expired
532,483,silver,cancelled
533,815,gold,cancelled
534,518,platinum,expired
535,680,platinum,active
536,1252,silver,expired
537,357,silver,expired
538,2151,platinum,active
539,2110,platinum,active
540,1478,platinum,active
541,1538,silver,expired
542,2153,platinum,active
543,605,silver,active
544,2492,silver,active
545,2205,gold,expired
546,1962,gold,active
547,2785,silver,expired
548,336,platinum,cancelled
549,956,platinum,active
550,2898,platinum,expired
551,1948,gold,cancelled
552,1261,silver,active
553,913,gold,cancelled
554,582,platinum,expired
555,2814,gold,cancelled
556,1662,platinum,cancelled
557,2190,silver,active
558,144,platinum,active
559,698,silver,expired
560,957,gold,expired
561,1949,gold,cancelled
562,1399,silver,cancelled
563,628,gold,expired
564,2175,gold,expired
565,99,silver,expired
566,2644,gold,expired
567,35,silver,expired
568,1383,platinum,expired
569,2244,silver,expired
570,1553,gold,cancelled
571,2913,silver,expired
572,462,platinum,cancelled
573,1620,platinum,expired
574,158,platinum,expired
575,2401,silver,cancelled
576,989,gold,expired
577,1786,gold,active
578,2106,platinum,active
579,1296,platinum,cancelled
580,1764,silver,cancelled
581,2591,silver,cancelled
582,191,gold,cancelled
583,2690,gold,expired
584,310,silver,cancelled
585,2539,silver,cancelled
586,594,platinum,active
587,222,silver,expired
588,1620,platinum,cancelled
589,1058,silver,active
590,118,gold,active
591,1134,platinum,expired
592,2590,silver,active
593,1060,gold,cancelled
594,1082,gold,cancelled
595,1988,gold,cancelled
596,1232,gold,active
597,2,gold,cancelled
598,2629,gold,active
599,1882,gold,expired
600,1276,platinum,expired
601,484,silver,expired
602,2640,silver,cancelled
603,2455,platinum,expired
604,2398,gold,expired
605,2209,silver,active
606,681,silver,expired
607,17,gold,cancelled
608,2975,gold,active
609,1083,silver,expired
610,2539,silver,expired
611,582,silver,cancelled
612,313,silver,cancelled
613,1123,platinum,cancelled
614,1910,silver,active
615,1025,platinum,expired
616,1342,gold,active
617,289,silver,expired
618,1784,silver,expired
619,1874,silver,cancelled
620,144,platinum,active
621,1576,silver,active
622,397,gold,expired
623,2527,silver,active
624,146,gold,expired
625,2107,silver,cancelled
626,916,platinum,expired
627,2936,gold,cancelled
628,2910,gold,active
629,995,silver,expired
630,1004,gold,active
631,2311,gold,expired
632,1159,silver,cancelled
633,2039,platinum,expired
634,1362,platinum,cancelled
635,1484,platinum,active
636,1700,gold,active
637,1598,silver,cancelled
638,1101,gold,cancelled
639,598,gold,cancelled
640,1830,platinum,active
641,1003,platinum,expired
642,705,gold,cancelled
643,1321,platinum,cancelled
644,401,gold,cancelled
645,1406,gold,active
646,1817,platinum,active
647,2282,platinum,expired
648,938,silver,expired
649,2081,silver,expired
650,2671,silver,active
651,905,silver,active
652,2955,platinum,expired
653,668,silver,cancelled
654,405,silver,active
655,2123,platinum,expired
656,985,platinum,active
657,286,gold,cancelled
658,1018,gold,active
659,2275,gold,expired
660,1880,platinum,cancelled
661,2989,silver,active
662,979,gold,active
663,1593,gold,cancelled
664,1904,gold,expired
665,1419,platinum,active
666,117,silver,cancelled
667,961,platinum,expired
668,1946,gold,cancelled
669,859,platinum,expired
670,35,gold,active
671,725,platinum,expired
672,1339,silver,expired
673,569,gold,active
674,1938,platinum,expired
675,1268,gold,expired
676,2005,gold,active
677,115,silver,cancelled
678,2837,platinum,expired
679,2169,gold,active
680,480,platinum,cancelled
681,2288,gold,active
682,768,platinum,active
683,2633,silver,cancelled
684,1572,silver,cancelled
685,974,silver,cancelled
686,687,gold,active
687,1713,gold,cancelled
688,847,gold,expired
689,671,platinum,expired
690,1339,gold,cancelled
691,779,gold,cancelled
692,28,gold,active
693,2560,platinum,cancelled
694,1057,silver,active
695,1477,gold,expired
696,256,silver,cancelled
697,683,platinum,cancelled
698,1518,gold,active
699,2271,silver,active
700,654,platinum,expired
701,1249,silver,expired
702,153,silver,active
703,805,platinum,expired
704,2374,gold,cancelled
705,894,silver,cancelled
706,207,gold,active
707,1571,silver,expired
708,734,platinum,active
709,1746,gold,expired
710,463,gold,expired
711,414,platinum,expired
712,1492,silver,expired
713,613,gold,active
714,40,platinum,cancelled
715,583,gold,expired
716,198,silver,cancelled
717,1724,silver,cancelled
718,1515,platinum,cancelled
719,2806,platinum,active
720,462,platinum,cancelled
721,2337,platinum,expired
722,2376,platinum,expired
723,2580,platinum,active
724,934,platinum,active
725,2366,platinum,active
726,532,gold,cancelled
727,390,gold,expired
728,1577,platinum,active
729,393,gold,cancelled
730,343,silver,cancelled
731,1363,platinum,cancelled
732,788,gold,active
733,1964,silver,active
734,1457,silver,active
735,987,silver,cancelled
736,931,platinum,cancelled
737,753,silver,active
738,2147,silver,active
739,2078,gold,active
740,1714,gold,expired
741,1632,silver,cancelled
742,983,platinum,active
743,2848,gold,expired
744,525,gold,cancelled
745,678,gold,cancelled
746,1424,platinum,active
747,1635,silver,expired
748,586,platinum,expired
749,393,platinum,cancelled
750,324,platinum,expired
751,2059,silver,expired
752,1796,silver,active
753,2660,platinum,expired
754,1408,silver,active
755,30,silver,active
756,2527,platinum,cancelled
757,120,gold,cancelled
758,796,silver,active
759,2737,platinum,cancelled
760,2272,gold,active
761,2141,gold,expired
762,2865,gold,cancelled
763,1407,silver,expired
764,2792,gold,expired
765,1947,platinum,expired
766,2015,gold,expired
767,1872,silver,expired
768,113,platinum,expired
769,1661,platinum,cancelled
770,719,silver,expired
771,1796,silver,cancelled
772,2395,silver,expired
773,43,platinum,active
774,1985,gold,expired
775,1855,silver,cancelled
776,1479,platinum,cancelled
777,2371,silver,cancelled
778,115,gold,cancelled
779,1417,platinum,active
780,430,platinum,expired
781,1847,gold,cancelled
782,1368,gold,active
783,2631,gold,active
784,2173,platinum,expired
785,2727,silver,expired
786,1218,silver,cancelled
787,2224,platinum,cancelled
788,1244,silver,active
789,2968,platinum,cancelled
790,967,gold,expired
791,1056,silver,active
792,418,gold,cancelled
793,990,gold,active
794,2627,platinum,active
795,1455,gold,active
796,1923,silver,expired
797,1715,platinum,active
798,1719,silver,active
799,2397,gold,active
800,706,gold,active
801,701,platinum,cancelled
802,856,platinum,active
803,1600,gold,cancelled
804,2198,platinum,expired
805,1071,silver,cancelled
806,1727,silver,cancelled
807,1360,gold,active
808,1490,gold,cancelled
809,2321,platinum,active
810,164,platinum,cancelled
811,567,platinum,expired
812,40,silver,cancelled
813,752,silver,expired
814,110,silver,cancelled
815,2030,silver,active
816,325,silver,cancelled
817,2241,gold,cancelled
818,2124,platinum,expired
819,1458,gold,active
820,1577,silver,cancelled
821,1465,gold,active
822,1978,platinum,expired
823,781,silver,expired
824,508,platinum,expired
825,225,gold,active
826,2892,platinum,active
827,2103,silver,cancelled
828,1378,gold,cancelled
829,1857,platinum,cancelled
830,554,platinum,cancelled
831,2544,gold,cancelled
832,779,platinum,active
833,866,silver,expired
834,1326,gold,cancelled
835,1608,gold,expired
836,1598,silver,active
837,1767,gold,cancelled
838,2748,gold,active
839,1167,platinum,cancelled
840,47,gold,active
841,2899,silver,active
842,2042,gold,expired
843,1716,platinum,cancelled
844,1549,silver,cancelled
845,2702,silver,active
846,1409,gold,active
847,490,silver,expired
848,1772,silver,expired
849,794,silver,active
850,1470,platinum,expired
851,2460,platinum,active
852,2142,gold,cancelled
853,2038,silver,active
854,2726,gold,expired
855,1431,gold,active
856,473,gold,cancelled
857,1565,platinum,active
858,742,gold,cancelled
859,257,gold,active
860,2500,gold,active
861,2168,silver,active
862,675,silver,active
863,565,platinum,active
864,2898,silver,cancelled
865,1869,platinum,cancelled
866,40,gold,expired
867,2214,gold,expired
868,1450,gold,cancelled
869,1821,platinum,expired
870,2506,silver,cancelled
871,258,silver,cancelled
872,1865,gold,cancelled
873,2743,silver,cancelled
874,2490,silver,active
875,838,silver,expired
876,1638,gold,cancelled
877,1493,silver,active
878,1876,platinum,cancelled
879,2542,silver,active
880,248,platinum,cancelled
881,2251,silver,active
882,2302,platinum,expired
883,240,silver,active
884,2025,silver,cancelled
885,2138,silver,expired
886,507,platinum,cancelled
887,1528,gold,cancelled
888,745,platinum,active
889,189,gold,expired
890,1251,gold,active
891,2952,silver,cancelled
892,2003,platinum,active
893,2869,silver,cancelled
894,2122,platinum,expired
895,473,silver,expired
896,1004,platinum,expired
897,441,silver,active
898,1635,platinum,expired
899,981,platinum,expired
900,1609,gold,cancelled
901,1010,platinum,cancelled
902,55,gold,active
903,1968,gold,expired
904,2030,gold,expired
905,177,silver,cancelled
906,2141,silver,cancelled
907,2516,platinum,cancelled
908,1931,silver,cancelled
909,1939,silver,active
910,231,platinum,active
911,1871,silver,active
912,446,platinum,cancelled
913,2741,platinum,cancelled
914,2454,silver,cancelled
915,1920,gold,active
916,2407,gold,active
917,1866,gold,expired
918,2833,silver,expired
919,1969,gold,expired
920,1140,silver,active
921,901,platinum,cancelled
922,2945,platinum,cancelled
923,2796,gold,cancelled
924,2507,platinum,active
925,1799,gold,expired
926,530,platinum,cancelled
927,53,silver,active
928,1567,silver,active
929,2185,gold,active
930,345,silver,expired
931,2986,platinum,expired
932,1750,silver,cancelled
933,2003,silver,expired
934,874,silver,cancelled
935,540,platinum,expired
936,1543,gold,cancelled
937,1057,silver,active
938,668,silver,cancelled
939,1601,silver,expired
940,876,platinum,active
941,2645,silver,expired
942,2246,silver,expired
943,516,gold,active
944,383,silver,cancelled
945,2283,gold,expired
946,814,gold,active
947,1488,silver,cancelled
948,1750,platinum,cancelled
949,1656,platinum,active
950,1213,silver,active
951,2467,silver,expired
952,1053,silver,expired
953,1103,silver,cancelled
954,1685,platinum,cancelled
955,2122,silver,cancelled
956,74,gold,cancelled
957,2316,silver,active
958,251,platinum,cancelled
959,1373,silver,active
960,1460,platinum,expired
961,1349,platinum,cancelled
962,2252,platinum,active
963,1699,silver,expired
964,925,silver,expired
965,2852,silver,expired
966,2958,gold,cancelled
967,2695,silver,expired
968,2923,silver,active
969,2052,gold,expired
970,267,platinum,active
971,1026,silver,active
972,1090,gold,expired
973,331,gold,active
974,2465,gold,expired
975,185,gold,cancelled
976,2303,platinum,active
977,1634,platinum,expired
978,2169,platinum,active
979,2214,platinum,expired
980,228,gold,expired
981,399,silver,active
982,1305,silver,cancelled
983,2539,gold,expired
984,1191,platinum,expired
985,615,platinum,cancelled
986,895,silver,expired
987,2018,silver,cancelled
988,27,gold,cancelled
989,2713,silver,expired
990,1835,silver,cancelled
991,2853,silver,cancelled
992,2746,platinum,expired
993,2694,platinum,expired
994,2697,gold,cancelled
995,519,silver,expired
996,229,platinum,expired
997,468,gold,expired
998,945,platinum,active
999,1821,platinum,active
1000,1305,silver,expired
1001,2255,gold,active
1002,52,gold,expired
1003,2967,platinum,expired
1004,2439,gold,active
1005,574,silver,cancelled
1006,2284,silver,expired
1007,1431,silver,cancelled
1008,1334,gold,cancelled
1009,2242,platinum,expired
1010,2398,silver,active
1011,1755,gold,active
1012,2112,gold,active
1013,2910,gold,expired
1014,2786,platinum,active
1015,231,gold,expired
1016,2749,platinum,active
1017,2465,platinum,cancelled
1018,2471,platinum,expired
1019,680,gold,cancelled
1020,1941,silver,expired
1021,1643,silver,expired
1022,850,gold,expired
1023,2361,silver,expired
1024,2858,platinum,expired
1025,2504,silver,cancelled
1026,2628,silver,expired
1027,282,gold,active
1028,1020,silver,cancelled
1029,2626,silver,expired
1030,416,platinum,cancelled
1031,905,gold,cancelled
1032,1502,gold,cancelled
1033,581,platinum,active
1034,2829,gold,active
1035,1031,gold,active
1036,2790,platinum,expired
1037,414,gold,active
1038,1293,platinum,active
1039,155,silver,expired
1040,177,silver,active
1041,1125,gold,active
1042,2827,platinum,expired
1043,2888,silver,expired
1044,835,silver,expired
1045,1131,silver,expired
1046,2268,platinum,cancelled
1047,1850,gold,active
1048,882,silver,cancelled
1049,1396,platinum,active
1050,1062,silver,active
1051,784,gold,active
1052,2475,gold,active
1053,2092,platinum,active
1054,2671,silver,expired
1055,590,platinum,cancelled
1056,1462,platinum,cancelled
1057,110,platinum,expired
1058,715,platinum,expired
1059,2085,silver,active
1060,2417,platinum,active
1061,1751,silver,expired
1062,529,silver,active
1063,1355,silver,expired
1064,2209,gold,cancelled
1065,1172,platinum,active
1066,2133,platinum,expired
1067,465,gold,active
1068,614,silver,expired
1069,2451,gold,expired
1070,1244,gold,expired
1071,1180,platinum,expired
1072,2842,platinum,cancelled
1073,1373,silver,active
1074,637,platinum,expired
1075,1998,platinum,expired
1076,1758,gold,cancelled
1077,382,platinum,active
1078,111,platinum,active
1079,258,gold,cancelled
1080,2805,gold,active
1081,2142,silver,cancelled
1082,2353,platinum,active
1083,2566,platinum,active
1084,2468,gold,active
1085,106,platinum,expired
1086,1556,platinum,expired
1087,1461,silver,active
1088,2927,platinum,cancelled
1089,892,silver,active
1090,1391,gold,expired
1091,359,platinum,expired
1092,963,platinum,expired
1093,193,silver,active
1094,1056,gold,cancelled
1095,474,platinum,cancelled
1096,39,silver,expired
1097,1670,silver,expired
1098,15,gold,expired
1099,2912,platinum,expired
1100,265,gold,active
1101,2419,platinum,cancelled
1102,397,silver,active
1103,2367,silver,cancelled
1104,65,gold,active
1105,941,silver,cancelled
1106,1834,gold,active
1107,704,silver,cancelled
1108,1559,silver,expired
1109,2852,platinum,expired
1110,811,gold,expired
1111,80,silver,expired
1112,1966,platinum,expired
1113,2635,silver,active
1114,938,platinum,active
1115,1064,platinum,expired
1116,2777,platinum,active
1117,1800,platinum,cancelled
1118,1416,gold,active
1119,1751,platinum,cancelled
1120,761,silver,cancelled
1121,1737,silver,expired
1122,239,platinum,cancelled
1123,2987,platinum,cancelled
1124,945,platinum,expired
1125,1685,platinum,expired
1126,2764,platinum,cancelled
1127,958,platinum,cancelled
1128,39,platinum,expired
1129,924,platinum,expired
1130,901,silver,cancelled
1131,2551,silver,cancelled
1132,1633,platinum,cancelled
1133,1654,platinum,active
1134,1015,platinum,expired
1135,1875,gold,expired
1136,1695,silver,expired
1137,1242,platinum,expired
1138,1089,platinum,cancelled
1139,1450,silver,active
1140,2134,platinum,expired
1141,885,silver,cancelled
1142,1225,platinum,expired
1143,1572,gold,active
1144,515,platinum,expired
1145,1659,platinum,expired
1146,2168,silver,expired
1147,2340,gold,cancelled
1148,1906,gold,expired
1149,2251,platinum,cancelled
1150,725,platinum,expired
1151,443,gold,expired
1152,1598,gold,active
1153,1520,platinum,active
1154,2116,gold,active
1155,1372,gold,expired
1156,511,gold,expired
1157,55,platinum,cancelled
1158,540,silver,active
1159,2925,silver,active
1160,2006,gold,active
1161,2497,silver,active
1162,2461,silver,cancelled
1163,2771,gold,cancelled
1164,666,gold,cancelled
1165,2246,silver,cancelled
1166,1978,platinum,active
1167,1662,gold,cancelled
1168,2011,gold,expired
1169,2465,silver,expired
1170,2576,platinum,active
1171,652,silver,active
1172,381,platinum,expired
1173,1775,platinum,cancelled
1174,1779,gold,cancelled
1175,1472,gold,expired
1176,671,silver,cancelled
1177,1634,platinum,cancelled
1178,1214,gold,active
1179,1841,silver,expired
1180,2671,gold,cancelled
1181,2106,platinum,expired
1182,2396,silver,expired
1183,585,platinum,expired
1184,1088,gold,expired
1185,1290,gold,expired
1186,2995,gold,expired
1187,919,gold,active
1188,2620,platinum,cancelled
1189,2466,gold,cancelled
1190,2277,gold,active
1191,2268,gold,expired
1192,1578,platinum,expired
1193,1052,gold,cancelled
1194,1928,platinum,active
1195,1282,platinum,cancelled
1196,1226,platinum,cancelled
1197,1820,silver,expired
1198,979,silver,cancelled
1199,1809,gold,expired
1200,37,gold,active
1201,801,platinum,active
1202,1887,gold,active
1203,2797,silver,expired
1204,656,platinum,active
1205,1030,gold,cancelled
1206,253,platinum,cancelled
1207,2760,gold,active
1208,563,silver,cancelled
1209,1911,silver,expired
1210,684,platinum,expired
1211,1377,silver,cancelled
1212,1808,platinum,expired
1213,1564,silver,expired
1214,1431,gold,expired
1215,1175,silver,cancelled
1216,2785,platinum,active
1217,1677,gold,expired
1218,2981,silver,expired
1219,2855,gold,expired
1220,2918,gold,expired
1221,2402,platinum,cancelled
1222,2406,gold,cancelled
1223,1855,platinum,expired
1224,1693,gold,cancelled
1225,1376,gold,expired
1226,702,gold,cancelled
1227,1807,platinum,expired
1228,408,gold,expired
1229,2058,silver,active
1230,912,silver,cancelled
1231,2800,platinum,cancelled
1232,957,silver,active
1233,2725,gold,cancelled
1234,771,platinum,expired
1235,2693,gold,active
1236,563,platinum,active
1237,1422,gold,active
1238,122,platinum,cancelled
1239,1693,platinum,cancelled
1240,910,silver,expired
1241,2357,silver,active
1242,2719,platinum,expired
1243,52,silver,cancelled
1244,2835,gold,expired
1245,2387,platinum,active
1246,675,silver,cancelled
1247,1340,platinum,expired
1248,640,gold,cancelled
1249,510,platinum,active
1250,1481,gold,expired
1251,425,platinum,cancelled
1252,2882,silver,cancelled
1253,1517,silver,active
1254,383,platinum,expired
1255,713,gold,cancelled
1256,195,platinum,active
1257,2864,platinum,active
1258,978,gold,active
1259,2015,silver,cancelled
1260,676,platinum,expired
1261,1713,gold,cancelled
1262,1541,silver,cancelled
1263,923,silver,expired
1264,1722,silver,expired
1265,358,silver,cancelled
1266,2935,gold,active
1267,636,gold,expired
1268,1198,silver,expired
1269,1279,silver,expired
1270,2976,platinum,expired
1271,261,gold,cancelled
1272,706,platinum,cancelled
1273,578,gold,active
1274,1797,platinum,active
1275,523,platinum,expired
1276,1345,silver,cancelled
1277,17,gold,cancelled
1278,1291,silver,active
1279,2696,gold,active
1280,563,gold,active
1281,2332,platinum,active
1282,1294,silver,active
1283,1805,platinum,active
1284,1691,silver,cancelled
1285,829,gold,expired
1286,501,gold,active
1287,1940,gold,cancelled
1288,2809,gold,cancelled
1289,1338,gold,active
1290,655,silver,cancelled
1291,149,gold,expired
1292,2755,platinum,active
1293,1215,gold,expired
1294,1799,silver,active
1295,1721,platinum,active
1296,584,platinum,active
1297,1099,silver,expired
1298,1204,gold,expired
1299,1647,platinum,active
1300,770,silver,active
1301,1497,silver,cancelled
1302,2713,silver,cancelled
1303,2768,silver,cancelled
1304,438,gold,active
1305,802,gold,expired
1306,1209,gold,active
1307,167,platinum,cancelled
1308,423,silver,cancelled
1309,285,gold,cancelled
1310,1963,silver,active
1311,1538,gold,active
1312,2749,silver,expired
1313,2956,gold,cancelled
1314,814,gold,expired
1315,1931,silver,expired
1316,2097,gold,expired
1317,1783,gold,active
1318,582,gold,expired
1319,2933,platinum,cancelled
1320,2629,platinum,cancelled
1321,49,gold,cancelled
1322,498,silver,expired
1323,1911,silver,active
1324,1965,platinum,active
1325,722,silver,active
1326,1385,platinum,expired
1327,2444,silver,expired
1328,1640,platinum,expired
1329,1957,silver,cancelled
1330,2836,platinum,cancelled
1331,1788,platinum,cancelled
1332,2763,silver,expired
1333,884,gold,expired
1334,1898,gold,cancelled
1335,1174,silver,cancelled
1336,2332,platinum,expired
1337,2220,silver,expired
1338,2569,gold,cancelled
1339,1315,silver,cancelled
1340,477,platinum,cancelled
1341,589,silver,active
1342,2803,gold,active
1343,990,silver,cancelled
1344,741,silver,cancelled
1345,269,gold,expired
1346,1901,silver,expired
1347,2351,silver,active
1348,84,silver,cancelled
1349,602,platinum,expired
1350,2465,silver,expired
1351,1711,gold,active
1352,2054,silver,cancelled
1353,2572,silver,cancelled
1354,2768,gold,cancelled
1355,1186,gold,cancelled
1356,1867,gold,active
1357,2402,silver,cancelled
1358,450,silver,active
1359,1267,platinum,active
1360,1298,silver,active
1361,1792,platinum,cancelled
1362,556,silver,active
1363,168,gold,active
1364,723,gold,active
1365,2995,gold,active
1366,312,platinum,active
1367,1396,gold,cancelled
1368,2269,gold,cancelled
1369,2983,silver,active
1370,2994,platinum,active
1371,2921,silver,expired
1372,2904,silver,expired
1373,2777,platinum,cancelled
1374,1267,platinum,active
1375,1793,platinum,expired
1376,2420,silver,active
1377,1077,platinum,active
1378,892,silver,expired
1379,1919,silver,active
1380,2139,silver,active
1381,355,silver,cancelled
1382,994,silver,cancelled
1383,388,platinum,active
1384,1248,platinum,active
1385,610,gold,cancelled
1386,939,silver,expired
1387,1255,silver,active
1388,226,silver,cancelled
1389,1442,silver,expired
1390,589,platinum,active
1391,2118,platinum,expired
1392,1027,gold,expired
1393,142,platinum,expired
1394,1717,gold,cancelled
1395,1313,silver,cancelled
1396,731,gold,active
1397,2617,platinum,cancelled
1398,1262,gold,active
1399,1042,platinum,expired
1400,167,gold,active
1401,92,silver,expired
1402,799,silver,active
1403,259,gold,cancelled
1404,2250,gold,cancelled
1405,1571,gold,cancelled
1406,2294,platinum,active
1407,257,gold,expired
1408,18,platinum,expired
1409,2400,silver,active
1410,77,gold,expired
1411,1134,platinum,active
1412,731,platinum,cancelled
1413,1249,silver,cancelled
1414,1445,silver,expired
1415,436,platinum,expired
1416,1601,silver,active
1417,1757,platinum,expired
1418,2952,gold,active
1419,2705,gold,cancelled
1420,307,platinum,active
1421,1565,silver,expired
1422,1076,silver,expired
1423,352,gold,active
1424,711,gold,active
1425,2391,platinum,expired
1426,1560,platinum,expired
1427,1612,silver,active
1428,125,platinum,cancelled
1429,2631,platinum,active
1430,425,silver,expired
1431,2947,gold,active
1432,2933,platinum,cancelled
1433,742,gold,cancelled
1434,2866,gold,active
1435,2323,silver,cancelled
1436,454,gold,cancelled
1437,1413,gold,expired
1438,577,gold,active
1439,2794,silver,expired
1440,1290,gold,cancelled
1441,274,gold,cancelled
1442,2682,silver,active
1443,48,silver,expired
1444,1631,gold,cancelled
1445,1616,gold,cancelled
1446,1184,gold,expired
1447,1090,platinum,expired
1448,2167,platinum,active
1449,2811,silver,active
1450,286,gold,expired
1451,945,platinum,active
1452,748,silver,cancelled
1453,2291,platinum,active
1454,1614,silver,cancelled
1455,2090,gold,expired
1456,1655,gold,active
1457,70,platinum,cancelled
1458,513,platinum,active
1459,1796,gold,expired
1460,1847,gold,expired
1461,1479,platinum,active
1462,7,gold,active
1463,576,gold,active
1464,6,gold,expired
1465,1974,platinum,active
1466,1059,silver,active
1467,1484,silver,expired
1468,735,silver,cancelled
1469,1377,silver,expired
1470,1317,silver,cancelled
1471,473,silver,cancelled
1472,143,silver,cancelled
1473,523,silver,cancelled
1474,1705,platinum,active
1475,706,silver,expired
1476,2759,silver,cancelled
1477,1324,silver,expired
1478,1274,platinum,cancelled
1479,2966,silver,cancelled
1480,822,platinum,cancelled
1481,1992,gold,expired
1482,1826,platinum,active
1483,1443,platinum,cancelled
1484,395,platinum,active
1485,1532,silver,active
1486,1640,silver,cancelled
1487,2303,platinum,expired
1488,1335,gold,expired
1489,2916,gold,active
1490,1472,platinum,active
1491,513,platinum,cancelled
1492,2722,silver,active
1493,2099,silver,active
1494,2668,silver,active
1495,842,platinum,expired
1496,2866,platinum,cancelled
1497,1168,silver,expired
1498,812,platinum,expired
1499,2578,platinum,cancelled
1500,405,gold,expired
1501,2483,silver,active
1502,991,silver,expired
1503,223,gold,expired
1504,159,platinum,expired
1505,2183,platinum,cancelled
1506,1385,gold,cancelled
1507,2406,gold,cancelled
1508,563,platinum,cancelled
1509,261,gold,expired
1510,412,silver,active
1511,1141,platinum,cancelled
1512,1091,gold,cancelled
1513,1530,gold,active
1514,1792,platinum,expired
1515,1724,silver,expired
1516,629,platinum,expired
1517,775,platinum,active
1518,2873,platinum,cancelled
1519,856,silver,cancelled
1520,2608,platinum,expired
1521,202,silver,expired
1522,903,platinum,expired
1523,592,silver,cancelled
1524,2956,platinum,active
1525,811,gold,expired
1526,585,gold,expired
1527,2436,gold,expired
1528,952,gold,active
1529,1002,gold,expired
1530,2992,platinum,expired
1531,1504,gold,cancelled
1532,1413,gold,cancelled
1533,1973,silver,cancelled
1534,2235,silver,active
1535,2865,silver,expired
1536,557,platinum,cancelled
1537,1921,gold,cancelled
1538,2658,gold,expired
1539,335,silver,cancelled
1540,1671,silver,active
1541,2194,gold,expired
1542,2033,silver,active
1543,2239,platinum,cancelled
1544,870,gold,expired
1545,410,gold,expired
1546,1426,gold,expired
1547,1572,silver,cancelled
1548,1687,silver,expired
1549,2753,silver,cancelled
1550,468,platinum,expired
1551,1606,silver,expired
1552,2766,platinum,active
1553,2617,silver,cancelled
1554,185,gold,expired
1555,973,gold,expired
1556,2042,silver,cancelled
1557,123,platinum,active
1558,254,gold,cancelled
1559,714,gold,expired
1560,2832,gold,active
1561,2202,gold,active
1562,2589,platinum,expired
1563,2620,platinum,active
1564,995,silver,active
1565,1661,silver,cancelled
1566,32,gold,cancelled
1567,477,gold,expired
1568,1126,silver,cancelled
1569,2209,platinum,expired
1570,1312,silver,active
1571,2975,gold,active
1572,130,gold,expired
1573,1770,silver,active
1574,56,platinum,active
1575,775,gold,active
1576,138,silver,active
1577,1571,gold,active
1578,1416,platinum,active
1579,2999,gold,active
1580,2805,silver,active
1581,2097,silver,cancelled
1582,1024,gold,cancelled
1583,2687,gold,expired
1584,2943,silver,cancelled
1585,1808,platinum,cancelled
1586,636,gold,expired
1587,84,silver,active
1588,1613,platinum,active
1589,56,silver,cancelled
1590,1094,gold,expired
1591,2840,silver,cancelled
1592,2585,platinum,cancelled
1593,496,platinum,expired
1594,1319,silver,active
1595,1024,gold,active
1596,44,gold,cancelled
1597,1954,gold,expired
1598,2630,gold,active
1599,1637,gold,expired
1600,2970,gold,expired
1601,2420,gold,expired
1602,2857,silver,expired
1603,2138,silver,expired
1604,1946,silver,active
1605,2172,gold,cancelled
1606,460,silver,cancelled
1607,1034,platinum,expired
1608,1474,platinum,active
1609,1620,platinum,cancelled
1610,777,gold,cancelled
1611,2377,gold,cancelled
1612,915,silver,active
1613,2031,gold,cancelled
1614,936,silver,expired
1615,1191,silver,cancelled
1616,825,platinum,active
1617,2072,platinum,active
1618,2695,silver,cancelled
1619,1290,gold,expired
1620,1605,silver,expired
1621,2577,platinum,expired
1622,1865,gold,expired
1623,1482,platinum,cancelled
1624,1087,silver,cancelled
1625,1151,platinum,expired
1626,652,silver,active
1627,2462,silver,active
1628,2680,gold,cancelled
1629,2125,platinum,expired
1630,610,gold,cancelled
1631,1321,platinum,cancelled
1632,2509,silver,cancelled
1633,1537,platinum,expired
1634,2472,silver,expired
1635,2734,silver,cancelled
1636,6,silver,expired
1637,834,silver,cancelled
1638,1447,platinum,cancelled
1639,1855,silver,cancelled
1640,1254,platinum,expired
1641,2805,platinum,cancelled
1642,72,silver,cancelled
1643,619,platinum,active
1644,1145,silver,active
1645,44,platinum,cancelled
1646,1897,silver,expired
1647,2870,silver,active
1648,2148,gold,expired
1649,1307,silver,cancelled
1650,487,silver,active
1651,2907,silver,cancelled
1652,2062,platinum,expired
1653,757,silver,expired
1654,1809,silver,expired
1655,512,platinum,active
1656,2610,gold,cancelled
1657,1115,gold,expired
1658,1644,silver,cancelled
1659,1574,gold,cancelled
1660,127,silver,expired
1661,2877,silver,active
1662,2091,gold,cancelled
1663,209,gold,active
1664,1651,gold,cancelled
1665,196,platinum,cancelled
1666,377,platinum,cancelled
1667,2640,platinum,expired
1668,867,platinum,cancelled
1669,59,silver,active
1670,648,gold,cancelled
1671,446,silver,expired
1672,923,silver,active
1673,271,platinum,active
1674,1662,gold,active
1675,2823,platinum,cancelled
1676,220,platinum,expired
1677,731,platinum,expired
1678,1803,silver,cancelled
1679,279,gold,active
1680,1168,platinum,active
1681,252,gold,active
1682,847,gold,active
1683,2551,silver,active
1684,550,platinum,cancelled
1685,1264,silver,active
1686,2036,gold,expired
1687,1460,platinum,active
1688,499,gold,active
1689,1842,silver,cancelled
1690,173,gold,cancelled
1691,1062,platinum,cancelled
1692,2873,platinum,expired
1693,2385,silver,cancelled
1694,573,silver,expired
1695,2694,gold,cancelled
1696,1830,gold,active
1697,1089,platinum,expired
1698,1294,gold,cancelled
1699,2161,platinum,active
1700,2493,platinum,active
1701,937,silver,active
1702,1215,platinum,cancelled
1703,382,platinum,active
1704,2649,gold,cancelled
1705,2305,platinum,cancelled
1706,650,platinum,expired
1707,887,silver,active
1708,2452,gold,active
1709,1017,silver,expired
1710,2188,platinum,cancelled
1711,1383,gold,active
1712,2560,platinum,expired
1713,1714,platinum,cancelled
1714,784,gold,expired
1715,680,gold,expired
1716,1201,platinum,cancelled
1717,2958,platinum,expired
1718,1833,gold,expired
1719,2114,gold,expired
1720,31,gold,active
1721,2444,gold,cancelled
1722,2107,platinum,expired
1723,733,silver,active
1724,2582,gold,cancelled
1725,549,platinum,expired
1726,550,gold,active
1727,2587,platinum,active
1728,1023,platinum,expired
1729,489,gold,cancelled
1730,1833,platinum,expired
1731,670,platinum,expired
1732,2725,gold,expired
1733,958,platinum,expired
1734,2959,gold,expired
1735,720,platinum,active
1736,258,gold,expired
1737,1546,gold,cancelled
1738,2907,platinum,active
1739,2549,platinum,cancelled
1740,2046,silver,active
1741,1834,gold,expired
1742,1943,platinum,cancelled
1743,1086,gold,active
1744,2990,gold,expired
1745,1784,gold,cancelled
1746,251,platinum,active
1747,2500,gold,active
1748,1625,silver,active
1749,1967,silver,active
1750,1129,platinum,cancelled
1751,2663,silver,expired
1752,1407,silver,expired
1753,1349,silver,active
1754,184,platinum,expired
1755,1095,silver,expired
1756,1401,platinum,cancelled
1757,2113,silver,cancelled
1758,1355,platinum,active
1759,864,gold,active
1760,1699,platinum,expired
1761,2463,platinum,active
1762,925,silver,expired
1763,2477,gold,active
1764,1825,gold,active
1765,1850,platinum,active
1766,1647,gold,cancelled
1767,283,silver,active
1768,1269,platinum,active
1769,1542,platinum,active
1770,1466,gold,active
1771,2060,platinum,expired
1772,442,silver,active
1773,2929,platinum,expired
1774,1307,silver,cancelled
1775,1833,gold,active
1776,2661,platinum,cancelled
1777,2419,silver,cancelled
1778,2832,gold,active
1779,1767,silver,cancelled
1780,719,platinum,cancelled
1781,2713,gold,cancelled
1782,1649,gold,cancelled
1783,2747,silver,active
1784,1214,platinum,cancelled
1785,676,platinum,expired
1786,2208,gold,expired
1787,1840,silver,cancelled
1788,770,gold,cancelled
1789,531,gold,expired
1790,2872,gold,active
1791,1155,gold,cancelled
1792,133,platinum,active
1793,1767,platinum,expired
1794,849,platinum,active
1795,102,platinum,cancelled
1796,2076,silver,expired
1797,1905,platinum,cancelled
1798,2931,platinum,active
1799,191,silver,active
1800,2741,silver,expired
1801,1260,platinum,expired
1802,25,gold,active
1803,1357,gold,active
1804,827,platinum,active
1805,2393,gold,cancelled
1806,792,silver,cancelled
1807,2418,platinum,expired
1808,1643,gold,expired
1809,1139,gold,active
1810,953,platinum,active
1811,2705,silver,cancelled
1812,808,silver,active
1813,2871,silver,expired
1814,1993,gold,expired
1815,2355,gold,active
1816,1904,gold,expired
1817,473,platinum,expired
1818,712,gold,active
1819,1739,gold,active
1820,311,gold,expired
1821,315,silver,active
1822,1847,silver,expired
1823,516,gold,expired
1824,2270,platinum,cancelled
1825,1786,silver,cancelled
1826,2925,platinum,expired
1827,794,silver,cancelled
1828,1921,gold,expired
1829,41,platinum,expired
1830,409,gold,cancelled
1831,92,gold,expired
1832,2466,gold,expired
1833,2990,platinum,cancelled
1834,2321,platinum,expired
1835,179,gold,active
1836,1375,platinum,cancelled
1837,2039,silver,active
1838,1412,platinum,cancelled
1839,421,silver,active
1840,2985,platinum,active
1841,1330,platinum,active
1842,2689,silver,expired
1843,254,platinum,expired
1844,2341,gold,expired
1845,2909,silver,active
1846,2644,platinum,expired
1847,480,silver,cancelled
1848,2896,silver,cancelled
1849,1453,gold,active
1850,2702,silver,cancelled
1851,2751,platinum,expired
1852,2189,gold,active
1853,101,gold,expired
1854,936,gold,expired
1855,876,gold,expired
1856,902,platinum,cancelled
1857,217,gold,expired
1858,1660,silver,cancelled
1859,5,platinum,expired
1860,524,gold,active
1861,481,silver,cancelled
1862,2921,platinum,active
1863,747,gold,active
1864,2390,platinum,active
1865,2952,platinum,cancelled
1866,1247,gold,expired
1867,86,gold,expired
1868,2081,platinum,expired
1869,2933,silver,active
1870,1725,silver,cancelled
1871,2595,silver,cancelled
1872,913,silver,expired
1873,2670,platinum,expired
1874,2559,platinum,cancelled
1875,1411,silver,active
1876,2024,silver,cancelled
1877,1313,platinum,expired
1878,1726,platinum,active
1879,1561,silver,cancelled
1880,1026,gold,cancelled
1881,592,gold,active
1882,1767,platinum,active
1883,23,platinum,cancelled
1884,1315,gold,cancelled
1885,379,silver,active
1886,1836,silver,active
1887,2576,platinum,active
1888,1673,silver,active
1889,1259,silver,cancelled
1890,11,silver,cancelled
1891,2491,silver,cancelled
1892,2959,gold,active
1893,2036,platinum,active
1894,2910,silver,expired
1895,2284,gold,expired
1896,2493,gold,active
1897,2678,gold,expired
1898,1536,silver,active
1899,927,platinum,expired
1900,1443,platinum,expired
1901,54,platinum,expired
1902,1526,silver,cancelled
1903,2854,gold,expired
1904,1129,silver,cancelled
1905,1709,platinum,cancelled
1906,2946,platinum,expired
1907,2285,platinum,expired
1908,474,gold,active
1909,1482,silver,expired
1910,2492,platinum,cancelled
1911,2886,silver,expired
1912,1727,gold,expired
1913,1837,platinum,active
1914,769,silver,cancelled
1915,426,silver,expired
1916,1199,gold,expired
1917,351,platinum,expired
1918,1218,platinum,cancelled
1919,2024,platinum,cancelled
1920,2965,gold,active
1921,2498,gold,cancelled
1922,771,gold,cancelled
1923,401,platinum,active
1924,736,silver,expired
1925,124,silver,active
1926,2318,gold,expired
1927,2020,silver,cancelled
1928,1201,platinum,active
1929,2875,silver,active
1930,2098,silver,active
1931,2854,platinum,active
1932,1043,silver,expired
1933,282,gold,cancelled
1934,466,silver,cancelled
1935,2076,platinum,cancelled
1936,834,gold,cancelled
1937,2299,platinum,active
1938,1967,silver,expired
1939,2413,silver,expired
1940,2800,platinum,expired
1941,2275,platinum,expired
1942,2731,silver,active
1943,1629,gold,cancelled
1944,2286,gold,cancelled
1945,1278,platinum,expired
1946,2794,silver,expired
1947,2849,silver,expired
1948,49,platinum,active
1949,1825,gold,cancelled
1950,2822,silver,expired
1951,907,gold,expired
1952,283,silver,expired
1953,1980,gold,active
1954,715,gold,cancelled
1955,100,gold,expired
1956,251,gold,expired
1957,535,silver,cancelled
1958,469,gold,active
1959,2939,silver,cancelled
1960,1364,gold,cancelled
1961,489,silver,expired
1962,690,platinum,cancelled
1963,1099,silver,active
1964,188,gold,active
1965,1031,silver,active
1966,1984,platinum,expired
1967,1749,gold,cancelled
1968,2199,platinum,active
1969,99,silver,cancelled
1970,2111,gold,expired
1971,2603,gold,active
1972,2047,silver,active
1973,332,platinum,active
1974,2860,gold,cancelled
1975,1249,platinum,cancelled
1976,1438,silver,expired
1977,2377,silver,cancelled
1978,2856,silver,expired
1979,788,gold,expired
1980,31,silver,expired
1981,420,gold,expired
1982,1667,gold,expired
1983,143,gold,cancelled
1984,2515,silver,cancelled
1985,1395,platinum,active
1986,71,silver,expired
1987,1747,gold,active
1988,551,gold,active
1989,1263,silver,cancelled
1990,72,platinum,active
1991,442,platinum,active
1992,392,silver,cancelled
1993,1092,platinum,expired
1994,2763,silver,cancelled
1995,2274,gold,active
1996,1108,platinum,cancelled
1997,961,silver,cancelled
1998,2097,silver,active
1999,734,silver,expired
2000,2335,silver,cancelled
2001,1808,platinum,cancelled
2002,2577,platinum,cancelled
2003,1710,silver,expired
2004,1190,platinum,active
2005,2467,platinum,expired
2006,612,silver,cancelled
2007,2012,gold,active
2008,232,gold,expired
2009,2471,gold,cancelled
2010,2436,platinum,active
2011,2984,silver,active
2012,1932,gold,cancelled
2013,2949,platinum,cancelled
2014,2305,silver,cancelled
2015,2184,silver,active
2016,709,gold,active
2017,991,gold,expired
2018,954,silver,expired
2019,1558,silver,cancelled
2020,432,platinum,active
2021,1073,gold,active
2022,383,platinum,expired
2023,2339,platinum,expired
2024,2216,silver,active
2025,337,silver,active
2026,2760,silver,expired
2027,1396,platinum,cancelled
2028,439,platinum,cancelled
2029,2696,silver,expired
2030,2273,platinum,active
2031,847,gold,expired
2032,424,platinum,cancelled
2033,795,platinum,expired
2034,544,gold,active
2035,2319,silver,cancelled
2036,1604,gold,cancelled
2037,125,gold,cancelled
2038,207,silver,expired
2039,2467,silver,cancelled
2040,561,platinum,active
2041,1091,silver,expired
2042,2617,gold,active
2043,1619,platinum,active
2044,117,silver,active
2045,822,gold,active
2046,1663,platinum,active
2047,2317,platinum,cancelled
2048,2580,platinum,cancelled
2049,1334,platinum,expired
2050,2902,silver,expired
2051,1742,platinum,expired
2052,2320,gold,expired
2053,2292,silver,active
2054,2587,gold,active
2055,1772,gold,active
2056,2337,silver,cancelled
2057,2221,gold,active
2058,2761,gold,expired
2059,900,silver,expired
2060,1733,silver,expired
2061,2958,platinum,cancelled
2062,809,platinum,active
2063,2686,silver,cancelled
2064,807,gold,active
2065,165,platinum,expired
2066,1527,silver,active
2067,2850,gold,active
2068,2790,gold,active
2069,2378,platinum,expired
2070,1892,gold,expired
2071,730,silver,active
2072,2629,platinum,active
2073,1093,gold,active
2074,2931,platinum,active
2075,80,platinum,active
2076,1046,platinum,expired
2077,2778,gold,active
2078,1538,platinum,expired
2079,1341,gold,cancelled
2080,2067,platinum,cancelled
2081,969,platinum,cancelled
2082,1498,gold,expired
2083,2706,silver,active
2084,1556,platinum,expired
2085,1880,gold,expired
2086,1194,gold,expired
2087,297,gold,cancelled
2088,123,gold,active
2089,2659,platinum,active
2090,1453,gold,cancelled
2091,940,gold,cancelled
2092,1524,platinum,cancelled
2093,1031,silver,cancelled
2094,797,gold,active
2095,2758,gold,expired
2096,2972,silver,active
2097,606,gold,expired
2098,824,gold,expired
2099,1679,silver,expired
2100,2249,gold,cancelled
2101,245,gold,cancelled
2102,7,gold,cancelled
2103,1173,silver,cancelled
2104,650,platinum,active
2105,767,platinum,expired
2106,1822,silver,expired
2107,465,platinum,expired
2108,2977,platinum,cancelled
2109,417,silver,active
2110,2028,platinum,expired
2111,2359,gold,cancelled
2112,2279,silver,active
2113,2880,gold,cancelled
2114,1865,silver,expired
2115,2951,silver,expired
2116,2423,gold,active
2117,363,gold,active
2118,723,gold,expired
2119,1115,silver,active
2120,2511,gold,cancelled
2121,966,platinum,cancelled
2122,2432,platinum,active
2123,617,platinum,expired
2124,916,gold,active
2125,637,platinum,active
2126,2910,gold,expired
2127,2257,platinum,expired
2128,1325,silver,active
2129,1605,platinum,active
2130,1285,silver,active
2131,2608,gold,expired
2132,2957,silver,cancelled
2133,497,gold,expired
2134,216,platinum,active
2135,2024,platinum,expired
2136,1956,platinum,active
2137,528,gold,active
2138,1835,gold,expired
2139,2172,silver,active
2140,2494,silver,expired
2141,1914,platinum,cancelled
2142,1256,silver,expired
2143,2049,gold,cancelled
2144,2363,gold,cancelled
2145,554,gold,active
2146,2130,platinum,active
2147,1137,platinum,expired
2148,459,platinum,active
2149,463,platinum,cancelled
2150,1691,gold,active
2151,2737,platinum,cancelled
2152,2584,gold,active
2153,940,gold,cancelled
2154,1783,platinum,active
2155,1805,silver,active
2156,1184,platinum,expired
2157,1469,gold,expired
2158,1320,gold,active
2159,853,platinum,active
2160,875,platinum,active
2161,2738,platinum,active
2162,422,platinum,cancelled
2163,2039,platinum,cancelled
2164,822,gold,active
2165,758,platinum,cancelled
2166,196,silver,active
2167,2405,silver,expired
2168,2221,platinum,cancelled
2169,2263,silver,expired
2170,2884,platinum,cancelled
2171,1162,gold,active
2172,1297,silver,cancelled
2173,1252,silver,cancelled
2174,1619,gold,active
2175,22,platinum,expired
2176,686,gold,expired
2177,1646,gold,cancelled
2178,2509,silver,expired
2179,235,platinum,cancelled
2180,667,gold,cancelled
2181,766,silver,cancelled
2182,1094,silver,expired
2183,1237,platinum,cancelled
2184,107,silver,cancelled
2185,462,gold,cancelled
2186,1519,silver,expired
2187,831,platinum,cancelled
2188,2604,silver,active
2189,2802,silver,active
2190,1667,platinum,cancelled
2191,669,platinum,expired
2192,2892,gold,expired
2193,1745,platinum,expired
2194,2021,platinum,expired
2195,715,silver,active
2196,685,gold,expired
2197,2322,platinum,cancelled
2198,352,platinum,active
2199,1089,silver,cancelled
2200,1949,silver,expired
2201,2958,gold,cancelled
2202,2002,platinum,active
2203,1851,silver,cancelled
2204,187,silver,cancelled
2205,2787,platinum,cancelled
2206,2284,silver,cancelled
2207,1039,gold,expired
2208,113,gold,cancelled
2209,1029,silver,cancelled
2210,1642,gold,expired
2211,962,silver,cancelled
2212,417,gold,expired
2213,1880,platinum,cancelled
2214,1922,platinum,active
2215,1925,silver,active
2216,2943,platinum,active
2217,2753,platinum,active
2218,1151,gold,cancelled
2219,246,gold,expired
2220,333,silver,cancelled
2221,2922,platinum,cancelled
2222,781,gold,expired
2223,2407,gold,cancelled
2224,1518,gold,active
2225,1411,platinum,active
2226,932,gold,expired
2227,1493,platinum,cancelled
2228,1964,platinum,active
2229,74,platinum,active
2230,2756,gold,active
2231,122,silver,expired
2232,2538,silver,cancelled
2233,2998,silver,active
2234,1919,silver,active
2235,716,gold,active
2236,1551,gold,expired
2237,2918,platinum,cancelled
2238,1678,platinum,active
2239,1293,platinum,active
2240,219,gold,active
2241,784,gold,cancelled
2242,38,silver,active
2243,61,platinum,expired
2244,671,gold,expired
2245,2261,platinum,active
2246,885,gold,active
2247,1609,silver,cancelled
2248,2740,silver,cancelled
2249,2342,silver,expired
2250,1919,gold,cancelled
2251,286,gold,active
2252,211,platinum,active
2253,2296,gold,expired
2254,1049,platinum,active
2255,1720,silver,expired
2256,1385,silver,cancelled
2257,1724,platinum,active
2258,831,gold,cancelled
2259,2092,gold,active
2260,1138,platinum,active
2261,416,gold,active
2262,1356,gold,cancelled
2263,2238,gold,cancelled
2264,203,gold,cancelled
2265,1571,platinum,cancelled
2266,904,silver,cancelled
2267,2759,platinum,expired
2268,329,silver,cancelled
2269,2616,silver,cancelled
2270,1943,platinum,active
2271,395,platinum,active
2272,1770,platinum,active
2273,586,platinum,expired
2274,351,silver,expired
2275,894,platinum,active
2276,2624,platinum,active
2277,740,silver,expired
2278,370,gold,active
2279,1059,platinum,cancelled
2280,1938,gold,active
2281,1926,gold,cancelled
2282,1062,platinum,expired
2283,957,silver,active
2284,2909,silver,active
2285,977,platinum,expired
2286,120,silver,active
2287,789,silver,active
2288,602,silver,cancelled
2289,2942,gold,active
2290,1706,silver,cancelled
2291,1788,platinum,active
2292,757,gold,cancelled
2293,1851,platinum,expired
2294,1953,platinum,expired
2295,233,silver,expired
2296,478,platinum,expired
2297,2878,silver,expired
2298,2145,gold,active
2299,312,silver,active
2300,1975,gold,expired
2301,2969,platinum,expired
2302,2238,silver,cancelled
2303,2748,silver,cancelled
2304,384,gold,expired
2305,717,platinum,expired
2306,99,silver,expired
2307,2301,platinum,cancelled
2308,1397,gold,cancelled
2309,2957,gold,expired
2310,1064,platinum,cancelled
2311,521,silver,expired
2312,2045,silver,expired
2313,473,silver,cancelled
2314,220,platinum,cancelled
2315,1667,gold,cancelled
2316,2339,platinum,active
2317,295,platinum,expired
2318,1815,gold,cancelled
2319,366,silver,expired
2320,2277,gold,active
2321,412,silver,expired
2322,612,gold,cancelled
2323,903,silver,expired
2324,626,gold,cancelled
2325,2860,platinum,cancelled
2326,2298,silver,active
2327,1771,platinum,active
2328,270,silver,active
2329,1603,silver,active
2330,1807,gold,active
2331,2579,gold,cancelled
2332,513,gold,cancelled
2333,1137,silver,expired
2334,462,gold,cancelled
2335,429,platinum,active
2336,1274,gold,active
2337,2731,gold,cancelled
2338,1991,silver,cancelled
2339,1231,platinum,active
2340,1104,silver,active
2341,512,gold,cancelled
2342,2014,silver,active
2343,2315,gold,cancelled
2344,2496,gold,active
2345,116,gold,active
2346,1308,gold,cancelled
2347,930,silver,cancelled
2348,364,gold,expired
2349,1213,platinum,cancelled
2350,2040,gold,expired
2351,2048,silver,cancelled
2352,1147,silver,cancelled
2353,2113,platinum,active
2354,2960,platinum,expired
2355,90,silver,cancelled
2356,2839,silver,active
2357,1732,platinum,active
2358,2635,gold,active
2359,912,platinum,active
2360,1719,silver,cancelled
2361,2205,gold,cancelled
2362,587,platinum,cancelled
2363,2932,silver,expired
2364,1626,platinum,cancelled
2365,588,platinum,expired
2366,1496,silver,cancelled
2367,1598,platinum,active
2368,1068,silver,cancelled
2369,188,silver,expired
2370,2352,platinum,active
2371,1503,platinum,cancelled
2372,2690,platinum,active
2373,344,silver,cancelled
2374,1731,silver,cancelled
2375,2301,silver,cancelled
2376,2166,gold,expired
2377,498,silver,expired
2378,740,gold,active
2379,2763,silver,cancelled
2380,1980,platinum,expired
2381,2808,gold,active
2382,2119,platinum,expired
2383,1603,platinum,active
2384,266,platinum,cancelled
2385,2593,gold,cancelled
2386,176,gold,cancelled
2387,792,platinum,active
2388,1062,gold,expired
2389,2395,platinum,active
2390,1817,gold,cancelled
2391,2666,platinum,cancelled
2392,2991,gold,expired
2393,776,silver,active
2394,1372,silver,expired
2395,1981,silver,cancelled
2396,1414,silver,expired
2397,2694,platinum,active
2398,1571,gold,expired
2399,1170,silver,cancelled
2400,609,gold,cancelled
2401,57,silver,active
2402,2648,gold,expired
2403,2979,silver,active
2404,2970,silver,active
2405,2480,gold,active
2406,989,gold,active
2407,1034,silver,expired
2408,2042,silver,active
2409,2831,silver,active
2410,2738,silver,active
2411,1057,platinum,expired
2412,1707,gold,expired
2413,2220,platinum,expired
2414,2436,platinum,expired
2415,1604,platinum,cancelled
2416,90,gold,active
2417,250,gold,cancelled
2418,971,silver,cancelled
2419,121,gold,expired
2420,2780,gold,expired
2421,1595,gold,expired
2422,828,platinum,expired
2423,2961,gold,active
2424,2954,silver,expired
2425,788,platinum,expired
2426,2040,gold,active
2427,698,platinum,expired
2428,641,gold,active
2429,1232,platinum,active
2430,290,platinum,cancelled
2431,341,gold,cancelled
2432,431,silver,active
2433,1114,silver,expired
2434,443,gold,cancelled
2435,2228,gold,cancelled
2436,2445,gold,expired
2437,2415,silver,cancelled
2438,423,gold,cancelled
2439,1314,platinum,active
2440,1267,gold,expired
2441,1789,silver,cancelled
2442,453,silver,cancelled
2443,2693,gold,cancelled
2444,1755,gold,expired
2445,2241,silver,active
2446,183,silver,cancelled
2447,1858,gold,expired
2448,2069,platinum,expired
2449,558,platinum,cancelled
2450,2180,gold,active
2451,837,silver,expired
2452,1620,platinum,expired
2453,2999,platinum,cancelled
2454,1610,gold,cancelled
2455,2116,silver,cancelled
2456,2474,gold,cancelled
2457,229,silver,cancelled
2458,1897,platinum,expired
2459,918,gold,active
2460,984,silver,cancelled
2461,2571,platinum,cancelled
2462,2,platinum,expired
2463,1087,platinum,expired
2464,556,silver,cancelled
2465,494,gold,cancelled
2466,2636,platinum,cancelled
2467,1850,silver,cancelled
2468,1261,gold,expired
2469,476,gold,expired
2470,1196,silver,expired
2471,2826,platinum,cancelled
2472,1206,silver,expired
2473,1139,silver,expired
2474,2082,platinum,expired
2475,242,silver,active
2476,1804,platinum,active
2477,1678,silver,active
2478,442,silver,expired
2479,1262,silver,active
2480,399,gold,expired
2481,2183,silver,expired
2482,1863,platinum,active
2483,188,gold,expired
2484,2563,silver,cancelled
2485,1874,platinum,cancelled
2486,2910,platinum,expired
2487,2597,silver,expired
2488,2337,gold,expired
2489,2049,silver,active
2490,1525,platinum,cancelled
2491,378,platinum,cancelled
2492,338,silver,active
2493,1118,platinum,expired
2494,1003,gold,cancelled
2495,15,silver,cancelled
2496,1830,gold,expired
2497,443,gold,active
2498,2615,gold,active
2499,2740,platinum,active
2500,1579,platinum,active
2501,1028,platinum,cancelled
2502,120,gold,cancelled
2503,1936,platinum,active
2504,1827,gold,cancelled
2505,1698,gold,active
2506,44,silver,active
2507,923,gold,active
2508,2751,silver,active
2509,2267,platinum,active
2510,1905,platinum,expired
2511,2993,gold,expired
2512,654,silver,active
2513,579,silver,cancelled
2514,1443,silver,active
2515,172,gold,expired
2516,2648,silver,active
2517,601,gold,expired
2518,407,silver,cancelled
2519,212,gold,cancelled
2520,1690,platinum,cancelled
2521,2536,gold,active
2522,1127,silver,expired
2523,2209,platinum,expired
2524,2153,gold,expired
2525,1012,gold,expired
2526,1693,gold,cancelled
2527,56,platinum,active
2528,2830,platinum,expired
2529,724,platinum,cancelled
2530,2733,gold,expired
2531,2629,silver,active
2532,1964,gold,expired
2533,554,platinum,expired
2534,80,platinum,expired
2535,880,platinum,expired
2536,2623,platinum,expired
2537,2581,platinum,active
2538,1211,gold,expired
2539,234,gold,active
2540,1083,gold,cancelled
2541,41,gold,active
2542,1685,gold,active
2543,138,platinum,expired
2544,2681,silver,cancelled
2545,252,gold,cancelled
2546,2137,gold,active
2547,644,silver,active
2548,1073,platinum,expired
2549,2114,platinum,active
2550,1302,silver,expired
2551,853,gold,expired
2552,169,silver,expired
2553,1788,gold,cancelled
2554,2435,gold,active
2555,2867,gold,expired
2556,2108,platinum,active
2557,99,gold,cancelled
2558,2742,silver,cancelled
2559,111,platinum,expired
2560,2561,gold,active
2561,2556,silver,active
2562,1882,silver,active
2563,70,gold,cancelled
2564,2776,platinum,active
2565,2263,silver,expired
2566,646,platinum,expired
2567,1502,gold,cancelled
2568,2729,platinum,cancelled
2569,1505,gold,cancelled
2570,2736,gold,active
2571,1351,gold,active
2572,1710,gold,cancelled
2573,1022,platinum,cancelled
2574,2785,gold,expired
2575,2239,gold,active
2576,42,gold,cancelled
2577,495,silver,cancelled
2578,185,platinum,expired
2579,135,gold,cancelled
2580,2356,silver,active
2581,2377,silver,expired
2582,787,gold,active
2583,895,silver,cancelled
2584,395,gold,cancelled
2585,1769,platinum,active
2586,827,platinum,cancelled
2587,2286,platinum,expired
2588,479,silver,expired
2589,1273,platinum,active
2590,2230,silver,cancelled
2591,759,silver,active
2592,1905,silver,cancelled
2593,1805,platinum,cancelled
2594,2226,silver,active
2595,2415,gold,cancelled
2596,395,silver,expired
2597,199,platinum,cancelled
2598,1692,platinum,active
2599,671,platinum,expired
2600,135,silver,active
2601,56,silver,expired
2602,2808,platinum,cancelled
2603,1143,silver,cancelled
2604,689,silver,expired
2605,2666,platinum,expired
2606,2004,platinum,active
2607,1581,platinum,expired
2608,1871,silver,expired
2609,1016,platinum,expired
2610,2993,silver,expired
2611,2909,gold,active
2612,147,platinum,active
2613,1636,platinum,active
2614,252,gold,active
2615,465,silver,expired
2616,1092,platinum,cancelled
2617,1667,platinum,expired
2618,2830,silver,expired
2619,1300,platinum,cancelled
2620,2710,platinum,expired
2621,630,silver,expired
2622,2056,silver,cancelled
2623,310,platinum,active
2624,531,silver,active
2625,2036,platinum,active
2626,240,silver,cancelled
2627,1550,gold,expired
2628,2,platinum,active
2629,695,platinum,cancelled
2630,1508,silver,cancelled
2631,972,gold,expired
2632,45,gold,expired
2633,1013,silver,expired
2634,1712,gold,cancelled
2635,132,gold,active
2636,412,gold,cancelled
2637,457,gold,active
2638,1331,silver,cancelled
2639,1323,platinum,active
2640,534,platinum,cancelled
2641,665,gold,active
2642,2611,platinum,expired
2643,2298,platinum,cancelled
2644,115,platinum,active
2645,1776,gold,active
2646,2777,gold,cancelled
2647,813,platinum,cancelled
2648,633,gold,expired
2649,1561,gold,cancelled
2650,2784,gold,expired
2651,674,gold,expired
2652,283,silver,expired
2653,2884,platinum,cancelled
2654,431,gold,active
2655,2104,gold,expired
2656,390,platinum,cancelled
2657,2509,silver,cancelled
2658,2747,silver,cancelled
2659,2897,silver,expired
2660,72,silver,expired
2661,531,platinum,expired
2662,241,gold,expired
2663,1211,platinum,cancelled
2664,1733,gold,active
2665,524,platinum,cancelled
2666,2978,gold,cancelled
2667,167,silver,expired
2668,486,silver,active
2669,272,silver,cancelled
2670,1198,gold,expired
2671,540,silver,cancelled
2672,2365,gold,active
2673,2634,platinum,cancelled
2674,2080,gold,cancelled
2675,1517,gold,expired
2676,2406,platinum,expired
2677,486,silver,cancelled
2678,1905,silver,cancelled
2679,978,platinum,active
2680,2104,gold,cancelled
2681,754,gold,expired
2682,1171,platinum,cancelled
2683,2985,gold,active
2684,1264,platinum,active
2685,1911,gold,active
2686,2654,silver,cancelled
2687,1365,gold,cancelled
2688,2292,platinum,active
2689,2653,gold,cancelled
2690,2386,silver,active
2691,254,silver,active
2692,713,silver,active
2693,2201,gold,expired
2694,2120,platinum,active
2695,218,platinum,expired
2696,2581,gold,cancelled
2697,335,platinum,cancelled
2698,926,platinum,active
2699,578,platinum,active
2700,1354,platinum,cancelled
2701,1226,silver,cancelled
2702,2549,platinum,cancelled
2703,1705,platinum,cancelled
2704,712,gold,expired
2705,1005,platinum,cancelled
2706,1690,silver,expired
2707,2240,silver,cancelled
2708,656,silver,expired
2709,771,platinum,cancelled
2710,2655,gold,active
2711,223,silver,active
2712,2257,silver,expired
2713,144,gold,active
2714,839,silver,cancelled
2715,1494,platinum,cancelled
2716,1763,gold,active
2717,2816,platinum,expired
2718,1560,gold,active
2719,2252,platinum,expired
2720,2800,platinum,active
2721,287,silver,expired
2722,1721,silver,active
2723,944,silver,cancelled
2724,482,silver,expired
2725,1805,gold,active
2726,1495,silver,active
2727,2721,gold,expired
2728,387,silver,expired
2729,2218,platinum,cancelled
2730,878,platinum,expired
2731,2842,platinum,active
2732,1675,gold,cancelled
2733,1907,gold,active
2734,421,platinum,expired
2735,677,gold,active
2736,629,platinum,cancelled
2737,460,silver,cancelled
2738,1017,gold,active
2739,1798,platinum,expired
2740,1669,gold,expired
2741,2553,platinum,cancelled
2742,2252,gold,active
2743,138,gold,active
2744,2375,silver,expired
2745,1304,silver,cancelled
2746,968,gold,active
2747,1679,platinum,expired
2748,1428,silver,cancelled
2749,218,platinum,expired
2750,2711,silver,cancelled
2751,89,gold,expired
2752,1289,platinum,active
2753,2230,gold,cancelled
2754,1183,silver,active
2755,1444,platinum,active
2756,1713,platinum,cancelled
2757,2493,platinum,cancelled
2758,2333,silver,active
2759,1719,gold,active
2760,2737,platinum,expired
2761,2680,gold,cancelled
2762,1694,platinum,active
2763,450,silver,expired
2764,449,gold,expired
2765,1550,gold,active
2766,2152,gold,active
2767,1768,platinum,expired
2768,1617,platinum,active
2769,2173,gold,cancelled
2770,956,gold,expired
2771,2120,platinum,cancelled
2772,723,gold,active
2773,961,platinum,active
2774,1847,platinum,active
2775,1586,platinum,cancelled
2776,33,platinum,expired
2777,1248,silver,active
2778,159,platinum,active
2779,1232,platinum,expired
2780,492,platinum,expired
2781,473,gold,active
2782,2065,gold,expired
2783,60,gold,expired
2784,62,platinum,cancelled
2785,502,platinum,active
2786,1243,gold,expired
2787,1965,silver,active
2788,1293,silver,expired
2789,2338,gold,active
2790,2917,platinum,cancelled
2791,804,silver,expired
2792,512,gold,cancelled
2793,1220,platinum,cancelled
2794,2806,silver,expired
2795,2962,silver,active
2796,2991,gold,expired
2797,188,gold,expired
2798,929,silver,active
2799,2752,silver,expired
2800,1077,platinum,active
2801,1921,silver,cancelled
2802,1243,gold,cancelled
2803,325,silver,expired
2804,2416,platinum,cancelled
2805,71,gold,expired
2806,512,platinum,active
2807,2327,platinum,expired
2808,959,gold,cancelled
2809,1393,platinum,expired
2810,1242,gold,active
2811,2594,gold,cancelled
2812,184,platinum,expired
2813,1358,platinum,active
2814,250,gold,active
2815,2649,silver,active
2816,20,silver,cancelled
2817,618,silver,cancelled
2818,2544,platinum,expired
2819,933,silver,active
2820,1371,platinum,expired
2821,307,gold,active
2822,718,gold,active
2823,1596,gold,active
2824,922,silver,expired
2825,57,silver,expired
2826,1252,platinum,expired
2827,2735,gold,cancelled
2828,1877,silver,expired
2829,1904,gold,expired
2830,1509,gold,active
2831,2530,gold,active
2832,1120,platinum,active
2833,1277,silver,active
2834,2566,gold,cancelled
2835,1689,silver,expired
2836,14,platinum,expired
2837,879,platinum,active
2838,2912,gold,expired
2839,2544,gold,active
2840,399,gold,expired
2841,2775,silver,active
2842,2263,platinum,cancelled
2843,2083,platinum,expired
2844,2781,silver,cancelled
2845,2743,platinum,active
2846,2657,silver,expired
2847,1655,gold,cancelled
2848,2655,platinum,expired
2849,1890,platinum,active
2850,2088,gold,expired
2851,1581,gold,expired
2852,1966,platinum,active
2853,2504,silver,expired
2854,2529,silver,expired
2855,1121,silver,expired
2856,2074,gold,active
2857,869,silver,expired
2858,316,platinum,expired
2859,2245,platinum,active
2860,27,gold,active
2861,2872,platinum,active
2862,1590,gold,cancelled
2863,438,platinum,active
2864,2949,gold,cancelled
2865,2418,gold,cancelled
2866,52,platinum,expired
2867,2828,platinum,active
2868,2506,silver,active
2869,1027,gold,cancelled
2870,131,gold,cancelled
2871,2645,platinum,active
2872,1087,platinum,active
2873,1182,gold,cancelled
2874,2730,platinum,expired
2875,2047,platinum,expired
2876,1948,platinum,expired
2877,2040,platinum,active
2878,1919,gold,active
2879,2977,gold,active
2880,911,silver,active
2881,899,silver,active
2882,2047,platinum,expired
2883,2300,platinum,active
2884,2695,platinum,cancelled
2885,783,platinum,expired
2886,2855,silver,active
2887,268,gold,active
2888,2319,gold,expired
2889,2923,silver,active
2890,1885,silver,cancelled
2891,2426,platinum,cancelled
2892,20,platinum,active
2893,771,platinum,expired
2894,17,silver,cancelled
2895,1563,platinum,expired
2896,417,gold,cancelled
2897,2109,gold,expired
2898,1544,platinum,active
2899,1024,platinum,active
2900,13,silver,active
2901,2481,platinum,active
2902,2226,silver,expired
2903,279,platinum,expired
2904,1006,silver,cancelled
2905,2577,silver,expired
2906,789,gold,cancelled
2907,2653,platinum,cancelled
2908,1647,platinum,active
2909,702,platinum,active
2910,940,platinum,active
2911,2236,platinum,expired
2912,2674,gold,active
2913,803,silver,cancelled
2914,1159,gold,cancelled
2915,1535,silver,cancelled
2916,253,gold,active
2917,529,platinum,expired
2918,1153,silver,active
2919,2008,platinum,active
2920,2094,silver,expired
2921,1128,silver,cancelled
2922,1287,platinum,expired
2923,1481,platinum,cancelled
2924,2744,platinum,expired
2925,244,platinum,expired
2926,39,gold,active
2927,2681,silver,active
2928,245,platinum,cancelled
2929,1201,silver,expired
2930,1649,gold,expired
2931,738,platinum,active
2932,1479,gold,expired
2933,648,silver,expired
2934,2665,platinum,cancelled
2935,2765,silver,cancelled
2936,1153,gold,expired
2937,2385,platinum,active
2938,185,platinum,cancelled
2939,1436,silver,cancelled
2940,2692,silver,expired
2941,1999,gold,active
2942,2827,platinum,cancelled
2943,1863,platinum,active
2944,670,platinum,cancelled
2945,2888,platinum,expired
2946,2706,gold,cancelled
2947,554,platinum,cancelled
2948,1004,platinum,active
2949,2747,silver,expired
2950,2610,gold,expired
2951,2452,silver,cancelled
2952,2647,platinum,active
2953,1138,platinum,cancelled
2954,927,platinum,active
2955,2751,platinum,cancelled
2956,125,platinum,cancelled
2957,1114,gold,expired
2958,1867,silver,expired
2959,323,gold,expired
2960,129,silver,active
2961,1836,gold,cancelled
2962,1533,silver,expired
2963,2546,gold,active
2964,2426,gold,cancelled
2965,2720,platinum,active
2966,2870,silver,expired
2967,2995,gold,active
2968,372,gold,active
2969,839,platinum,cancelled
2970,536,gold,cancelled
2971,2708,silver,cancelled
2972,808,platinum,active
2973,2406,gold,cancelled
2974,992,silver,active
2975,604,gold,cancelled
2976,1121,platinum,active
2977,2904,gold,expired
2978,1696,platinum,expired
2979,1120,gold,expired
2980,1946,platinum,active
2981,1311,gold,active
2982,2870,platinum,expired
2983,121,silver,expired
2984,1642,platinum,cancelled
2985,154,platinum,cancelled
2986,2012,silver,cancelled
2987,1790,silver,expired
2988,622,silver,expired
2989,2415,silver,active
2990,950,silver,expired
2991,1338,gold,cancelled
2992,2280,platinum,cancelled
2993,32,silver,expired
2994,2893,gold,expired
2995,1800,silver,expired
2996,954,silver,expired
2997,2137,silver,active
2998,1904,gold,cancelled
2999,902,gold,cancelled
3000,2779,silver,expired
