customer_id,age,gender,location,signup_date,recommended_plan
2139,32,Female,Thompsonmouth,2022-06-16,1
1697,34,Female,Martinhaven,2022-09-24,0
1243,25,Female,West Melissaview,2024-10-25,0
1498,59,Male,Andreaport,2023-02-17,0
1187,30,Male,Port Eric,2024-05-31,0
716,56,Female,Jordanberg,2021-02-03,0
2889,21,Male,Webbhaven,2022-11-29,0
2885,56,Male,Donaldsonborough,2021-04-27,1
2213,18,Male,Robertstown,2020-08-08,0
2710,48,Female,Morriston,2024-06-19,1
1140,63,Male,Smallmouth,2020-05-04,0
452,47,Male,Johnside,2021-10-20,1
111,68,Male,Nathanborough,2021-08-19,1
1020,29,Male,Mayborough,2021-11-07,0
1574,39,Male,Bryanmouth,2023-07-07,0
1719,64,Female,Lake Reginaville,2020-10-05,0
1034,36,Female,South Benjamintown,2021-02-04,1
2055,22,Male,East Jennifer,2021-05-09,0
1301,33,Male,New Laurafort,2021-09-12,0
2624,56,Female,New Raymondview,2024-07-05,0
2804,53,Female,Kelleymouth,2021-11-30,0
2967,57,Female,Port Timothy,2020-05-07,1
1645,69,Male,Lake Adamville,2021-03-28,0
564,28,Male,Harveytown,2020-04-17,0
2258,62,Female,Jenningsview,2023-04-14,0
255,52,Female,Ryanview,2024-10-09,0
573,37,Male,North Brent,2020-01-20,0
806,64,Female,South Brianburgh,2020-06-20,0
619,27,Female,Larsonview,2021-09-28,1
2891,29,Male,Hollowayborough,2023-07-19,1
2183,19,Female,North Kyle,2024-03-19,0
2290,33,Male,Fosterview,2020-01-27,0
2810,62,Male,Port Cassie,2023-04-09,0
861,41,Female,Lake Melissaport,2020-09-27,0
1356,32,Female,Ericmouth,2024-04-17,0
2212,37,Female,East Alejandro,2024-07-01,0
506,38,Male,New Jessica,2024-12-04,1
2932,20,Female,Port Donaldstad,2022-08-28,0
2617,21,Female,Port Amandafurt,2021-01-15,0
284,71,Male,Sparksmouth,2022-07-10,0
1267,74,Female,Port Teresamouth,2023-08-10,0
1679,48,Male,Lake Michele,2022-02-24,0
336,31,Male,New Stephanie,2021-07-11,0
2078,25,Male,Lake Audrey,2022-07-02,0
1942,55,Female,South Christopherside,2021-08-12,0
2623,38,Female,Karlastad,2024-08-14,0
2458,72,Female,Vazquezmouth,2020-01-18,0
581,29,Male,West Deannaburgh,2020-01-18,0
2796,58,Female,Lake Martha,2024-06-07,0
1674,23,Male,Ericabury,2020-12-29,0
2073,23,Male,Cameronport,2020-05-09,0
1378,25,Male,Goodview,2020-07-30,0
74,66,Male,Leblancton,2023-08-11,0
1773,39,Male,Willisport,2022-09-25,0
1525,51,Female,Lake Davidview,2022-01-14,0
2342,18,Male,Lake Emily,2023-04-18,1
212,36,Female,South Mark,2023-04-07,1
1453,42,Male,West Francisco,2021-07-10,0
207,34,Female,East Anthonybury,2024-02-22,0
1955,55,Female,North Derekmouth,2024-09-02,0
1536,43,Female,Port Patrick,2024-11-03,0
2376,40,Female,South Brentshire,2023-04-05,0
22,41,Male,Chavezport,2021-05-02,1
1661,76,Female,Romeroton,2024-08-28,0
979,64,Male,New Michelleland,2020-10-27,0
480,67,Male,Annefurt,2024-07-23,1
2281,39,Male,Lake Jeffery,2022-04-23,1
876,42,Female,South Laurenchester,2020-09-03,1
1019,78,Female,Thomasside,2022-11-21,1
2159,20,Female,Simmonsberg,2022-12-23,0
1474,70,Female,Wellsbury,2024-08-24,0
239,78,Male,Joshuaville,2023-05-19,1
1095,37,Female,Lake Amyland,2024-09-19,0
264,61,Male,Port Jamie,2021-10-18,0
1129,74,Male,Woodfurt,2020-10-28,0
790,47,Male,Kimberlyfurt,2022-01-09,0
2474,43,Male,New Victoriachester,2022-10-07,0
2276,48,Male,South Christopherburgh,2023-03-25,1
2184,19,Male,Castromouth,2021-06-28,0
2268,28,Female,Maldonadostad,2024-10-09,0
531,22,Male,Kimmouth,2022-10-21,0
1025,79,Female,Port Derekborough,2023-05-28,0
2698,20,Male,New Danielchester,2024-05-24,0
1260,24,Male,New Jonathanton,2022-09-02,0
1425,29,Female,East Kristinaview,2024-02-17,0
1307,47,Male,Riosborough,2021-01-15,1
700,48,Female,West Elizabeth,2020-02-23,1
1361,71,Male,Lake Danielhaven,2021-06-06,0
386,69,Male,Coryland,2022-05-14,0
2355,50,Female,North Markberg,2020-10-02,0
2369,28,Male,North Lindseyview,2024-02-24,0
1117,60,Male,Goodmanfurt,2022-11-06,0
1373,60,Male,Vincentburgh,2024-12-01,0
40,21,Female,Emilyfort,2022-01-17,0
208,26,Male,West Brianville,2023-07-28,0
1426,75,Female,New Amy,2021-01-15,0
79,79,Female,Cynthiahaven,2023-10-15,0
1914,28,Male,South Barbarahaven,2023-04-05,1
2909,29,Female,North Sydneyfurt,2024-04-13,0
1941,22,Female,Orozcoburgh,2021-08-04,0
2594,72,Female,New Vicki,2022-04-20,0
222,52,Male,Kerryport,2023-08-19,0
813,68,Male,Lauraborough,2022-02-05,0
1269,37,Female,North Samantha,2021-06-23,1
1058,20,Male,Garzaborough,2023-04-20,0
308,19,Male,Bradyland,2021-07-13,0
1987,21,Female,South Douglasside,2023-06-02,0
85,80,Male,Bakermouth,2021-12-18,0
2544,36,Male,Timothyland,2022-01-20,0
2311,75,Male,New Ashleyburgh,2021-08-16,0
2152,57,Male,Sethchester,2024-12-15,0
2968,58,Male,New Michaelshire,2024-06-06,0
567,41,Female,North Matthewtown,2024-08-20,0
1651,34,Male,Simpsonborough,2024-11-26,0
2894,26,Female,Millerstad,2021-02-27,0
2418,22,Female,Whiteborough,2020-12-30,0
1604,19,Female,Port Tammy,2020-06-30,0
751,69,Female,Lake Benjaminburgh,2022-02-17,0
802,66,Female,South Karen,2022-02-01,1
1030,78,Female,Williamston,2021-05-19,0
618,76,Female,Dorothyshire,2021-10-13,1
2771,69,Male,Gibsonside,2022-08-26,1
453,57,Male,Fullermouth,2023-04-25,0
870,33,Female,Port Ashleyport,2021-09-14,0
206,49,Male,Shannonshire,2020-10-21,0
2200,30,Male,Lake Andrewborough,2020-12-15,0
1250,39,Male,Lake Andreafurt,2021-02-10,1
1293,45,Male,East Cynthiamouth,2021-05-13,0
1295,65,Female,North Julie,2022-02-20,0
203,48,Male,Billychester,2022-12-23,1
662,50,Female,Wallaceburgh,2020-02-14,0
1717,33,Female,North Lisachester,2024-07-26,0
381,70,Female,South Jacquelineville,2021-03-28,0
2832,24,Male,New Mikeburgh,2021-09-20,0
1278,73,Male,Christopherstad,2022-02-27,0
1027,78,Male,East Danielstad,2023-12-02,1
2693,39,Male,Amandaville,2022-02-23,0
1654,51,Female,Murphychester,2024-02-26,1
1968,49,Male,Mccannfurt,2024-01-05,0
2895,22,Male,Bryanberg,2024-03-23,0
2221,51,Male,South Amanda,2021-02-10,0
349,19,Male,East Jacob,2020-06-17,0
2225,67,Female,East Daniel,2022-08-03,0
2608,25,Male,West Amy,2020-10-02,0
991,78,Female,Jenniferfort,2022-11-14,1
922,33,Male,Keithbury,2024-02-10,0
2181,66,Female,East Kathrynberg,2024-03-18,0
1087,20,Female,Vickieshire,2023-08-12,0
2360,30,Male,Fosterberg,2024-05-06,0
670,41,Female,East Jason,2024-08-05,0
1210,61,Male,Sampsonmouth,2021-08-12,0
202,49,Male,Lake Brandon,2022-03-06,1
1994,70,Female,Kimberlyborough,2025-01-20,0
2402,19,Female,Pottsstad,2024-11-13,1
1609,30,Female,Eddieport,2020-11-28,1
1993,42,Female,West Jessica,2020-01-12,0
912,27,Female,Angelahaven,2024-01-31,0
2270,43,Female,Christopherchester,2021-12-08,0
1671,22,Male,South Christopherborough,2024-12-17,0
2113,53,Male,Kathleenchester,2023-02-22,1
2568,60,Male,West Samanthastad,2020-03-25,0
1823,68,Male,Robertberg,2023-01-20,0
318,56,Female,Ericatown,2022-05-29,0
1882,64,Male,Nicholsonborough,2024-12-13,0
896,18,Female,East Susan,2021-08-19,0
939,21,Female,Kevinport,2024-10-16,1
1979,59,Male,Ortizside,2021-11-03,0
1304,19,Female,Wrightview,2022-12-20,0
774,48,Male,Haileyshire,2023-03-14,1
1492,73,Female,New Michael,2021-11-06,0
2451,23,Female,Kathrynfurt,2020-06-19,1
117,43,Male,South Carolynberg,2020-11-19,0
2368,33,Male,Wallacemouth,2020-12-22,0
2327,75,Male,Sherrifurt,2022-06-25,0
2128,67,Male,Lisaland,2022-09-05,0
1732,20,Female,Gonzalesborough,2021-09-04,0
220,67,Male,Lake Brian,2021-03-30,1
1347,75,Male,Tamarafurt,2020-03-20,0
2370,65,Male,New Nicholas,2021-05-19,0
693,44,Female,Kellerville,2023-07-07,0
2277,37,Male,Jillianport,2021-08-06,0
947,63,Male,East Johnathanview,2021-07-18,0
2511,79,Female,Jamesborough,2021-05-28,0
1284,39,Female,South Gary,2023-03-26,0
1508,73,Male,Port Veronicatown,2024-01-03,1
706,76,Female,Kathrynchester,2024-07-10,0
865,29,Female,Heatherhaven,2023-05-27,0
2998,32,Male,Lake Cindyport,2022-06-21,0
1777,46,Female,New Michael,2020-04-22,0
1457,73,Female,South Brittany,2021-11-06,0
1840,72,Male,Lake Alexanderberg,2022-07-21,0
2423,80,Female,North Debramouth,2020-03-02,0
383,56,Male,Lake Shawnberg,2022-03-06,1
2125,24,Male,Lake Chaseview,2021-01-13,0
433,58,Female,Lawrenceton,2022-09-25,0
2144,43,Male,Mariofurt,2023-01-11,1
44,64,Male,Perezfurt,2021-12-01,1
787,68,Female,Scottside,2023-08-06,0
2359,73,Female,West Leefurt,2023-08-25,1
2921,36,Male,Douglastown,2021-02-08,0
733,61,Female,North Thomas,2021-09-20,1
1841,46,Male,Johnhaven,2020-05-06,0
1900,25,Male,Villarrealtown,2022-08-30,0
1826,29,Female,North Ashley,2023-12-19,0
2066,73,Male,South Adam,2022-06-10,0
562,76,Male,Port Jason,2020-10-08,1
2197,58,Male,Lake Marietown,2021-10-10,0
2251,55,Male,Smithhaven,2022-10-27,0
1946,49,Male,Emilyhaven,2021-06-27,1
1855,71,Female,East David,2020-06-28,1
50,29,Male,Port Walter,2020-03-21,0
1206,24,Male,Stephensonville,2023-06-22,1
1079,41,Female,Alexismouth,2022-09-22,0
754,36,Female,North Deborah,2021-01-08,1
34,34,Female,West Sheila,2022-07-06,0
1915,63,Male,West Jimmyborough,2022-11-11,1
1382,36,Male,Johnsonburgh,2023-01-31,0
2823,58,Female,Port Danielmouth,2022-02-02,1
866,61,Male,South Thomasstad,2023-01-07,0
213,21,Male,Lake Markville,2022-05-07,0
2928,68,Female,South Sharonbury,2020-07-14,0
404,25,Female,New Ronald,2022-06-11,0
2121,23,Male,South Johnport,2024-07-16,0
2733,65,Male,Ryanmouth,2023-11-23,0
63,52,Male,East Susanbury,2020-01-11,1
113,65,Male,Michaelton,2020-02-17,1
463,41,Male,Vanessafurt,2020-12-14,0
1933,51,Female,Port Dominicchester,2023-08-21,1
1235,35,Female,New Stephenville,2020-02-19,0
2508,25,Male,Port Joshua,2024-04-26,0
836,66,Female,Mckeemouth,2020-01-01,0
405,76,Female,South Ronaldfurt,2022-09-09,0
108,47,Male,East Glenborough,2024-05-10,0
1866,40,Female,Collinsmouth,2023-05-03,0
2198,34,Male,Benjaminshire,2021-10-08,0
910,45,Female,Jessicahaven,2021-10-28,0
2660,20,Male,South Cindyville,2022-04-28,0
123,26,Male,Paulview,2020-02-28,0
1639,53,Male,South Linda,2020-07-08,0
503,40,Female,New Larryside,2021-06-07,0
1754,23,Male,New Annaton,2023-05-13,0
2929,66,Male,Kristopherchester,2023-02-19,0
2209,54,Male,Port Scott,2023-01-25,1
246,26,Female,Ramirezton,2022-07-13,0
771,74,Male,West Michelleport,2024-03-25,0
2207,45,Female,Jacksonbury,2021-06-02,0
1075,76,Female,Phillipsmouth,2022-07-15,0
1104,68,Male,New Krista,2024-08-31,1
1462,31,Female,Crawfordfort,2021-08-03,0
1423,34,Male,Haleyhaven,2023-08-18,0
2228,76,Male,Shelbyberg,2021-06-25,0
2381,57,Male,Barbertown,2024-10-14,0
1707,33,Female,Longshire,2021-09-06,1
1662,50,Male,New Samanthaborough,2020-07-27,0
31,21,Female,Kimfurt,2023-12-16,0
2154,24,Male,Brianport,2023-10-04,0
1390,55,Female,East Briannafort,2022-08-20,0
332,18,Female,Lake Sherri,2023-12-16,0
138,28,Female,Nataliemouth,2021-02-08,0
2566,73,Female,Alexandriaside,2020-11-07,0
1167,43,Male,West James,2022-09-28,1
1333,70,Male,North Jessica,2021-02-03,0
1318,45,Female,Oconnellmouth,2024-03-28,0
482,51,Female,New Christina,2023-12-11,0
1370,43,Male,Yangmouth,2021-04-22,1
522,19,Female,Amyhaven,2022-09-25,0
2206,47,Male,Smithshire,2020-07-28,1
997,47,Female,Gonzalezchester,2024-06-18,0
2026,71,Male,Georgeshire,2021-02-04,0
1161,61,Male,Patrickfurt,2021-09-07,0
1813,25,Female,Taylorport,2021-07-27,1
511,45,Male,Youngburgh,2024-04-08,1
1045,71,Male,Christinaland,2021-01-11,0
1024,35,Female,New Jeremyfurt,2023-03-13,0
302,55,Female,West Patriciaton,2020-04-02,0
1723,72,Male,Philipview,2024-08-26,0
1272,56,Female,New Cameronville,2024-04-09,0
821,34,Female,Hayesshire,2022-01-20,0
1978,63,Male,Reedchester,2023-06-03,0
2997,26,Female,Michelleshire,2020-01-31,0
526,57,Male,Walkershire,2021-09-18,0
2933,55,Male,Port Kaitlyn,2023-03-31,0
2068,43,Male,Mirandaland,2020-06-05,1
2344,47,Female,Port Kaylaport,2020-04-18,0
622,76,Female,Jeanville,2020-03-03,0
1204,55,Male,Davisport,2021-09-25,1
341,32,Male,New Alyssa,2021-12-22,0
1786,79,Female,South Jody,2021-03-13,0
1793,26,Female,Deborahmouth,2024-10-25,1
2163,35,Female,Pierceberg,2021-06-08,0
1592,52,Female,New Kristin,2023-05-24,0
2805,50,Female,Whitneytown,2022-04-11,0
2476,63,Female,Smithborough,2021-12-08,0
632,57,Female,Paulside,2022-12-24,0
2291,65,Male,North Anitaburgh,2024-12-29,1
585,21,Male,Abigailland,2020-03-31,0
674,28,Male,North Donna,2024-06-14,0
2403,52,Female,West Henry,2022-03-02,0
2191,64,Female,Thomastown,2022-10-23,0
1299,69,Female,Deanchester,2022-11-02,0
2021,47,Female,Martinezchester,2023-07-25,1
1154,49,Female,South Amy,2022-07-25,0
1668,69,Female,East Timothyfurt,2022-10-17,0
270,24,Female,East Lindaview,2021-08-29,0
2527,42,Male,Millerville,2024-02-25,1
968,63,Male,Mcbrideborough,2021-04-19,0
691,26,Female,New Raymondbury,2023-11-01,0
2972,30,Male,North Stephanietown,2021-08-10,0
966,38,Male,West Kellymouth,2020-11-21,0
1750,27,Female,Williamsbury,2021-10-13,0
2242,71,Male,Port Kevinfurt,2025-01-15,0
2738,72,Male,Zacharytown,2020-01-21,1
2214,48,Female,Murphymouth,2024-09-17,0
1816,71,Female,Diazfurt,2023-08-05,1
2056,30,Female,North Linda,2023-03-06,0
527,28,Male,Saraton,2020-07-19,0
1183,55,Male,Brandonchester,2020-06-12,1
994,54,Male,Lake Gabrielport,2022-09-15,0
2031,67,Male,Montgomeryburgh,2023-12-10,0
2865,64,Female,Summersfort,2023-05-29,0
2058,25,Male,Colinton,2023-08-11,0
783,38,Female,Huntport,2024-10-08,1
1526,76,Male,Scottland,2024-02-17,1
29,79,Male,Scottview,2021-04-07,0
2603,45,Male,North Williammouth,2021-10-07,0
502,19,Male,New Kevinville,2024-09-10,0
2908,53,Female,North Michaelport,2022-06-02,0
2019,21,Female,Carlsonton,2021-07-13,0
315,24,Female,Harrisborough,2025-01-11,0
1764,62,Male,West Matthew,2020-09-23,0
355,71,Male,North Brandon,2020-10-10,1
2111,70,Female,South Theresa,2020-04-10,0
1550,53,Male,Lake Elizabethshire,2023-04-13,1
999,72,Male,North Emilytown,2023-02-26,0
698,60,Female,Lake Robert,2020-12-30,1
290,30,Male,Hendersonmouth,2021-10-20,0
1216,53,Male,Amberland,2022-06-11,0
299,62,Female,East Christina,2024-12-11,0
1182,41,Female,South Kevinton,2022-07-05,0
1392,46,Male,Amyberg,2023-06-14,0
1895,70,Male,Melanieborough,2023-03-23,0
1317,57,Female,Markville,2022-07-01,0
609,60,Male,Reidshire,2022-09-07,0
613,42,Male,Howellfurt,2023-05-28,0
1090,21,Male,New Lucas,2024-05-23,0
1263,50,Female,Sullivanshire,2021-09-29,0
1571,70,Female,Lake Jordan,2020-10-25,0
1334,45,Male,Robbinsborough,2024-05-20,1
2911,79,Male,Stephensonfurt,2022-06-02,0
2106,43,Female,Meganbury,2022-01-08,1
2590,30,Female,Gonzalezfort,2023-09-17,0
588,21,Male,West Jacobside,2021-12-15,0
1787,27,Male,Marshallville,2022-04-07,0
427,37,Female,Lisafurt,2021-12-09,1
2563,35,Male,Greenhaven,2022-08-21,1
1055,29,Male,Sarahborough,2021-01-04,0
972,63,Male,New Jonathan,2022-06-16,0
888,65,Male,Mirandamouth,2021-05-03,0
874,32,Female,Port Anthony,2021-03-19,0
2231,58,Female,Alexanderchester,2021-02-21,0
1513,50,Female,Elliottside,2021-10-25,0
2648,55,Male,West Erik,2021-03-28,0
1538,64,Male,Westberg,2024-02-27,0
1107,64,Male,Port Matthew,2023-10-01,0
323,34,Female,New Haley,2023-08-31,0
1261,23,Female,Wilsonborough,2023-05-08,0
1657,49,Male,Stevenstown,2021-02-27,0
834,49,Male,Greenview,2024-03-01,0
1294,68,Male,Aguilarton,2024-01-04,0
49,64,Female,Amandaland,2023-07-27,0
145,52,Female,East Brentland,2020-06-17,0
2331,57,Male,East Shelia,2022-12-15,0
2385,22,Female,Jessicaburgh,2020-05-05,0
247,32,Female,Allenberg,2020-08-17,0
1442,64,Male,North Jessetown,2021-05-26,1
2016,47,Female,Lake Alexisland,2024-02-15,1
1655,54,Male,South Billy,2021-07-06,0
1734,70,Female,Jasminehaven,2021-10-10,1
2499,25,Female,Amyside,2022-12-19,0
1063,64,Male,South Bradleyberg,2020-09-16,0
1240,31,Female,South Sydneyberg,2022-05-08,0
2799,75,Male,Albertview,2020-04-16,0
665,24,Female,Youngshire,2024-05-03,0
1700,28,Female,Ronaldview,2023-07-16,1
873,20,Female,Joymouth,2021-12-28,0
776,32,Male,Michaelchester,2022-01-04,0
853,51,Male,North Melissaside,2021-04-04,0
1486,70,Male,Markport,2020-05-30,1
803,54,Male,South Kellyville,2021-01-10,0
943,30,Female,Christopherton,2022-12-12,1
2595,73,Female,Lake Kristenberg,2024-06-11,1
1556,73,Female,New Kayla,2023-06-13,0
293,74,Female,Port Christopher,2022-08-13,0
2767,48,Female,Coxburgh,2024-09-20,1
810,53,Female,New Kyleland,2021-10-16,1
1455,18,Male,Hernandezville,2022-09-04,1
2051,65,Male,Moralesfort,2020-02-01,0
513,70,Female,North Jeremiahmouth,2021-10-25,0
2393,72,Female,North Michael,2020-09-14,0
1984,68,Male,West Tara,2021-10-23,1
1810,70,Male,South Pamelahaven,2023-07-28,0
360,79,Female,Graymouth,2020-04-25,0
538,79,Male,Hardinborough,2021-12-02,0
2692,66,Male,East Dennis,2022-09-04,1
2713,21,Female,Erinhaven,2021-01-17,0
1613,35,Male,Hallberg,2022-12-04,0
933,41,Female,Sabrinachester,2022-05-26,0
1646,62,Male,Simpsonshire,2023-06-04,1
1551,64,Male,West Melanie,2021-01-31,0
1991,37,Female,Thomasborough,2023-10-06,0
1371,64,Female,Lake Bradleyview,2024-09-10,0
980,37,Female,West Caitlin,2020-11-07,0
1339,35,Female,North Coleside,2023-07-01,0
1581,44,Female,Port Teresa,2024-09-08,0
878,49,Male,Kramerstad,2023-06-23,0
711,22,Female,South Christopher,2023-11-30,0
2673,55,Male,South Kyle,2025-01-17,0
48,43,Female,Amandafurt,2022-08-15,0
1939,44,Male,Katherineville,2022-01-07,0
402,59,Male,East Richard,2020-08-07,0
1666,75,Male,Port Douglas,2024-02-24,0
1973,31,Female,New Rebeccamouth,2021-08-06,0
408,62,Male,Jacksonton,2020-12-30,1
2787,60,Male,East Christopher,2021-01-02,0
2035,41,Male,North Charlesberg,2021-05-06,0
125,70,Female,Pamelastad,2023-04-23,0
1084,71,Male,Heatherborough,2022-10-06,0
1934,39,Female,Donnaberg,2023-10-14,0
529,68,Male,Annamouth,2021-07-10,0
815,45,Female,Lake Dustin,2021-11-30,0
643,31,Female,Macdonaldton,2024-01-22,0
1051,20,Male,East Margaretview,2024-03-15,1
601,25,Male,Karenside,2023-08-29,1
148,49,Female,Sarahhaven,2022-07-22,1
510,27,Female,Christianton,2022-08-23,0
1193,71,Male,Jenniferville,2022-01-18,0
1807,37,Female,Port Dominiqueshire,2024-08-10,0
2899,37,Male,Jamesside,2024-08-13,0
359,54,Female,West Sabrinahaven,2023-01-05,0
1214,55,Male,Port David,2024-07-28,0
2509,21,Male,North Rachel,2021-05-25,1
1065,78,Female,Lake Matthewfort,2022-09-25,0
2177,72,Male,Michaelhaven,2020-05-14,0
1276,66,Female,Stephaniefort,2022-06-04,0
2592,37,Male,Wallsmouth,2023-06-02,0
2120,72,Female,New Elizabethbury,2020-11-23,0
2788,26,Female,Rodriguezfurt,2023-05-03,0
2308,36,Female,Port Laurieville,2022-01-11,1
139,49,Female,Coleport,2024-11-04,0
128,22,Female,New Aliciaview,2021-08-06,0
2766,38,Female,Mendozaton,2023-04-14,0
1168,75,Male,Williamstad,2022-03-25,0
2702,21,Female,Jenniferside,2024-09-20,0
2506,76,Female,Ibarraview,2022-03-22,0
294,73,Female,Lake Sharonborough,2025-01-15,1
228,67,Male,Lake Jesseport,2024-10-13,1
1126,35,Female,Jennifermouth,2024-06-19,1
1207,35,Female,Port Heidiport,2023-06-14,0
2524,64,Female,Whitetown,2024-05-25,0
1440,56,Female,Lake Deborahberg,2020-11-15,0
1974,49,Female,Stricklandborough,2024-09-18,0
2877,47,Female,South Kevinberg,2021-05-13,0
2054,29,Female,South Jessicahaven,2024-02-05,0
441,30,Male,Marychester,2022-03-19,1
179,57,Female,Port David,2023-02-22,0
1524,21,Male,East Shirley,2021-12-14,0
2946,64,Male,Lake Kimberlyton,2022-05-22,0
1961,74,Female,New Stephaniechester,2022-10-29,0
1829,41,Male,West Jonathanland,2024-05-23,1
1349,75,Female,Brandihaven,2024-08-25,0
2020,46,Female,Higginshaven,2023-09-13,0
1503,80,Male,Hutchinsonfort,2024-01-26,0
900,22,Female,Leahbury,2021-05-10,0
33,30,Male,New Joelberg,2023-12-11,0
2462,30,Female,South Amanda,2023-12-21,0
466,23,Female,Chapmanchester,2023-02-26,0
1427,65,Female,Port Luisshire,2022-12-19,0
2807,26,Male,Rodriguezmouth,2023-02-02,0
610,39,Female,Fergusonville,2022-11-23,0
1566,46,Male,Rileyville,2023-06-18,0
472,75,Male,Robintown,2024-02-25,0
2504,75,Female,West Jameston,2021-10-17,1
2286,20,Male,New Brittany,2021-08-13,1
325,29,Male,Port Jo,2020-08-25,1
168,31,Female,East Kennethmouth,2022-01-18,0
1605,28,Male,Julialand,2024-07-01,1
449,49,Female,Benjaminview,2020-02-20,0
1889,79,Male,West Jessica,2024-03-08,0
589,76,Female,Lake Amberport,2020-03-14,0
807,19,Male,Hollandland,2022-01-22,0
2244,43,Female,Larrychester,2023-10-12,0
2730,70,Female,North Jason,2020-06-20,1
193,26,Male,South William,2020-01-01,0
1099,31,Female,North Thomas,2024-01-07,1
75,32,Female,Perkinston,2020-02-19,0
2430,42,Male,Bethfort,2020-02-21,0
436,37,Male,Johnsonchester,2023-09-08,0
394,79,Female,Christopherfurt,2021-11-21,0
576,69,Male,Lake Connie,2022-03-17,0
1950,79,Male,Elizabethfort,2022-01-25,0
903,59,Female,Nunezport,2021-08-06,0
1266,58,Male,Mackton,2024-08-20,0
1231,46,Female,Andersontown,2024-05-24,0
1241,46,Male,New Dianefort,2020-07-11,0
2482,74,Male,West Meredith,2022-03-08,0
1355,46,Female,New Brian,2020-03-16,1
2264,60,Female,Lake Scott,2023-09-27,0
69,55,Female,Murphyfort,2021-02-13,1
1792,63,Female,Toddfort,2024-03-10,0
363,54,Female,West Janetside,2021-02-04,0
1573,62,Male,Jenniferborough,2023-11-05,0
13,27,Male,Susanville,2024-08-06,1
1890,43,Male,Myersborough,2021-06-18,0
426,20,Male,West Robertborough,2021-01-17,1
1337,50,Female,Robertview,2024-05-12,0
2199,57,Male,Mirandaland,2022-11-06,0
1325,36,Male,Jonathanfort,2023-12-14,0
1881,68,Male,New Antonio,2023-11-17,0
235,40,Male,West Nathan,2023-04-02,1
1996,37,Female,West Roberttown,2020-09-26,0
382,79,Male,Port Jeremy,2020-07-15,0
2189,42,Male,Johnmouth,2023-03-31,0
1918,46,Male,Jefferyland,2021-12-24,0
1217,35,Male,Macdonaldport,2020-08-17,0
504,55,Male,East Samueltown,2022-08-25,0
2993,22,Male,Alexmouth,2020-08-13,0
631,52,Male,East Alex,2024-08-29,0
291,33,Male,Griffinshire,2024-06-26,0
1320,27,Female,Bethmouth,2023-05-03,0
160,79,Male,North Emilymouth,2020-01-30,0
2707,44,Female,Morrisonhaven,2024-08-22,0
2717,33,Female,South Crystalville,2021-10-24,0
2723,20,Female,Ballardberg,2022-06-23,0
1209,59,Male,Stoneburgh,2022-03-13,0
1718,31,Male,Lake Elizabethtown,2023-02-10,0
350,22,Male,Port Jamesshire,2024-03-06,0
443,41,Female,East Michelle,2022-05-08,0
1561,76,Male,Lake Hunter,2020-02-16,0
231,46,Female,Gregoryfort,2020-04-03,1
2005,53,Male,New Teresa,2024-12-15,0
2108,32,Female,Port Danielle,2023-08-22,1
1680,68,Male,South Jessica,2022-07-02,0
1695,52,Female,South Gregoryville,2024-10-02,0
2554,71,Female,South Josephberg,2022-08-19,0
2364,62,Male,New Christopherview,2021-03-07,0
977,28,Female,Shellytown,2023-04-27,0
2306,67,Male,New Trevor,2022-06-03,0
2983,58,Male,Lake Amy,2021-01-25,0
1659,72,Female,Eatonmouth,2024-07-26,0
530,21,Female,Lake Richardmouth,2023-03-05,0
2765,61,Male,Lake Linda,2020-04-15,0
1358,52,Male,North Troy,2023-11-12,0
949,28,Female,Port Samanthashire,2024-05-11,0
2982,57,Male,Thompsonchester,2022-09-03,0
1929,69,Male,Deborahfort,2023-05-03,0
1290,19,Female,Garzabury,2022-01-03,0
2814,19,Male,Holtberg,2021-01-05,1
406,50,Female,Lake Daniel,2022-12-10,0
840,58,Male,East Kristina,2021-07-12,0
2174,67,Male,Gonzalezland,2023-02-05,1
1917,44,Male,West Christina,2021-09-15,0
2614,48,Female,Dunnmouth,2021-12-10,0
1802,77,Male,Josephland,2023-12-17,0
1785,38,Male,Summerston,2021-06-30,0
1497,59,Male,Vancestad,2020-11-06,0
1790,70,Male,Paulside,2021-12-16,0
215,72,Female,West Nicholas,2024-04-27,0
2571,30,Male,Cruzfurt,2024-06-19,1
500,79,Male,Leonfurt,2024-10-14,0
1022,29,Male,Julieport,2022-11-12,0
24,21,Female,Cherylville,2023-12-11,0
1062,24,Male,Sandrachester,2022-02-05,0
210,27,Male,Kennedyville,2021-07-26,0
1072,49,Female,Christineville,2023-07-04,0
1482,64,Female,Robinview,2024-12-15,1
1755,55,Female,New Curtis,2020-03-12,1
1583,36,Female,Christophertown,2022-01-07,0
188,60,Male,Lake Melinda,2021-10-28,1
2479,72,Female,Alexisburgh,2020-12-21,1
2293,45,Male,Port Gregoryfurt,2022-03-22,0
2136,34,Female,Nicholsonmouth,2022-12-24,0
2776,40,Female,Amberland,2020-02-01,1
98,70,Female,Travishaven,2020-01-09,0
2218,43,Male,East Jeremyview,2024-01-23,0
1327,51,Female,Shellyport,2024-04-16,0
2659,52,Male,East Christopher,2024-12-27,0
708,46,Male,East Michaelport,2022-10-21,0
1468,53,Male,North Daniellebury,2023-07-11,0
2400,32,Male,South Heather,2023-05-31,1
2701,76,Female,South Anita,2020-11-03,0
978,48,Female,New Angelica,2021-12-06,0
1089,66,Male,Kellymouth,2023-05-01,0
2341,24,Male,Scottbury,2024-01-27,0
2560,67,Female,Butlermouth,2021-05-09,0
2532,51,Male,Danielmouth,2021-03-02,0
454,25,Male,Christineville,2023-11-18,0
2720,25,Male,West Gregoryport,2023-11-06,0
2475,45,Male,Flemingchester,2023-02-06,1
2977,28,Female,Port Deborah,2022-01-19,0
1860,80,Female,Thomasmouth,2023-11-12,0
2079,48,Female,Ramirezborough,2020-01-01,0
627,35,Male,West Jasonfurt,2020-06-28,0
2839,79,Female,West Brandonview,2024-07-01,0
30,51,Female,Davidhaven,2024-12-27,0
32,22,Female,East Brenda,2024-09-28,0
710,75,Female,East Oscar,2021-09-29,0
1567,53,Female,North Stacy,2021-08-31,0
1539,67,Female,Port Cynthia,2024-07-29,0
1634,23,Male,Jeromestad,2021-02-03,0
2578,80,Male,North Scott,2022-11-01,0
1147,35,Male,Veronicaton,2023-07-24,0
785,65,Male,Aaronmouth,2022-08-14,0
830,69,Male,Lake Kristen,2021-02-24,1
577,55,Female,Angelashire,2020-05-22,0
2547,66,Male,Phillipsstad,2020-08-03,1
2440,76,Female,Gonzalezport,2021-06-25,0
1340,35,Male,Melendezchester,2021-08-12,0
615,18,Female,West Kaylabury,2021-09-04,0
2501,76,Male,West Brittanyville,2023-01-18,0
906,73,Male,New Monica,2023-05-03,0
1730,35,Male,Jonesfurt,2022-05-12,0
2426,60,Male,Allenstad,2022-10-05,0
1071,19,Female,New Melissamouth,2024-02-16,0
1832,69,Female,Alexanderburgh,2022-10-25,0
1923,75,Female,Dennisfort,2021-04-27,0
368,26,Female,North John,2024-07-29,0
705,44,Female,Lake Davidport,2023-03-20,0
431,24,Female,West Jenniferfort,2023-09-13,0
1016,28,Female,North Tammiemouth,2021-05-02,0
2041,28,Female,Olsonport,2023-05-07,1
2431,49,Female,North Hannah,2023-07-26,1
2557,60,Male,Barkerfurt,2024-01-06,1
419,78,Female,Rileyfurt,2022-09-10,0
1064,21,Female,Bowenberg,2022-09-01,0
2555,18,Male,Bryanview,2024-08-05,1
1056,80,Female,New Natashaborough,2021-06-26,1
1324,61,Female,Danielburgh,2022-06-07,0
1848,73,Female,Robertside,2020-02-02,0
1069,29,Male,Watkinsmouth,2022-10-01,0
2083,63,Male,Brianmouth,2023-04-25,0
1601,46,Female,New James,2023-11-20,0
2696,18,Male,Stephaniestad,2024-01-14,0
1856,74,Male,West Jeremy,2021-05-16,0
1097,73,Female,Leestad,2020-09-08,0
663,45,Male,North Leroyshire,2021-02-18,0
2460,68,Male,Spencerview,2023-05-24,1
2539,67,Female,Louismouth,2023-08-27,0
2642,67,Female,Lake Michael,2025-01-04,0
428,53,Male,Baileyfurt,2020-02-27,0
133,68,Female,Patriciafurt,2024-08-29,0
1465,56,Male,North Jillton,2022-02-09,0
2525,29,Male,Port Michaelburgh,2022-12-29,0
165,45,Male,East Jennifer,2024-10-28,0
2756,58,Male,Greenhaven,2024-05-16,0
1452,32,Male,Melissamouth,2024-02-23,0
1338,42,Female,South Carolinemouth,2024-10-05,1
932,70,Male,West Mary,2020-09-10,1
860,71,Male,Martintown,2023-03-22,0
2074,22,Male,Davidchester,2024-11-06,0
717,55,Female,East Nicoleview,2020-07-10,0
668,47,Male,East Kimberly,2023-07-27,0
2907,24,Male,Floresland,2021-07-26,1
2001,74,Male,Carpenterbury,2022-02-16,0
2351,18,Female,West Brian,2022-11-05,0
1884,56,Male,East Robert,2024-07-12,0
1684,52,Male,Port Franklin,2022-12-14,1
2962,57,Male,Gutierrezton,2022-04-05,0
2674,63,Female,Port Tyler,2022-07-19,0
2129,33,Male,Lake Nicole,2021-08-28,0
2217,54,Female,South Tara,2020-01-31,0
1908,63,Male,Keithmouth,2023-09-01,0
233,41,Male,East Douglas,2023-11-19,0
109,73,Male,East Davidhaven,2020-09-23,0
366,58,Male,Nathanielstad,2024-11-06,0
261,64,Male,Lake Daniel,2020-06-02,1
688,78,Male,South Kathleenmouth,2024-09-10,0
1164,77,Female,North Richard,2024-11-15,1
1568,68,Male,Ronaldmouth,2021-01-30,0
140,79,Female,Nobleborough,2020-01-29,0
638,61,Female,Rosefort,2020-05-04,0
1173,18,Female,Perezfurt,2021-03-17,1
766,53,Female,Lake Aprilhaven,2023-01-28,0
1367,47,Male,Rogerville,2020-04-03,0
671,55,Female,South Tracy,2022-01-29,0
1395,54,Female,Port Angela,2023-05-13,1
1309,80,Female,Lake Summer,2020-11-09,0
2003,58,Female,Bakerview,2023-12-01,0
957,62,Female,East Patricia,2022-03-15,0
2309,76,Female,Simsport,2021-11-24,0
1879,51,Male,Kellitown,2020-10-25,0
1201,52,Female,Shirleyhaven,2021-07-20,0
1699,79,Female,Carlyfort,2023-10-20,1
885,76,Male,North Christophershire,2020-12-12,0
692,46,Male,Carrmouth,2021-07-15,0
1751,57,Female,Taylorbury,2020-10-31,0
2897,20,Female,Leemouth,2020-04-08,0
1903,37,Female,West Jillian,2024-12-24,0
2230,54,Male,Medinaside,2024-04-22,1
1271,76,Male,New Jason,2022-07-27,1
256,65,Female,Lisastad,2020-11-06,0
2165,27,Male,Harrisburgh,2023-09-30,0
1353,75,Female,Kimmouth,2020-06-30,1
546,69,Male,Lake Paul,2023-01-24,1
2384,72,Female,Lopezton,2023-03-15,0
154,23,Female,Garzaport,2024-11-29,0
20,70,Female,Michealborough,2021-07-15,1
1245,60,Male,Jessicatown,2025-01-15,0
412,70,Male,Sextonfurt,2023-05-12,0
348,55,Male,Jenniferport,2021-05-22,0
1485,73,Female,Smithberg,2020-06-26,0
468,58,Female,East Jason,2020-11-22,1
2049,65,Male,East Allenview,2024-03-30,1
2782,42,Male,East Kenneth,2022-06-27,0
358,49,Male,Pamelamouth,2022-07-19,1
1516,40,Male,Justinland,2023-02-28,0
2570,56,Female,South Edwin,2024-11-07,0
2024,27,Female,East Timothyburgh,2024-09-08,0
1947,30,Female,Port Jennifer,2020-11-08,1
1302,20,Male,East Stephaniechester,2022-11-04,1
553,26,Male,Lopezberg,2023-03-01,0
1808,52,Female,Davisborough,2024-11-19,0
1945,47,Male,Jacobsmouth,2022-07-19,0
892,72,Male,West James,2020-11-11,1
928,77,Male,East Jacob,2022-04-27,0
1715,79,Female,Mcintoshview,2021-05-29,0
122,25,Female,Port Ian,2020-09-13,0
2455,53,Female,Port Darrellfurt,2021-09-25,0
2265,75,Male,Lake Danielburgh,2023-12-19,0
792,56,Female,Port Richard,2024-09-10,0
2150,63,Female,East Mary,2024-04-08,0
303,56,Male,North Randallbury,2025-01-14,0
1692,35,Female,Lake Lisa,2024-07-03,0
1017,75,Male,Stevenchester,2024-10-27,0
1937,28,Female,Emilymouth,2022-04-16,0
1122,58,Male,Lake Markburgh,2022-02-25,1
1198,77,Female,Crosstown,2020-02-06,0
2180,52,Male,Port Josephberg,2023-03-07,0
714,52,Male,Brendaburgh,2021-05-15,0
1405,25,Female,Stevensonton,2022-12-14,0
1842,36,Female,South Jonathanside,2023-01-29,0
2387,57,Female,Savageport,2020-08-06,1
1316,37,Male,Robertmouth,2020-05-12,0
1086,41,Male,Smithmouth,2022-03-09,0
1132,59,Male,South Tiffanymouth,2020-02-13,0
2927,53,Male,Ginaborough,2021-01-22,0
1944,23,Male,West Dustin,2020-05-11,0
1081,21,Female,East Haleyland,2022-05-05,1
1854,79,Female,Bethanytown,2024-07-28,0
1588,68,Female,Lake Danielton,2020-04-21,1
38,76,Female,Joelborough,2022-10-05,0
2138,54,Male,Gonzalezbury,2022-11-27,0
2356,41,Male,Hancockstad,2021-09-10,0
2580,23,Male,Kevinmouth,2022-05-11,0
1377,39,Female,West Samanthachester,2022-02-06,0
37,39,Male,Kylemouth,2024-09-02,1
867,67,Male,East Roberta,2021-05-12,0
2496,70,Male,South Melaniebury,2023-03-30,0
1982,40,Female,Deborahfort,2024-04-08,0
2324,37,Male,Elizabethmouth,2024-08-09,0
2432,57,Female,Lake Kennethville,2022-09-08,0
2379,20,Female,Dominiqueville,2021-02-23,0
1057,59,Male,South Wesley,2020-07-09,0
2093,27,Male,Thorntontown,2024-01-29,0
1495,47,Female,Anthonytown,2022-06-25,1
1237,55,Male,New Jacquelinestad,2023-04-30,0
2900,68,Male,Townsendport,2020-01-30,0
2337,49,Female,South Benjamin,2020-06-08,1
1014,29,Male,Richardtown,2020-02-20,0
103,19,Male,Gilesmouth,2022-12-21,1
2576,80,Male,Tabithafurt,2020-01-08,0
289,57,Male,Lake Lisa,2024-07-21,0
1756,41,Male,Hoton,2021-01-12,0
2234,75,Female,Juliemouth,2023-01-25,0
1614,66,Male,South Danieltown,2023-01-25,0
1422,48,Female,Leeport,2021-12-09,0
2500,76,Female,Whitemouth,2024-03-23,1
2254,43,Male,Lake Michaelville,2020-09-21,0
1119,18,Female,Cooperview,2024-04-22,0
2075,45,Female,Vasquezborough,2023-11-13,0
1171,30,Female,New Patrickmouth,2021-10-22,0
2922,28,Male,North Davidhaven,2021-03-29,0
2757,49,Female,Lake Lorettachester,2023-06-25,0
21,19,Female,East Sheriside,2023-11-16,0
1054,19,Male,Clineland,2020-07-29,1
1504,48,Male,Lake Eric,2023-03-21,0
2790,66,Male,Port Maria,2021-12-25,0
914,60,Male,North Christianton,2020-07-27,0
544,50,Male,East Christinamouth,2024-08-18,0
2406,34,Female,Lake Stephen,2021-12-10,1
151,58,Male,West Andrew,2023-06-28,0
2445,62,Female,Lake Elizabethhaven,2024-02-19,1
2375,20,Female,New Fernando,2020-04-23,0
1505,52,Male,Catherinemouth,2020-04-03,0
2322,70,Male,Davisfort,2021-07-25,0
817,45,Female,New Amandaton,2021-01-01,0
1226,48,Female,South Alejandro,2021-02-02,0
2102,67,Male,East Rachel,2021-09-22,0
2629,19,Female,North Josephberg,2022-04-03,1
2245,20,Female,West Katrina,2020-07-17,0
2099,70,Male,East Bobby,2021-02-27,0
36,38,Male,Charlesmouth,2024-08-05,0
1517,45,Female,Courtneyside,2022-07-28,0
1729,34,Female,Nealmouth,2022-08-14,0
392,39,Female,Colemanland,2023-05-08,0
2457,22,Female,Port Sarah,2021-02-05,0
1148,49,Female,Lake David,2023-10-26,0
2952,22,Male,East Yvonnetown,2024-03-04,0
2854,59,Female,Aguilarberg,2022-02-16,0
2323,55,Female,West Rhondafort,2022-08-27,0
891,66,Male,Smithstad,2023-08-24,0
636,74,Male,Lake Nicholehaven,2023-04-23,1
1228,62,Female,Lake Natalie,2020-11-25,0
226,75,Female,New Veronica,2021-03-11,0
684,37,Female,Maldonadoshire,2021-08-24,0
1872,43,Male,Kellibury,2024-05-18,0
1256,78,Male,Grayton,2025-01-14,1
460,71,Male,Chanbury,2020-10-20,0
676,23,Female,Lake Anthony,2021-02-14,1
378,72,Female,Deanstad,2020-07-11,0
214,75,Female,Bradberg,2023-02-11,0
831,66,Male,East Jamesfurt,2024-07-10,0
829,27,Female,East Pamela,2021-12-09,0
955,52,Female,Michelleside,2024-07-05,0
1518,50,Male,North Jesse,2020-09-11,0
2420,77,Female,Beverlymouth,2021-05-28,0
1169,54,Female,Lisaton,2021-02-03,0
2017,25,Female,Mcdowellland,2021-12-30,0
1,51,Female,Greggside,2023-05-09,0
276,56,Male,Leonardville,2020-03-12,0
1767,30,Female,Torresside,2021-04-20,0
1852,80,Male,New Matthew,2022-02-10,0
679,34,Female,New Leslie,2020-12-08,0
416,35,Female,Port Julia,2023-05-08,0
1357,58,Female,Lake Jadeview,2022-05-08,0
2015,60,Male,New James,2021-01-26,1
2846,70,Female,Kristenside,2021-10-19,0
2295,57,Male,Kevinmouth,2022-12-28,0
2778,73,Female,North David,2021-05-08,0
1675,34,Female,Diazport,2020-02-25,0
1869,36,Male,Prestonview,2024-06-29,0
808,55,Male,North Josephtown,2024-03-20,0
2275,24,Male,Courtneyhaven,2024-10-29,1
476,28,Male,New Joelborough,2020-01-23,0
104,48,Female,Josephfurt,2024-12-21,0
1103,65,Female,Lindseychester,2022-08-18,0
1332,66,Male,North Charles,2022-10-30,0
791,72,Female,Michaelmouth,2021-07-27,0
743,19,Female,Ellisbury,2023-04-05,0
2433,25,Female,Melodychester,2022-10-01,0
1584,60,Male,South Anthony,2024-10-01,0
489,54,Female,New Sherryhaven,2024-01-20,0
2357,26,Male,North Frank,2023-05-01,0
881,44,Female,Millerville,2021-10-17,0
2179,79,Male,Port Christian,2022-09-22,1
2239,62,Male,Chadton,2023-08-07,1
559,36,Male,Monicashire,2024-11-03,0
1484,22,Male,West Meganberg,2021-09-03,0
593,77,Female,Rodriguezberg,2023-09-18,1
2104,33,Female,Cobbburgh,2020-08-13,0
1254,49,Female,Port Johnfurt,2020-08-30,0
2859,18,Female,Swansonberg,2023-10-28,0
2287,61,Male,Braunstad,2024-06-26,0
1983,19,Male,Jamesfurt,2024-03-08,0
1229,59,Male,West Austin,2020-04-29,0
2248,34,Male,Watsonview,2020-08-27,0
1722,48,Female,Cynthiaberg,2024-03-02,0
2913,77,Male,Port Mollybury,2021-02-05,0
828,19,Male,Kaylastad,2023-11-27,0
2103,74,Female,Port Ronald,2022-05-26,0
1018,52,Female,New Robertland,2022-10-31,0
990,49,Female,Hughesmouth,2021-10-07,0
1223,36,Female,Lake Davidborough,2023-12-18,0
1116,35,Male,Duartefurt,2022-11-11,0
1586,60,Female,Jenniferborough,2023-05-31,0
2477,33,Male,Port Christopher,2020-01-11,0
682,78,Male,North Calebborough,2024-10-13,0
793,58,Male,Fosterburgh,2023-07-26,0
2978,59,Female,North Stephanie,2022-09-21,0
2744,30,Female,East Robert,2020-09-09,0
913,72,Male,South Heatherburgh,2022-08-14,0
1094,47,Male,New Dwayne,2021-11-27,0
72,51,Female,East Dan,2021-10-23,1
800,60,Male,Thompsonfurt,2020-04-14,0
1397,66,Female,Nathanielfurt,2024-11-16,0
2350,39,Male,Scottmouth,2020-12-29,0
2543,29,Female,West Lisa,2021-09-16,0
1905,56,Male,Port Robertmouth,2023-03-31,1
1521,23,Female,Thomastown,2022-04-04,0
1637,70,Female,East Kenneth,2021-11-13,1
1658,73,Female,Lake Charlene,2022-10-31,0
1124,68,Male,Lyonsville,2021-01-02,0
661,36,Male,Port Melinda,2023-05-09,0
895,49,Male,North Colinside,2021-11-05,0
2471,76,Male,Racheltown,2021-05-23,0
2853,69,Male,New Taylorport,2021-07-29,0
1667,51,Male,South Scott,2024-02-09,0
1410,67,Female,North Elizabethburgh,2023-08-06,0
969,67,Female,Lindafurt,2020-04-09,0
2340,61,Female,Morrisbury,2022-10-28,0
2486,77,Female,Andreatown,2022-02-06,1
1975,54,Female,Ryanshire,2021-10-31,1
2876,76,Male,Lake Jamesport,2021-10-21,0
1010,21,Male,Ericahaven,2020-01-24,0
2395,75,Female,Howellberg,2024-03-15,0
2745,40,Female,East Jean,2023-04-21,1
882,66,Male,Kathleenchester,2024-01-30,0
2503,30,Female,New Heidi,2023-07-19,0
2708,20,Female,Kyleville,2023-02-25,0
2380,75,Male,Kelleyside,2020-11-30,1
1287,69,Male,Lake Davidhaven,2023-11-08,0
252,42,Male,Jamesstad,2020-01-07,0
1005,48,Female,Erinland,2023-01-18,0
524,19,Female,South Georgemouth,2023-02-07,0
591,64,Male,Port Jacquelinemouth,2022-08-14,0
1418,74,Male,Danielview,2020-04-11,0
2681,50,Female,Travisburgh,2021-04-20,1
92,46,Female,Lindseystad,2020-03-03,0
2652,67,Female,Johnsonside,2023-03-13,0
1412,39,Male,North Jamestown,2023-01-29,1
1702,73,Male,West Vanessa,2020-10-28,0
379,38,Male,New Jennifer,2021-11-04,0
1048,56,Female,Port Alexanderland,2022-09-23,1
2416,57,Female,Audreyborough,2022-04-07,0
2636,74,Female,South Annashire,2021-08-26,0
2725,54,Male,North Carlahaven,2021-02-24,0
1436,69,Male,North Meganberg,2024-09-10,0
1522,57,Male,Veronicamouth,2024-01-05,0
2410,31,Female,Lake Jenniferstad,2020-06-08,0
2353,53,Female,Brandonside,2020-06-12,0
2472,27,Male,Port Stephen,2020-01-02,0
600,57,Female,Stephanieshire,2021-01-07,0
2382,67,Male,East Sean,2021-03-21,1
1768,45,Male,North Matthew,2024-11-02,0
142,28,Male,North Lindsey,2023-01-12,0
2545,39,Female,Port Monicabury,2024-10-08,0
2307,71,Male,Mcintoshberg,2022-10-08,1
1727,57,Female,East Justinville,2024-09-16,1
219,69,Male,North Jay,2022-05-28,1
241,27,Male,Lauratown,2021-05-27,0
272,49,Female,Lake Austin,2024-11-30,0
1399,21,Male,Christopherberg,2024-08-01,0
1694,53,Female,Jeremymouth,2022-09-28,0
694,18,Male,Sotofurt,2025-01-11,1
1512,69,Male,Moorefurt,2021-08-03,0
1454,29,Female,East Michaelborough,2022-12-09,0
1142,35,Male,Lindamouth,2024-01-13,0
137,60,Male,Mcdowellton,2022-05-29,1
106,67,Male,Stevenfurt,2022-09-03,1
1781,25,Male,Taylorburgh,2021-03-19,0
2013,77,Female,Ryantown,2021-11-12,0
2263,22,Male,South Kenneth,2024-01-21,1
99,39,Female,North Anthonymouth,2023-02-08,0
1330,43,Male,Jotown,2021-12-14,0
462,79,Male,East Steven,2022-03-03,0
274,54,Male,Lake John,2021-06-20,1
1255,25,Female,Stephanieberg,2024-06-17,0
162,37,Female,Popeport,2021-06-23,0
352,59,Male,West Michelletown,2024-02-20,1
2873,54,Female,Helenchester,2023-10-09,1
1032,24,Male,North Julietown,2020-05-18,0
1558,56,Female,West Anthony,2022-06-29,0
127,34,Male,Lake Kristopher,2020-07-27,0
880,59,Male,Sherrymouth,2024-10-10,1
967,26,Male,Port Stephanie,2022-07-06,0
1607,54,Male,Lake Garyville,2022-01-27,0
1242,42,Male,Michellemouth,2020-07-17,0
508,41,Male,Dominiqueberg,2022-10-14,1
2768,78,Female,West Connietown,2021-04-25,1
673,25,Male,East Karen,2023-11-02,0
2211,37,Female,North Rachelland,2020-04-19,0
465,75,Male,New Ashley,2020-07-14,1
52,61,Male,Port Patrick,2023-02-05,1
45,37,Female,Stephanieborough,2024-05-06,0
1281,78,Male,Heatherchester,2023-11-01,0
15,74,Male,Dianefurt,2022-06-07,1
1861,70,Female,North Michael,2023-01-14,0
1818,60,Female,West Rhondaton,2024-02-23,0
2310,31,Female,East Shelbyberg,2024-08-03,1
2857,72,Female,Brooksfurt,2023-04-30,0
2662,37,Male,East Sheila,2024-10-06,0
185,65,Male,Port Elizabethstad,2023-04-22,0
704,19,Male,New Justinburgh,2020-05-25,0
1328,78,Male,South Josephview,2021-07-26,0
421,53,Male,Faulknerburgh,2022-01-03,0
672,49,Female,Lake Christianton,2022-07-07,0
2334,51,Female,Lake Samuelberg,2022-06-19,0
1106,51,Male,Alexanderland,2020-09-26,0
2057,38,Female,Port Patrick,2023-12-24,0
2419,29,Male,Mitchellfurt,2021-03-11,1
2834,77,Female,Woodborough,2023-05-13,0
121,38,Female,Kellyton,2021-01-03,1
2279,22,Male,Smithfort,2022-05-26,0
983,62,Female,Leetown,2024-11-16,0
2498,65,Male,East Garyside,2020-02-28,1
1954,31,Male,Port Antoniomouth,2024-05-08,0
2256,67,Male,Thomasbury,2020-11-08,0
3000,74,Female,South Samanthaside,2021-12-31,0
1744,22,Female,Morganberg,2020-04-26,0
295,71,Female,Lake Scottland,2023-05-01,1
1749,54,Male,Carolynview,2022-01-28,0
1580,42,Male,Kimberlyfort,2023-09-11,1
2202,42,Female,Lake Shawnburgh,2024-08-09,0
1544,76,Female,Sarahville,2024-12-29,1
2538,77,Male,Lake Amber,2022-01-19,0
1052,30,Male,Amberborough,2021-08-23,0
114,30,Female,Jeffreyland,2020-11-13,0
2831,76,Male,North Christina,2024-01-06,0
2262,73,Male,Port Carlos,2021-11-15,0
689,69,Female,Josephland,2020-12-15,0
1652,65,Male,Danielmouth,2022-03-04,1
2969,24,Female,South Margaret,2020-01-18,1
2269,58,Female,Jamesview,2023-06-25,0
667,55,Male,Seanland,2021-03-04,0
410,19,Female,Port Pamela,2021-04-10,0
572,54,Female,North Keithview,2021-01-29,1
2492,57,Female,Jennifershire,2023-02-23,0
1172,65,Female,Katieborough,2020-01-19,0
1002,27,Male,North Katiefurt,2020-02-24,0
1540,72,Male,Davismouth,2022-06-30,0
2411,33,Female,Thomasshire,2020-03-30,0
2634,77,Female,Lake Kelly,2021-04-13,1
2390,45,Male,Port Thomas,2021-08-19,0
2167,56,Female,Carterland,2024-12-28,0
2101,39,Male,Megantown,2021-06-27,0
391,52,Male,Wilsonshire,2021-07-14,0
1125,72,Male,Lake Diane,2021-12-07,0
2605,26,Female,Wernerburgh,2022-03-21,1
2519,49,Male,Matthewport,2020-08-16,0
2964,24,Male,Martinfurt,2020-11-09,0
924,80,Female,East Michaelfurt,2021-04-15,0
278,73,Female,Lake Robertshire,2022-11-12,0
275,54,Female,New Brooke,2022-02-11,0
872,31,Female,Kington,2024-08-02,0
935,58,Female,Hancockberg,2023-02-13,0
1015,78,Female,Lake Jacquelinetown,2020-01-08,0
2494,40,Female,South Heather,2021-08-27,0
2201,55,Female,Lake Alan,2025-01-14,1
1391,56,Female,Walkerside,2021-03-18,0
2226,75,Male,Markhaven,2020-04-17,0
1596,21,Female,Deniseberg,2020-08-13,0
205,24,Male,Clarkchester,2020-01-23,0
1303,44,Male,Smithmouth,2024-05-22,1
816,66,Male,Hensleyhaven,2020-06-26,0
351,36,Female,South Melissaville,2021-11-06,0
2413,20,Female,Rebeccaside,2023-10-03,0
2588,35,Female,Clarkhaven,2021-12-31,0
1259,38,Male,Bonniemouth,2024-08-24,0
1393,78,Female,Hallside,2024-12-05,1
1577,53,Female,Smithfort,2021-07-04,1
556,24,Male,Bowmanshire,2020-09-29,0
598,69,Female,East Robertfurt,2024-11-26,1
248,68,Female,Crawfordville,2025-01-07,0
1386,64,Male,Michaelburgh,2021-01-16,0
119,23,Male,New Jennifer,2021-04-02,0
2391,44,Female,Gregoryborough,2024-06-08,0
2905,34,Male,West Natalie,2023-09-01,0
324,48,Male,South Jacqueline,2022-09-10,0
1878,46,Female,East Karen,2020-07-11,0
2896,66,Male,Kleinburgh,2024-07-30,1
2793,61,Female,New Dawnmouth,2023-03-11,1
1759,28,Male,Rickymouth,2020-07-23,1
2442,55,Female,Thomasbury,2020-05-26,0
326,33,Female,New Shaneview,2021-07-05,0
1624,23,Male,Michaeltown,2021-12-18,0
375,76,Male,North Wandatown,2025-01-18,0
2691,23,Female,Andersonside,2020-10-22,0
2961,74,Male,Youngport,2022-09-22,0
2986,21,Female,Lake Alexandra,2023-07-21,1
1640,77,Male,East Traci,2024-02-09,1
2517,28,Female,Margarettown,2020-01-28,0
763,66,Male,Port Jessica,2024-12-09,1
721,77,Male,Moralesmouth,2020-06-16,0
1591,46,Female,Nicholasbury,2020-03-18,0
115,35,Female,North Mark,2021-02-23,0
629,43,Male,West Sara,2023-05-28,1
2124,66,Male,Port Jason,2020-11-30,0
1283,34,Female,East Lisaburgh,2023-10-13,0
2534,63,Female,Cindychester,2022-01-07,0
1876,27,Male,Roblesfurt,2020-02-25,1
536,39,Male,Julianville,2023-02-25,0
65,32,Female,Jackiemouth,2024-02-10,0
1305,42,Male,New Chelseafort,2022-12-28,0
535,54,Male,West Sandra,2024-01-06,0
1178,30,Male,South Jerryton,2024-09-01,0
1009,29,Female,Sparksburgh,2021-10-15,0
617,75,Female,Reidside,2024-09-16,1
2902,69,Male,Youngburgh,2023-04-08,0
371,68,Male,Schwartzberg,2023-08-04,0
1067,42,Male,Petersonview,2023-02-14,0
1451,53,Male,East Matthew,2022-09-23,0
1461,70,Female,East Williamchester,2021-06-04,0
505,76,Female,Chungborough,2021-02-08,0
1042,41,Male,Alvarezborough,2023-03-01,0
164,76,Male,Port Bradleyland,2022-10-18,1
2863,35,Female,Port Craigborough,2021-01-14,0
76,38,Male,Valdezberg,2024-03-04,0
1190,68,Female,West Kelli,2022-08-17,0
2684,51,Female,North Melissa,2022-03-28,0
1066,51,Male,Contrerasville,2020-11-27,0
1720,62,Male,Zacharystad,2022-07-11,0
575,50,Male,East Laurie,2022-04-09,0
1821,67,Male,North Karenside,2021-04-12,1
735,37,Male,East Bruceshire,2022-11-11,0
2345,46,Female,South Jimfort,2022-12-29,0
2987,79,Male,North Daniel,2022-02-16,0
2288,42,Male,West Kristinchester,2022-06-10,0
847,27,Male,North Nicholas,2023-04-19,0
369,20,Male,Robertville,2025-01-18,0
2283,59,Female,Port Sethstad,2024-03-10,0
2675,78,Male,Leroystad,2024-04-25,1
2593,34,Male,Katherineport,2020-05-28,0
2801,49,Female,Lake Julieberg,2020-02-05,0
1791,47,Male,Ellenberg,2022-11-09,0
2609,18,Female,Benjaminbury,2020-04-11,0
89,51,Male,Port Sydney,2024-07-25,0
982,69,Male,Ayalabury,2022-01-30,0
541,29,Male,Hendersonfurt,2020-11-01,0
2033,80,Female,Joseside,2023-05-17,0
170,42,Female,Espinozabury,2024-05-08,0
2512,47,Male,Port Deniseberg,2023-09-18,0
1137,36,Male,South Joseph,2022-10-18,0
2903,20,Male,Delacruzberg,2020-11-11,0
769,31,Female,Wilsonshire,2023-12-27,0
2491,36,Male,South Ashleyton,2024-05-19,1
1820,54,Male,West Paul,2023-07-27,0
2653,34,Male,West Rachelside,2021-10-06,0
628,67,Female,Whitechester,2023-08-24,0
2763,80,Male,Port Kim,2020-09-14,0
232,69,Female,Brianmouth,2023-12-23,0
1859,29,Female,New Jessicamouth,2024-09-04,0
1093,21,Male,Suarezborough,2022-12-22,0
2611,60,Male,Cameronmouth,2021-08-15,1
1763,21,Female,Gabrielleborough,2021-05-07,0
2647,26,Female,South Erin,2021-08-13,0
1487,38,Female,Vancehaven,2025-01-22,0
190,78,Female,Travisville,2023-02-08,0
2754,72,Female,Onealfurt,2023-08-24,0
1076,29,Female,Sheilabury,2022-06-21,0
894,33,Male,Moorestad,2023-03-24,0
532,19,Male,East Zacharyfurt,2024-04-07,0
646,46,Female,Schmittside,2022-01-25,1
2396,35,Female,Livingstonmouth,2021-11-15,0
2153,53,Female,Lauraside,2024-05-11,0
722,49,Male,Lake Desiree,2023-10-03,0
1765,25,Male,Perryside,2020-11-05,0
1006,52,Female,West Eric,2022-08-22,0
2456,37,Male,South Moniqueland,2023-02-03,0
1111,56,Male,West Johnshire,2021-08-04,0
2252,41,Female,Lake James,2021-01-02,0
2541,51,Female,West Philipville,2021-08-05,0
5,67,Female,Bowmanberg,2023-06-17,1
1656,66,Female,Petersontown,2020-03-07,0
1762,68,Male,North Sarahtown,2021-07-26,0
2470,39,Female,Muellerside,2020-03-20,0
877,76,Female,South Ryanton,2020-02-14,0
788,33,Male,Kellyfurt,2021-09-23,0
1252,69,Male,Port Kevin,2023-03-12,0
2452,35,Female,North Daniel,2024-04-05,0
612,58,Male,Jennifertown,2022-08-23,0
2975,21,Female,Jackport,2024-07-20,0
1931,60,Female,South William,2024-11-01,0
516,54,Male,North Jacobville,2022-01-31,0
1528,46,Female,East Carlos,2023-10-27,0
1037,60,Female,Riceshire,2021-12-03,0
455,35,Female,Boothmouth,2022-09-06,1
2349,33,Male,Andersonmouth,2024-10-18,0
778,36,Male,Alishafurt,2024-09-12,0
1036,23,Female,Bobbyshire,2024-06-16,0
651,18,Female,Javierport,2021-08-12,0
260,37,Male,Crystalburgh,2023-06-09,0
2843,43,Female,Garrisonton,2024-08-27,0
652,70,Female,Jordanfort,2023-02-28,0
1795,59,Female,Gardnerton,2024-08-13,0
172,37,Female,Tatechester,2023-05-25,0
173,80,Male,Ashleybury,2024-03-23,0
2680,46,Female,East Tara,2021-10-15,1
339,30,Female,North Christianmouth,2024-02-15,0
2722,27,Female,New Amanda,2021-06-26,0
310,63,Female,West Carriefort,2021-06-13,0
697,53,Female,North Steven,2022-02-06,0
1074,59,Male,Port Daniel,2024-04-04,0
2070,23,Male,South Christopher,2020-05-31,0
2444,31,Male,North Melanie,2020-08-17,0
1227,69,Male,Davisbury,2021-05-27,1
1398,37,Male,Perryborough,2022-05-24,0
2421,28,Female,South Kathrynborough,2023-03-14,0
1300,47,Female,West Jamesfort,2023-08-26,1
1867,67,Male,Lake Savannah,2022-10-09,0
784,43,Male,Jennifertown,2022-04-18,0
1264,74,Male,Kimberlyburgh,2020-06-17,0
1569,22,Male,Davismouth,2020-12-12,0
1389,31,Male,Amandamouth,2023-11-30,0
201,72,Male,West Michaelport,2023-03-28,0
1725,74,Male,Whitefort,2022-04-01,0
2882,26,Female,East Robertotown,2023-04-05,0
2,69,Female,Kinghaven,2024-01-25,1
1007,55,Male,Brandonland,2023-09-11,0
945,55,Male,South Alexander,2020-07-08,0
1757,47,Male,Lake Micheleland,2023-09-14,0
1133,35,Male,South Barbaramouth,2022-07-24,0
565,72,Male,North Emilyhaven,2024-07-21,0
1467,32,Male,Rowefurt,2021-07-04,0
823,53,Male,Smithburgh,2022-12-30,0
2131,58,Female,West Lee,2022-12-16,0
300,69,Male,Brookemouth,2020-08-27,1
2424,59,Male,Johnsonfurt,2020-12-25,0
775,26,Female,Castromouth,2024-04-24,0
2261,74,Female,Lake Michaelton,2023-03-22,0
976,36,Male,Port Lori,2024-05-17,0
654,67,Male,New Jesse,2023-04-05,0
1883,43,Female,North Robert,2022-11-03,1
2880,61,Male,Michellefort,2023-05-24,0
509,31,Female,East Davidton,2024-05-19,0
435,57,Male,Davidton,2020-04-10,0
1321,48,Female,Lake Martinbury,2021-07-05,0
1952,50,Male,Claytonberg,2022-04-03,1
2739,75,Female,West Michaelfort,2024-12-25,0
1100,37,Female,Johnsonside,2021-01-31,0
2549,59,Male,Justinmouth,2022-03-27,1
1617,52,Male,North Joseph,2021-11-14,0
2328,56,Female,West Robertchester,2022-10-31,0
182,66,Female,Meganland,2020-03-24,0
2343,56,Male,East Lisafurt,2021-07-28,1
2548,45,Male,Bryantside,2022-10-04,0
833,50,Male,East Michaelbury,2024-02-16,0
557,58,Female,Woodshire,2023-09-11,0
1092,67,Female,Cooleyland,2024-05-28,0
2443,19,Male,Michaelfurt,2020-08-06,0
1572,18,Male,Michaelshire,2023-06-20,0
561,30,Male,South Margaret,2020-09-01,0
814,47,Female,Katherineberg,2023-11-12,0
2314,68,Female,Sethmouth,2021-04-18,0
473,33,Female,Port Gregory,2021-08-29,0
886,45,Male,Haydenville,2024-05-20,0
422,61,Female,East Hannahburgh,2022-12-31,0
1105,51,Female,Perkinstown,2023-05-10,0
450,62,Male,Danielmouth,2021-05-20,0
2635,69,Female,Coleburgh,2024-10-28,0
1050,18,Female,Martinezshire,2021-05-05,1
2059,30,Male,Smithview,2021-06-09,0
2700,39,Male,Rogersfort,2020-09-30,0
2979,36,Female,Lake Alisonport,2024-06-27,0
311,76,Male,East Abigail,2022-08-20,0
1310,34,Female,South Laura,2021-10-31,0
669,33,Female,Jonathanchester,2024-04-17,0
2769,44,Male,Masonmouth,2020-08-08,0
331,34,Female,Judithville,2024-09-18,0
2060,79,Male,Kristinshire,2020-01-04,0
942,42,Female,Port Elizabeth,2020-03-30,0
2168,47,Male,Mcdanielstad,2021-07-18,0
120,58,Female,Garciaville,2023-03-22,0
973,65,Male,Shepherdhaven,2021-12-04,0
1407,72,Female,Gordonville,2021-03-13,0
2995,70,Female,West Andrewmouth,2023-04-18,0
2333,32,Male,Williamsmouth,2020-07-31,0
2670,46,Male,New Alejandrahaven,2022-05-29,0
1769,73,Male,Smithport,2020-10-26,1
1874,48,Male,East Ryanstad,2021-01-09,0
2071,63,Female,Lake Taylor,2024-10-12,0
579,59,Female,North Zachary,2021-10-07,0
1162,74,Female,Saraside,2021-05-21,0
2032,42,Male,Robertsville,2023-03-20,0
448,24,Female,Petersenmouth,2024-12-20,0
941,23,Female,South Toddberg,2023-10-23,0
1372,46,Male,Turnerville,2022-05-30,0
2386,39,Female,West Kimberlymouth,2021-05-17,0
2043,51,Female,West Matthew,2021-12-03,1
2628,53,Male,Sarahside,2020-07-05,0
799,67,Female,Jackietown,2022-06-06,0
921,56,Male,Lake Heidimouth,2024-08-30,0
2490,66,Female,South Donna,2022-09-07,0
583,73,Male,West Suestad,2022-05-25,0
1830,63,Female,West Michael,2022-07-23,0
2405,40,Male,Scottburgh,2021-10-29,0
1833,79,Female,Lake Jason,2021-11-27,0
648,32,Female,Jaychester,2020-09-06,0
2372,26,Male,Anachester,2024-08-20,0
2278,32,Female,Mannland,2020-09-11,0
2425,74,Female,Garciamouth,2023-12-09,0
1871,26,Male,Roseland,2021-03-05,1
1951,43,Male,East Michael,2023-11-03,0
2959,74,Female,South Charlesbury,2020-08-27,0
1404,75,Male,East Jamesstad,2020-04-20,0
1706,29,Male,New Mary,2021-10-21,0
1943,52,Female,South Carla,2020-12-01,0
1998,25,Male,New Thomas,2020-11-22,0
623,33,Male,Matthewstad,2020-04-07,0
1587,74,Male,Danielview,2024-09-12,0
2980,32,Female,Lake Brandon,2022-10-10,0
850,29,Female,Kiaraton,2023-12-22,0
2999,55,Female,North Laurenville,2024-12-15,0
259,23,Female,New David,2022-10-06,0
586,36,Female,West Lauren,2021-03-20,0
2030,69,Male,Cassandrastad,2021-10-25,0
1322,49,Female,Lake Megan,2021-07-07,0
730,49,Female,Paulmouth,2024-01-24,0
1602,55,Female,East Zacharyside,2023-05-11,0
398,42,Male,Pamelachester,2022-12-12,0
174,74,Female,Andrewshire,2022-09-03,0
1849,38,Female,South Kelly,2020-08-28,0
1932,56,Female,Port Robertville,2022-02-03,0
2205,19,Male,East Lauriefurt,2024-01-31,0
2145,75,Male,East Michaelhaven,2021-11-20,0
1177,33,Male,West Jesusshire,2024-01-05,0
1359,25,Male,Keithtown,2021-01-18,0
958,46,Male,Port Vincentland,2024-07-12,0
594,38,Male,Rosalesfurt,2021-08-13,0
1500,59,Female,Wallaceburgh,2024-05-09,1
1593,48,Male,East Frankborough,2024-07-21,0
2222,41,Female,South Dakotaberg,2020-09-28,0
1354,50,Female,Smithfurt,2020-03-01,0
1350,80,Female,Joshuaberg,2021-06-24,0
414,73,Male,Haleburgh,2024-08-27,1
2728,74,Female,Mataview,2020-12-23,0
856,69,Female,Snydermouth,2024-08-18,0
2361,30,Male,Dennisland,2024-05-05,0
2631,76,Female,Garymouth,2020-05-30,0
2042,52,Female,Paulhaven,2022-11-19,0
596,73,Female,Castroborough,2024-08-23,0
1964,73,Female,Lake Paulstad,2023-09-22,0
2564,26,Male,Smithport,2022-02-03,0
2942,19,Female,Byrdland,2022-10-19,0
2802,72,Female,Travisbury,2024-12-23,0
2664,29,Male,North William,2021-04-21,0
2009,52,Female,Johnport,2023-05-16,0
1970,79,Male,Joseberg,2023-07-18,0
2819,31,Male,Kelleyfort,2023-09-18,0
153,22,Female,Caseyland,2024-05-22,0
507,44,Female,West Jeremy,2020-01-31,0
2820,26,Male,Payneville,2020-05-08,0
2883,49,Female,South Austinside,2022-05-24,0
2143,38,Male,North Melanieside,2021-12-20,1
1203,79,Male,Jeffreymouth,2020-03-13,0
2338,79,Male,South Brian,2021-11-14,0
2727,24,Male,Copelandland,2023-11-25,0
2856,35,Male,Teresamouth,2021-05-16,0
237,25,Male,Alexaside,2020-09-15,0
1352,40,Female,Dylanchester,2021-11-19,1
2552,58,Female,Swansonmouth,2023-04-24,1
329,51,Female,New Megan,2024-08-22,0
2232,68,Male,South Pamela,2020-09-09,0
1907,50,Female,Lake Rhonda,2022-12-22,0
187,22,Female,Patriciaborough,2021-03-10,0
2112,65,Female,South Courtney,2022-01-02,0
756,23,Male,Hayschester,2024-06-21,0
843,49,Female,Joneston,2020-07-20,1
2170,47,Male,North Hannahchester,2020-08-02,0
951,73,Male,Robinsonville,2023-07-01,0
2530,39,Female,Port Mary,2022-03-24,1
1191,28,Female,Johnsonshire,2023-02-07,1
812,30,Male,Hallville,2024-02-22,1
543,66,Male,Glennport,2024-06-14,0
2954,61,Male,South Jennifer,2023-10-03,1
1789,24,Male,Joshuahaven,2022-11-14,0
1249,59,Male,East Shelleyberg,2024-09-06,0
1224,42,Male,Port Sara,2023-10-20,0
1130,27,Male,North Davidchester,2023-03-08,0
570,58,Female,Michaelberg,2020-09-25,1
2025,72,Male,Juliaview,2022-04-12,1
2130,66,Female,Kathrynmouth,2024-07-19,0
2280,60,Male,North Drew,2020-11-09,0
2134,78,Male,Janetfurt,2022-08-11,0
2446,40,Male,Derekstad,2023-02-23,0
1743,24,Female,West Charleschester,2021-11-18,0
884,54,Male,North Maureen,2022-11-16,1
863,79,Male,North Samantha,2021-07-08,1
2992,55,Male,Buckleymouth,2023-01-06,1
2459,62,Male,Josephside,2022-10-09,0
211,72,Male,Smithside,2023-10-03,0
2948,35,Female,East Danielleside,2024-09-09,0
1288,18,Female,Brandonfort,2022-08-09,0
2649,43,Male,Robertstad,2022-06-13,0
2427,49,Female,Lake Sandra,2022-11-09,0
1033,65,Female,Sloanfurt,2020-06-24,0
2938,72,Male,West Maria,2020-03-17,0
279,71,Male,Stephenside,2023-05-17,0
2178,53,Female,Vasquezchester,2020-05-10,1
2711,51,Male,Barreraberg,2020-02-19,0
1783,20,Female,South Samuel,2021-06-03,0
2746,67,Female,East Tinaberg,2021-07-11,1
846,23,Male,Paulfort,2022-05-02,0
901,32,Male,Morenoville,2021-11-30,0
16,37,Female,New Susan,2022-12-02,0
1368,65,Male,Elizabethtown,2023-09-19,0
1938,39,Male,East Ryan,2020-09-20,0
2429,63,Male,Lake Alextown,2022-06-16,1
459,71,Female,Gillhaven,2023-03-08,0
470,77,Female,Coreyville,2024-10-09,0
2523,67,Female,East Lisaview,2021-04-30,0
2011,51,Male,Jaredview,2022-01-18,0
533,58,Male,Lake Jason,2024-03-28,1
1663,57,Male,Port Mitchellton,2022-12-04,0
1213,61,Male,West Cassandra,2023-08-09,0
724,43,Male,Phillipsview,2023-08-04,1
2467,46,Male,Holmesshire,2023-09-21,0
2127,26,Female,East Johnhaven,2023-11-14,0
1053,65,Male,Staceyburgh,2021-08-27,0
467,75,Female,Maryburgh,2020-12-31,0
2105,58,Female,Matthewland,2024-01-25,0
887,35,Male,Seanberg,2020-04-12,1
2401,71,Female,Hansenborough,2020-12-12,1
2317,62,Male,Jonesburgh,2024-10-17,0
2468,39,Male,North Ericshire,2021-03-19,0
337,20,Female,Candaceburgh,2021-08-07,1
2550,47,Female,South Daniel,2023-03-29,0
2901,59,Female,South Andreamouth,2022-10-01,0
2142,49,Female,South Javiermouth,2024-02-23,1
1108,53,Female,South Nicole,2023-07-28,0
2289,62,Male,Briggsmouth,2024-06-27,0
845,71,Female,Perryview,2023-06-24,0
1001,20,Female,South Russell,2023-09-03,0
2126,78,Female,Prattmouth,2020-07-28,1
1443,30,Female,Jordanview,2022-02-08,1
1698,63,Female,Fowlerport,2020-09-06,0
1775,44,Male,North Kimberly,2024-06-25,0
918,29,Female,East Angelaside,2023-03-05,1
1369,68,Male,Port Jennabury,2024-07-31,0
2514,76,Male,North Jason,2021-09-03,0
1650,33,Male,Gonzalezbury,2020-12-04,0
2735,57,Male,Johnsonview,2024-03-31,1
649,49,Female,Suarezfort,2023-03-24,0
141,22,Male,Kimchester,2024-03-13,0
2862,53,Male,Brandybury,2021-02-24,0
167,33,Male,Kellyside,2020-03-05,0
2373,41,Male,Jordanburgh,2024-02-03,0
2187,71,Male,Lake Loganfurt,2023-01-07,0
2366,23,Female,Thomasfurt,2022-06-07,0
481,30,Female,West Timothystad,2024-11-14,0
1815,21,Female,Angelashire,2024-06-29,0
537,38,Male,Madisonstad,2024-02-25,0
1230,69,Male,New Tony,2022-07-06,0
1088,68,Male,Miguelton,2024-03-04,0
2643,41,Male,Port Jochester,2021-05-07,1
2850,75,Male,West Amanda,2020-04-08,0
1253,78,Male,Julieberg,2024-07-06,0
630,45,Male,Floresbury,2022-06-11,1
198,39,Male,East Toddmouth,2021-10-23,0
1481,47,Female,Joelshire,2021-07-12,0
1061,43,Male,Millermouth,2021-10-25,0
2671,70,Male,East Joshuastad,2023-01-17,0
1527,43,Male,North Christina,2023-12-21,0
2606,60,Male,Amyburgh,2021-02-06,0
2988,64,Female,North Christymouth,2023-10-30,0
2791,57,Male,South Derrick,2022-08-17,0
2339,30,Male,Hughesland,2024-06-29,0
1059,48,Male,Port Andrewport,2023-09-19,0
1463,63,Male,Port Sandy,2021-12-04,0
1406,76,Male,Port Kevinfurt,2022-12-18,0
245,67,Male,West Jason,2020-04-07,0
820,22,Male,Coleside,2023-01-06,0
8,70,Female,Calebview,2020-12-22,0
758,24,Male,Scottfort,2022-07-29,1
1306,71,Female,North Johnfort,2021-07-30,0
2858,28,Male,East Paulburgh,2021-09-10,0
2918,32,Female,Lake Sandra,2021-07-23,0
327,33,Female,South Danielle,2022-07-24,0
54,21,Female,Andrewshire,2020-07-15,0
2463,58,Female,New Mariaside,2024-06-04,1
1313,35,Male,West Stephanieberg,2024-11-28,1
620,37,Female,Jonathanside,2022-03-10,0
1887,58,Female,South Alisonside,2021-02-09,0
849,51,Male,Lake Cindyland,2023-10-26,0
1557,62,Female,West Anthonyberg,2024-06-09,1
869,75,Male,South Whitney,2020-09-24,0
1196,48,Female,Glennton,2023-09-18,0
1479,52,Female,South Jennifer,2023-11-12,0
1286,20,Male,North Taylorhaven,2024-04-21,0
77,80,Female,Sarahmouth,2022-06-23,0
975,54,Male,Freemanport,2020-06-02,0
2699,38,Female,East Christopher,2023-01-12,0
875,65,Female,South Madisontown,2023-06-04,0
1753,64,Male,Elaineside,2024-05-05,0
2950,51,Male,Trevinofurt,2022-10-02,0
1488,28,Male,New Kristin,2020-12-18,1
132,50,Male,South Christina,2023-06-08,0
2712,63,Male,New Matthewmouth,2020-12-22,0
501,40,Female,South Jasonside,2023-02-16,0
1696,73,Male,North Craig,2023-11-19,0
487,31,Male,Stephenbury,2022-01-19,0
1850,74,Female,Cooperfurt,2020-11-15,0
889,40,Female,Lambberg,2021-09-05,0
285,66,Female,Lake Chad,2022-05-07,0
1387,60,Male,Shelbyland,2024-11-27,0
1078,56,Male,Jeremyport,2022-12-10,0
744,32,Male,Smithchester,2020-11-11,1
752,78,Female,Lopezmouth,2021-04-15,0
1466,28,Male,North Jessica,2023-02-19,0
1635,69,Male,Katrinaview,2022-01-13,1
2887,77,Female,Sanchezside,2023-10-25,0
2622,68,Female,Cooperport,2023-01-19,0
851,67,Male,West James,2020-03-29,0
1682,67,Male,North Cindymouth,2024-05-26,0
1927,49,Female,Williamtown,2020-07-20,0
116,40,Female,New Christopher,2023-04-14,1
1380,56,Male,North Michael,2024-05-26,1
1275,56,Female,Aprilberg,2022-08-17,1
2688,69,Female,New Mark,2020-12-02,1
1678,53,Male,New Andreborough,2021-04-26,0
587,29,Female,West Dylan,2023-07-07,0
2718,67,Female,North Alecshire,2022-09-22,0
451,51,Female,North Julieborough,2024-02-22,0
2526,36,Female,Port Sharontown,2023-10-21,0
156,22,Female,South Loristad,2024-08-11,0
478,58,Female,Carrollmouth,2024-06-11,1
60,71,Female,Gutierrezview,2022-12-03,1
223,63,Male,West Christopher,2023-08-21,1
126,46,Male,Sawyerton,2022-06-06,1
1151,25,Female,Oliviafort,2024-12-22,0
2274,66,Male,Annafurt,2023-01-03,1
1776,45,Female,North Lisa,2022-04-14,0
1721,63,Female,Port Andrew,2021-11-08,0
2272,61,Female,East Michaelborough,2020-06-14,0
519,55,Female,West Johnfort,2023-09-15,0
1537,56,Male,Lisabury,2021-11-19,1
2958,28,Male,Sarahside,2022-12-09,0
2483,21,Male,West Craigton,2023-08-24,0
2069,25,Male,Cynthiaville,2022-06-14,0
81,79,Male,Ericfort,2021-08-10,0
2536,27,Male,Atkinsstad,2021-02-11,0
2971,46,Female,Jessicastad,2021-07-05,0
2304,21,Female,West Sara,2020-05-05,0
424,69,Male,Travismouth,2020-03-09,0
143,67,Male,New Robert,2024-07-11,0
2063,46,Male,North Brenthaven,2021-10-01,0
344,49,Male,Laurahaven,2021-03-16,0
2348,32,Male,West Dustinshire,2023-03-30,0
916,49,Male,Port Kristen,2021-08-10,0
2599,74,Female,Keithfurt,2022-03-09,0
2094,27,Female,Lake Jackson,2021-07-09,0
844,64,Female,Petersenton,2024-12-07,0
2679,65,Male,Sheltonberg,2022-11-24,1
2347,33,Female,Hinesport,2024-04-15,0
1899,80,Female,Lake Thomas,2022-03-28,0
2529,57,Male,Port Sharon,2021-02-27,1
68,21,Female,Bennettfurt,2020-07-03,0
90,51,Male,Ashleyside,2024-02-16,1
2602,70,Male,North Joshua,2020-11-13,0
1251,30,Male,Allisonborough,2024-11-29,1
1748,50,Female,Whiteland,2020-08-11,1
1362,48,Male,New Stephanie,2022-08-20,0
2141,56,Male,South Victoriaberg,2023-02-05,0
1344,42,Male,Danielshire,2020-03-05,0
2240,21,Female,Dawnmouth,2023-03-17,0
1644,62,Female,Samuelland,2023-03-05,0
1546,60,Male,West Laura,2024-09-23,0
1549,57,Female,Lopezton,2021-04-03,0
2006,56,Female,Jacksonport,2021-05-30,0
625,23,Female,South Stephanieville,2021-07-13,0
2989,51,Female,East Erinside,2022-06-07,0
1297,65,Female,Petersville,2020-11-27,0
2743,47,Female,New Dorisstad,2021-07-17,0
444,49,Male,Wilsontown,2020-12-22,0
1985,28,Male,Colemanland,2022-12-24,0
2388,75,Male,Woodfurt,2023-11-25,0
192,70,Male,West Joseph,2021-05-30,0
998,20,Female,Lake Peter,2021-01-22,1
2196,63,Male,Markland,2023-06-02,0
2149,52,Female,Hallberg,2020-11-13,0
1576,57,Female,North Stephaniefurt,2020-12-06,1
2898,78,Male,North Elizabethborough,2021-02-25,0
163,73,Female,North Garymouth,2020-11-20,0
984,22,Female,Patriciahaven,2021-12-03,1
280,60,Female,South Geraldhaven,2023-04-07,0
1519,33,Female,South Mary,2021-05-05,0
740,75,Female,Johnton,2024-03-01,0
2064,57,Female,East Ericbury,2023-10-30,1
2985,46,Female,Smithton,2022-04-08,0
1314,41,Male,New Derekland,2023-12-18,0
1277,38,Female,Lake Marciaton,2025-01-11,0
1649,69,Male,New Jennifermouth,2024-01-03,0
595,41,Female,Figueroashire,2023-08-30,0
1351,45,Female,New Rhondashire,2023-07-29,0
2156,47,Female,Port Gina,2024-11-18,1
2119,28,Female,North Taylortown,2020-11-02,0
1746,24,Female,North Cody,2023-04-02,0
1533,65,Male,East Patrickmouth,2022-05-20,0
1021,75,Female,West Ericmouth,2021-09-07,0
1083,24,Female,East Brittanychester,2021-02-19,0
1940,50,Male,West Kimberlyhaven,2021-02-04,0
2721,31,Female,Katelynfurt,2024-10-22,1
2255,48,Male,Curtistown,2020-08-27,0
605,26,Male,East Teresaton,2020-10-08,0
1633,37,Female,Port Kerriport,2020-01-30,0
1402,21,Female,Port Ryanmouth,2020-04-28,0
956,26,Male,Cameronfort,2022-03-08,0
2147,27,Male,Kristinaburgh,2021-05-07,0
1745,52,Male,East Daniellefort,2020-06-11,0
2188,80,Female,Josephmouth,2021-04-30,0
1155,24,Female,South David,2021-05-23,0
1490,67,Male,Port Ryan,2024-01-19,0
2082,35,Male,North Ashleyfurt,2021-01-20,0
1312,44,Female,West Alyssaborough,2021-11-10,1
1653,39,Male,Alexandraport,2021-12-22,0
497,25,Female,Dennisshire,2022-07-04,0
1180,36,Male,Katherineport,2020-08-01,0
221,63,Female,Mitchellstad,2021-06-22,0
2994,39,Male,Brandonhaven,2021-10-06,0
307,25,Male,Rebeccaview,2022-03-25,1
946,25,Male,West Michael,2020-09-15,1
498,38,Male,New Joseph,2022-01-28,0
2847,41,Female,Lake Michael,2025-01-06,0
1570,79,Female,Erinfort,2021-12-04,1
2936,50,Female,West Bryan,2022-01-07,0
1285,27,Male,Bushhaven,2024-11-22,0
317,27,Male,East Paulside,2021-07-05,0
2302,48,Male,Caitlinstad,2023-10-12,0
2516,45,Female,Hannahport,2025-01-10,0
699,55,Male,Batesberg,2024-07-05,1
1891,74,Male,Katherineville,2023-06-21,0
2448,37,Male,Alyssaberg,2020-04-08,0
2092,56,Male,Serranomouth,2024-03-04,0
2321,78,Male,Lauraview,2021-04-22,0
2813,39,Female,Lake Jennifer,2023-07-10,0
2409,54,Male,Lake David,2021-08-11,0
2924,65,Female,Port Johnmouth,2020-02-23,0
962,68,Male,Markburgh,2024-11-11,0
2981,61,Male,South Shelby,2024-01-13,1
2318,45,Male,Markport,2020-04-18,0
1374,51,Male,Wilsonchester,2020-01-15,0
2148,23,Female,Port Carolynberg,2023-08-12,0
1676,29,Female,East Lisamouth,2024-10-02,0
2826,39,Female,Nathanborough,2023-02-06,1
390,55,Female,Port Shanebury,2021-07-27,0
1144,21,Male,East Jacob,2023-06-03,0
418,18,Female,Matthewchester,2022-12-03,1
727,19,Male,Roberthaven,2022-08-09,0
1163,31,Male,East Jean,2021-08-20,1
57,21,Male,Phillipsville,2023-09-03,0
488,57,Female,Port Vanessaport,2020-08-07,0
795,39,Male,Port Tiffanyfurt,2024-10-20,0
1409,34,Female,West Ryanland,2024-12-25,1
2963,61,Male,Danielton,2021-08-24,0
558,28,Female,West Cherylburgh,2021-05-04,0
39,39,Male,West Richardborough,2024-06-19,0
2220,78,Male,Martinezview,2024-07-16,0
1677,58,Male,Ramirezstad,2021-06-06,1
2224,79,Male,North Seanside,2020-08-07,0
388,44,Male,Shawberg,2024-05-01,0
218,51,Female,Hahnchester,2020-11-18,0
746,32,Male,Duncanmouth,2021-11-17,0
1138,49,Male,New Connorhaven,2020-04-17,0
1128,30,Male,Kimberlyton,2020-12-23,0
1687,66,Male,Matthewchester,2023-03-30,0
1963,39,Male,East Jonathan,2021-06-01,0
2940,42,Male,North Lucasbury,2021-05-17,0
772,49,Male,Masseychester,2024-07-22,1
403,48,Female,Lake Charles,2024-02-06,0
2241,56,Female,Solomonville,2023-08-15,0
346,44,Female,Alexandershire,2022-05-30,0
1408,47,Female,New Reneefort,2024-01-27,0
1953,30,Male,West Phillipshire,2020-10-12,0
2553,37,Female,North Lydia,2022-03-28,0
1834,73,Male,Zacharystad,2022-05-22,0
384,69,Female,Millerfort,2020-08-09,0
1685,33,Male,Cherylhaven,2024-01-12,0
2374,18,Male,Douglasside,2023-12-27,0
639,60,Male,West Keith,2023-01-12,0
2243,46,Female,Angelamouth,2020-06-05,0
1562,62,Male,Port Chelseaburgh,2024-10-02,0
1958,32,Female,Dennisfurt,2023-01-17,0
158,39,Female,Vegaland,2021-07-06,0
2966,23,Female,South Hailey,2024-04-04,0
2140,28,Female,Lake Thomasbury,2021-05-02,1
2088,26,Female,North Richard,2023-10-08,0
726,55,Male,East Christinaton,2021-01-31,0
1444,46,Female,Taylorhaven,2023-03-21,1
2729,20,Female,Zacharyview,2022-06-20,0
2110,31,Female,Markfurt,2023-10-26,0
1437,22,Male,Cynthiaborough,2020-09-03,0
1012,43,Female,Salazarhaven,2022-10-25,0
554,45,Female,Port Cynthia,2021-08-28,0
1962,49,Male,South Karen,2020-02-14,0
1847,26,Female,Buchananmouth,2022-03-07,0
2352,60,Male,East Leonshire,2020-07-11,0
1794,18,Male,New Debra,2025-01-17,0
1496,61,Male,Khanview,2024-03-31,0
1726,79,Female,Jessicashire,2020-08-15,0
2672,80,Female,Johnnyview,2021-08-06,0
1728,57,Female,South Brooke,2024-12-03,0
1346,63,Female,Leemouth,2022-04-19,0
1936,40,Female,Port Robertland,2023-08-19,0
265,72,Male,Elliottland,2021-05-12,1
2316,55,Male,Craigport,2024-01-29,0
2162,65,Female,North Brian,2024-10-09,0
2253,27,Male,Wallburgh,2023-12-31,0
1494,78,Female,Kendraberg,2024-04-03,0
1003,21,Male,New Brandon,2024-05-10,0
2246,52,Female,West Marvinton,2021-11-10,0
723,51,Male,West Maria,2021-11-01,0
2319,34,Female,New James,2024-02-19,1
621,38,Male,Port Tracyside,2020-05-05,1
1686,19,Female,Madisonshire,2023-09-13,0
2943,58,Male,Fordside,2021-10-14,0
2365,51,Male,Reedport,2020-02-25,0
1218,53,Female,East Tammy,2021-03-03,1
1441,36,Male,New Tiffanyshire,2022-02-20,0
1877,45,Female,Alexiston,2020-02-12,0
1292,18,Male,North Sonya,2022-03-10,1
1175,40,Male,South Carlbury,2023-04-20,1
313,29,Female,East Paul,2020-05-11,1
1626,41,Female,New Kelly,2022-02-05,0
578,74,Female,Warrenshire,2021-07-06,0
931,69,Female,Joshuaberg,2022-02-16,0
356,76,Female,Amberton,2025-01-07,0
996,71,Male,Geoffreyburgh,2022-08-14,0
852,42,Female,New Peterbury,2023-02-10,0
1336,31,Female,Brownchester,2022-11-12,1
1348,77,Male,Lake Joseph,2021-10-21,0
2837,64,Male,Natalietown,2024-04-19,0
93,46,Male,New Alan,2022-02-20,0
2665,56,Female,Port Timothyport,2020-10-14,1
1202,51,Female,New Calvinburgh,2024-01-30,1
2759,31,Female,Jordanport,2025-01-11,0
555,49,Female,South Christopher,2021-10-02,0
2651,52,Female,North Sallyfort,2023-12-13,0
184,31,Female,Phillipston,2024-02-01,0
377,28,Female,Masonshire,2022-05-20,0
1547,53,Female,Wilsonland,2021-04-10,0
2881,62,Male,South Zacharyside,2021-03-22,1
186,32,Female,Port Jason,2021-08-14,1
796,47,Male,Chasebury,2025-01-07,0
759,23,Female,Port Robert,2020-10-15,0
2367,33,Female,North Victoriaberg,2020-11-11,0
1911,42,Male,South Shannon,2020-10-24,0
1898,53,Female,Youngfort,2023-01-26,0
2161,30,Female,Matthewborough,2020-06-05,0
607,78,Male,North Heatherfort,2021-08-07,0
2575,38,Female,South Brandon,2022-08-07,0
737,18,Female,Lake Jessicafurt,2022-05-11,0
539,78,Female,Hardinmouth,2025-01-16,1
2107,51,Male,Russoview,2021-07-25,0
745,25,Male,Hamiltonburgh,2022-06-21,0
91,30,Male,Lake Brandibury,2022-10-20,0
268,65,Female,Port Daniel,2024-06-07,1
760,29,Male,Kimberlyhaven,2022-07-10,1
1013,23,Female,North Charles,2024-12-18,1
1375,59,Male,New Sierra,2022-10-26,0
1738,50,Female,Kruegerland,2022-07-30,0
442,68,Male,South Elizabethberg,2023-10-15,0
1473,20,Female,Port Thomas,2023-07-10,0
655,44,Male,West Joseph,2020-05-25,0
2668,59,Male,South Cameron,2022-01-26,0
1420,72,Male,Williamsbury,2021-07-29,0
659,23,Female,South Lisaburgh,2020-12-23,0
1472,23,Female,West Brandontown,2020-02-09,1
2122,22,Female,South Jeffreyhaven,2024-08-05,0
2203,28,Male,South Julianburgh,2021-08-24,0
718,80,Male,Adamtown,2022-02-27,0
135,46,Female,Amandaborough,2023-11-21,0
2666,50,Male,Jensentown,2020-05-29,0
2655,51,Female,Youngside,2025-01-03,1
2621,21,Male,Whitemouth,2023-07-19,0
738,26,Female,New Daniel,2023-02-11,0
1631,35,Male,Jenniferville,2022-09-29,0
2305,59,Male,South Justin,2023-09-19,0
1828,26,Female,New Elizabethmouth,2021-08-16,0
2229,50,Male,West Adrianburgh,2021-01-20,0
1724,45,Male,Port Mikaylamouth,2024-06-21,1
779,60,Male,Port Kimberly,2022-06-05,0
2050,42,Male,Elliottport,2021-11-11,0
1615,72,Male,Kathleenbury,2024-10-03,0
2657,34,Male,North Robert,2023-09-27,0
1008,50,Male,North Joseph,2021-03-12,0
1909,34,Female,East Lisafort,2021-08-13,0
1910,76,Female,Gravesfort,2023-05-09,1
11,26,Male,Lake Jamesview,2020-05-18,1
2741,69,Male,Alexandraside,2022-05-01,0
839,63,Male,West Philip,2020-02-02,0
547,70,Female,New Tracy,2021-12-10,0
2237,44,Male,Maureenmouth,2020-08-03,0
157,22,Female,East Danielleport,2020-02-06,1
686,34,Female,Port Carl,2020-03-26,0
1174,66,Male,Lake Matthew,2020-11-16,1
1564,49,Female,South Timothy,2021-06-07,0
2022,20,Female,Seanborough,2020-11-20,1
1520,32,Male,Port Rebecca,2020-06-09,0
420,18,Male,South Dennis,2024-09-25,1
568,67,Male,South Linda,2024-06-24,0
2816,49,Female,Lake Scott,2022-10-16,0
1774,64,Female,Hannahton,2024-10-04,0
2639,68,Female,New Lauraborough,2023-05-17,0
2097,58,Female,Nelsonfurt,2024-08-17,1
1232,36,Female,New Dianechester,2023-03-22,1
46,22,Female,Garciaburgh,2022-07-08,0
571,20,Female,South Joelton,2022-09-21,1
320,48,Male,Lake Kathytown,2024-06-05,1
2726,45,Male,East Davidborough,2023-07-25,0
18,58,Male,East Timothy,2024-02-26,0
2086,68,Female,North Lauren,2024-11-29,0
2535,56,Female,Campbellchester,2020-03-20,1
486,35,Male,South Cynthiastad,2020-03-11,0
2667,77,Female,Crystalchester,2020-08-11,0
2363,23,Male,North Christopher,2020-04-30,1
55,69,Female,Kevinmouth,2022-10-19,0
2173,24,Female,South Ericstad,2022-05-20,1
2414,53,Male,East Christinashire,2022-10-02,1
960,25,Male,North Hollyshire,2022-03-29,1
1113,29,Female,West Thomasmouth,2020-03-26,0
857,64,Female,East Elizabeth,2024-07-30,0
1559,56,Male,Lambertbury,2021-07-31,0
2028,78,Male,Matthewport,2023-06-29,0
1579,57,Male,Brownberg,2024-11-19,0
2892,78,Female,South Kimberly,2024-09-26,0
1761,71,Female,Lauraland,2021-02-02,1
1990,27,Male,Port Jennifer,2022-10-17,0
2779,68,Male,South Angela,2024-04-28,0
1194,41,Female,Laurabury,2022-11-10,0
1421,80,Male,West Stephen,2021-01-13,0
934,80,Female,Lake Francisco,2024-03-15,0
970,33,Male,South Natalieborough,2020-04-02,1
2185,56,Male,East Robin,2024-06-05,0
2114,34,Female,West Luis,2024-02-02,0
2434,74,Male,Youngview,2020-07-02,0
2753,62,Female,Lake Williamstad,2020-08-20,0
2397,57,Female,Youngfort,2022-06-05,0
2845,75,Female,Reynoldsfort,2024-12-08,0
637,21,Female,Masonport,2023-09-14,0
2192,33,Male,Browntown,2024-09-07,0
1560,38,Female,East Reginald,2024-01-20,0
993,55,Female,West Michael,2024-03-21,1
1060,33,Female,Port Kevinstad,2024-04-04,1
2607,68,Male,East Rachel,2020-01-28,1
1403,29,Female,West Brian,2024-08-21,1
2036,21,Female,South Rodney,2020-07-22,0
2296,73,Female,South Johnmouth,2023-11-23,0
1989,22,Female,Sotoshire,2020-08-21,0
1475,78,Female,Port Angela,2022-10-22,0
2811,55,Male,Garciaburgh,2024-01-21,0
1208,58,Male,East Alejandramouth,2023-09-03,0
1582,24,Male,Port Jason,2024-09-12,0
1238,77,Male,West Juan,2021-08-28,0
1195,51,Male,Anthonybury,2022-09-02,0
1134,43,Male,New Wendyhaven,2021-07-02,0
1411,47,Female,East Ryanborough,2023-01-05,0
2182,76,Female,Fostershire,2020-07-06,0
2683,51,Female,Davidberg,2021-01-11,0
189,40,Male,Joannafort,2021-12-04,0
695,51,Male,East Jamesmouth,2020-07-23,0
2800,35,Female,North Christopher,2023-03-23,1
1530,28,Female,Larsonton,2023-12-11,0
23,75,Female,North Joseph,2022-08-16,0
2299,53,Female,Martinezside,2024-09-16,0
1153,65,Female,West Mariamouth,2024-01-18,0
1335,28,Female,South Parkerborough,2024-03-22,0
1199,35,Female,Alexborough,2023-02-05,0
1957,57,Male,West Hector,2021-04-24,0
2676,61,Male,Reedstad,2022-09-27,0
83,57,Female,Port Alicia,2020-05-16,0
361,59,Female,West Erinburgh,2021-10-30,0
169,71,Female,Port Annamouth,2021-03-24,0
171,78,Male,Nancymouth,2021-03-10,1
2613,68,Male,North Brian,2020-12-26,1
2216,80,Female,Mitchellside,2020-07-03,0
236,72,Female,Michaelbury,2021-02-19,0
262,66,Male,Williammouth,2021-11-17,0
925,20,Male,Port Jenniferchester,2024-10-17,0
2748,25,Female,Port Jessicamouth,2022-02-10,0
1629,47,Male,Williamburgh,2024-09-20,0
196,32,Female,Lake Victoriaport,2022-03-12,0
747,24,Male,Port Rachel,2024-09-22,1
1638,72,Female,East Bethshire,2024-11-11,0
584,48,Female,Vaughnfort,2020-03-05,0
822,51,Male,North Stephen,2021-02-05,0
1433,20,Male,Kennedymouth,2023-06-10,0
1146,63,Female,Lake Lindaborough,2022-06-10,0
1157,53,Female,Port Patricia,2021-12-17,0
948,45,Male,Laurashire,2023-01-26,0
1186,34,Female,Johnhaven,2021-06-13,1
1239,69,Male,Lake Deborah,2020-11-07,0
1507,18,Female,East Michaelmouth,2023-04-02,0
1385,65,Male,East Tylerfort,2022-04-18,0
2487,68,Male,New Jennifer,2021-06-11,1
1291,77,Male,Hillberg,2024-04-02,1
2081,20,Female,Lake Sarahmouth,2023-08-10,1
2038,64,Female,Littletown,2020-12-26,0
2803,65,Female,Youngshire,2021-10-18,0
2616,76,Male,Jennaburgh,2020-11-26,0
2792,71,Female,South Heather,2020-08-08,1
2780,52,Male,East Harold,2024-02-16,0
1986,35,Female,Simmonsville,2021-01-22,0
1158,53,Female,Michaelside,2024-12-09,0
890,19,Female,Port Douglas,2021-08-01,1
1149,45,Female,Lake Brandon,2024-07-18,0
2186,25,Male,Staffordport,2023-12-04,0
490,40,Male,Port Kenneth,2020-10-11,0
2937,50,Male,West Brookehaven,2023-07-21,0
2223,25,Female,Garymouth,2022-07-18,0
312,74,Male,East Laceychester,2022-10-20,0
335,79,Male,Andreatown,2023-08-27,0
1280,52,Female,East Robin,2020-10-04,0
2874,34,Female,South Lisa,2021-01-31,0
1150,33,Male,South Jill,2020-03-03,0
859,41,Male,Danielburgh,2021-02-24,1
2957,79,Female,Janetchester,2023-04-17,0
879,24,Male,Lake Joshua,2020-03-06,0
25,41,Male,Port Debra,2024-04-23,0
959,18,Male,North Jorgeside,2022-08-19,0
2939,64,Male,Haleyview,2021-02-04,0
1136,79,Male,Elizabethburgh,2024-10-26,0
1799,37,Female,Madelineburgh,2023-04-08,0
2654,18,Female,Lake Paulaville,2021-10-30,0
1145,64,Male,Port Danny,2020-04-18,0
1616,32,Male,Kevinhaven,2021-04-13,0
4,36,Male,West Amber,2024-06-21,0
1709,26,Male,North Jonathan,2024-05-11,0
253,58,Female,Cochranview,2021-03-25,0
1268,39,Male,New Micheleton,2023-04-03,0
2394,75,Female,Port Chadview,2024-06-03,0
64,52,Male,Hugheston,2022-09-15,0
2236,58,Male,East Cynthiamouth,2020-12-28,0
494,33,Male,Wendyville,2020-03-03,0
2678,53,Male,West Lee,2025-01-20,1
2084,36,Female,Katherineville,2021-12-08,0
100,31,Male,South Jennifer,2024-12-27,1
645,28,Female,New Jerryborough,2024-03-06,0
112,45,Male,Ortegaton,2022-11-29,0
2326,26,Female,Port Ryanberg,2020-11-17,0
254,24,Female,East Bethland,2021-11-04,0
2215,40,Female,Loganchester,2024-05-31,0
741,36,Male,Robinsonfort,2021-08-05,0
2661,49,Male,Wrightfort,2025-01-23,0
1543,43,Male,West Michaeltown,2023-04-27,1
940,31,Male,Lake Sandra,2022-06-26,0
1102,32,Male,Nancyhaven,2021-11-26,0
1594,78,Male,Stevensland,2022-07-19,0
400,44,Female,Friedmanshire,2022-08-06,0
1181,33,Male,Lake Thomas,2020-06-15,0
66,54,Male,Carolview,2022-11-23,0
599,45,Female,Huffmanside,2021-04-03,0
2520,59,Female,Lake Maryside,2020-03-26,0
2955,40,Female,Port Cynthiafurt,2023-11-27,0
2267,54,Male,Port Brandonbury,2022-01-30,1
2037,40,Female,Samanthachester,2021-11-29,0
1641,39,Male,Josephshire,2022-10-10,0
243,21,Female,North Sydney,2024-06-01,0
634,30,Male,New David,2024-11-12,0
1023,20,Male,Silvatown,2022-01-07,0
1835,45,Female,North Brandonton,2022-06-06,0
43,48,Male,New Todd,2022-03-28,0
2488,76,Male,Gregoryborough,2024-01-09,0
915,53,Female,West Garystad,2023-01-14,0
2567,31,Female,Spencerville,2022-10-05,0
963,70,Male,West Stanley,2022-11-10,0
1621,56,Female,West Stephen,2021-06-06,0
909,59,Female,Tracyberg,2024-05-04,0
777,59,Female,Nicoleville,2020-08-17,0
2840,71,Male,Kingchester,2023-08-21,0
2686,78,Male,Anthonyburgh,2020-10-24,0
2953,34,Male,West Gary,2023-12-06,0
2303,57,Female,Port Christopherstad,2025-01-21,0
1590,41,Male,Johnmouth,2023-02-26,0
666,24,Male,Lake Ronaldville,2024-05-06,0
2852,33,Female,South Melissamouth,2023-05-22,0
1665,41,Female,New Robertstad,2023-02-02,0
2513,60,Male,Lake Jo,2020-03-07,0
2627,43,Female,South Jeremyhaven,2022-05-25,0
1599,72,Female,Port Glenn,2021-08-18,0
1630,53,Male,Amberside,2022-10-21,0
2398,22,Female,West Jasonside,2023-05-18,0
1225,38,Female,Justinville,2020-05-29,1
2542,38,Female,East Jenniferville,2020-02-16,1
1965,32,Female,Wolfestad,2022-08-15,0
2783,75,Female,Hardingtown,2023-09-10,0
134,23,Female,West Johnside,2022-11-21,0
681,34,Female,Matthewport,2023-01-04,1
88,55,Male,Shortfurt,2023-04-15,0
798,48,Female,Johnsonshire,2024-08-05,0
1733,69,Male,Washingtonport,2021-09-29,0
1438,48,Male,North Crystal,2024-11-10,1
102,51,Male,Patricialand,2023-03-07,1
374,50,Male,Jamesmouth,2024-09-30,1
2990,27,Female,Greenmouth,2021-10-28,0
2615,57,Female,Curtisshire,2024-01-30,0
2956,41,Male,Holtland,2024-06-01,0
842,47,Male,East Erinton,2023-06-17,0
1360,63,Female,Port Danielside,2024-02-11,0
209,28,Female,Lake James,2022-06-16,0
2404,37,Male,New Amy,2022-07-11,0
804,33,Female,Paulfurt,2022-01-26,0
2951,69,Female,Lake Brandon,2023-10-16,0
1031,34,Male,Tonyahaven,2024-12-15,1
1779,50,Female,Jonfort,2024-03-18,1
479,32,Female,Evansmouth,2020-01-23,0
2335,79,Female,Jadeton,2022-03-29,0
1273,24,Male,Fernandezside,2025-01-19,0
2598,74,Female,Turnerhaven,2020-11-22,0
680,37,Female,North Janet,2021-08-29,0
1670,69,Female,Christinastad,2024-09-13,1
258,73,Female,Bakerfort,2022-02-17,0
1690,65,Female,Jenniferborough,2020-10-19,0
2325,77,Female,East Vanessahaven,2022-05-16,0
417,54,Male,Cookfort,2023-08-09,1
1523,23,Female,South Monicachester,2025-01-23,0
2640,38,Male,West Angelaland,2020-04-13,0
950,65,Male,South Stanley,2024-11-26,0
685,79,Female,Lake Robertmouth,2023-04-21,0
309,47,Male,West Scott,2023-03-13,0
183,31,Male,East Katrinahaven,2024-03-05,0
1219,50,Female,Thomasburgh,2022-07-23,0
2740,51,Female,Andrewstad,2023-07-11,0
2320,43,Male,New Teresashire,2024-11-29,0
1279,48,Male,North Joseph,2020-08-28,1
1772,70,Female,New Carol,2021-09-16,0
1959,25,Male,North Jeremyfurt,2024-08-28,1
2208,42,Female,Hernandezton,2020-01-26,0
2574,27,Female,Jeremyside,2024-02-08,0
2842,44,Male,South Jacob,2023-08-22,0
159,38,Male,Michaelchester,2024-07-24,0
2298,28,Female,South Jesustown,2021-05-18,0
1838,65,Male,South Mary,2021-08-09,0
2704,40,Female,Lake Sandra,2024-03-22,0
569,37,Female,Port Stephaniemouth,2020-12-21,0
1489,68,Male,Bethland,2022-04-08,0
1366,20,Male,North Kathy,2023-02-16,0
2597,57,Female,East Andrewmouth,2024-08-11,0
989,76,Male,South Tonyashire,2022-03-22,0
438,47,Female,Port Elizabethfurt,2021-03-03,0
1458,44,Female,North Raymond,2024-05-07,0
1446,19,Male,Freemanchester,2024-05-28,0
1585,43,Male,Barkerbury,2023-08-04,1
338,25,Male,Port Donaldfurt,2023-02-18,0
2151,73,Male,South Jerryville,2024-01-03,0
566,67,Male,Burkeborough,2022-03-21,0
825,80,Female,Caseyland,2024-10-26,0
2439,68,Male,Jaimefort,2022-02-19,1
2849,58,Male,Walkerport,2024-11-09,1
35,76,Female,Trevorchester,2020-06-09,1
2646,56,Female,Lake Cynthia,2020-09-24,1
1969,66,Male,Port Lisahaven,2023-06-29,0
2945,50,Female,Feliciafort,2024-11-26,0
923,54,Male,Wilkinsonshire,2020-12-05,0
757,70,Male,Sanchezport,2020-04-20,1
1846,55,Female,Jonesmouth,2021-06-24,1
2447,24,Male,East Carlosmouth,2024-06-03,0
1606,55,Male,Kennedyshire,2021-11-28,1
1070,72,Male,West Ricktown,2022-11-23,0
1851,48,Male,Jacobstown,2023-05-10,0
2089,48,Male,New James,2021-01-03,1
56,69,Female,West Amandamouth,2023-09-24,0
1782,46,Female,Lake Melindashire,2020-11-12,0
2090,21,Male,South Justin,2024-04-26,0
282,68,Male,Jenkinsview,2023-04-13,0
1096,41,Male,Stephentown,2024-01-11,1
1311,28,Female,North Michael,2021-10-07,0
225,57,Female,New Tammyborough,2024-07-20,0
1780,23,Female,Lake Terranceton,2021-10-08,0
2007,40,Female,Lake Ashleyport,2021-02-20,1
1701,71,Male,Moyerbury,2020-10-11,0
2872,40,Male,East Melissaberg,2023-11-22,0
389,48,Female,Williambury,2024-01-17,0
292,34,Male,North Monicaborough,2023-08-07,0
1080,67,Female,Mariaville,2024-04-25,0
1742,70,Female,Elizabethmouth,2024-11-01,0
2663,26,Female,West Kaitlyn,2024-03-15,0
95,46,Male,Brianburgh,2022-04-25,0
2864,39,Female,Brandontown,2021-06-15,0
862,70,Female,New Andresmouth,2024-01-30,0
1029,77,Male,Port Frankburgh,2021-10-17,0
2596,48,Male,East Bradleyburgh,2020-06-15,0
316,30,Male,East Jenniferberg,2022-10-30,0
2169,67,Female,South Christinamouth,2021-05-26,1
1112,70,Male,Kennethland,2024-02-07,0
1627,18,Female,East Kimberly,2023-01-27,0
1703,75,Male,Bryanfort,2022-02-16,0
719,75,Male,Colemanburgh,2020-08-13,0
2312,20,Female,Nicholashaven,2024-07-10,1
734,64,Male,Barbaraport,2024-12-09,0
2132,18,Male,Taylorfort,2020-09-21,0
854,40,Female,Bentleyhaven,2021-04-08,1
701,70,Female,New Roberta,2023-02-18,0
238,20,Female,Port Chadfurt,2023-06-10,0
1865,68,Male,Seantown,2021-02-26,0
653,73,Female,Mooreburgh,2023-07-21,0
736,60,Male,Lake Tony,2022-07-09,0
1184,78,Female,West Johnny,2024-12-17,1
2906,44,Female,Carlsonhaven,2025-01-21,0
2480,43,Female,New Anthony,2023-04-10,0
2893,65,Male,Jessicaborough,2020-03-05,0
2579,77,Female,West Brianfort,2024-09-15,0
2910,64,Female,Jonesborough,2020-09-17,0
2210,39,Male,Daltonport,2021-08-28,0
2417,65,Male,West Sara,2020-08-23,1
273,44,Female,Stephenberg,2023-01-15,1
2469,53,Female,Lake Kayla,2024-11-06,0
51,34,Male,Richardsonbury,2020-01-15,0
1480,45,Female,Smithbury,2023-07-10,0
2650,78,Male,Lake Lynnport,2024-05-27,1
181,46,Male,North Rhonda,2023-12-01,0
748,53,Female,South Joyhaven,2020-02-02,0
819,51,Female,Maryhaven,2020-04-17,0
1205,55,Female,Port Nicholaschester,2023-06-26,0
2742,60,Female,South Anthony,2020-05-09,1
1647,25,Male,East Jerome,2022-07-09,0
1597,37,Male,Ericatown,2022-09-12,0
1502,67,Male,Port Jenna,2020-05-18,1
2012,40,Female,Jacquelinemouth,2024-09-17,1
1906,43,Male,South Stephanie,2020-12-31,1
485,43,Female,South Michaelfurt,2020-03-15,0
1200,48,Female,Danielshire,2023-01-11,1
563,72,Female,West Paul,2022-12-05,0
