customer_id,age,gender,location,income_level
1,43,female,Janicehaven,high
2,53,female,Santiagoland,low
3,58,female,North Lisachester,low
4,78,male,New Jessicatown,high
5,23,female,Browningtown,low
6,61,female,Wuport,high
7,26,male,Rossville,low
8,77,female,New David,low
9,56,female,Gilbertstad,low
10,54,female,Miguelburgh,high
11,46,female,East Robertland,high
12,74,male,Port Andrew,low
13,55,male,Angelaton,low
14,29,female,West Cynthiaberg,high
15,71,female,Coopertown,high
16,28,female,Port Kyleview,low
17,24,female,Samanthatown,high
18,20,male,Campbellland,low
19,62,male,Port Mikaylamouth,high
20,34,male,New Dana,low
21,27,female,North Cheryl,low
22,66,male,Whitefort,medium
23,48,female,Wallland,low
24,33,male,Payneport,high
25,77,male,Lake Rachelchester,medium
26,25,male,Lorraineside,low
27,65,female,East Justinville,low
28,20,female,Lynnland,medium
29,76,male,Lawrenceburgh,high
30,25,female,Larsonborough,medium
31,68,female,Donnaside,medium
32,42,male,Nealmouth,high
33,47,female,East Vincent,medium
34,54,female,Lake Rodney,high
35,79,male,Port Paulstad,high
36,79,female,Stephensfurt,high
37,20,male,Port Jeffburgh,medium
38,78,female,East Lisaside,low
39,27,female,Gonzalesborough,low
40,43,female,Virginiashire,high
41,71,female,Lake Katherine,high
42,25,female,Washingtonport,low
43,55,male,Sarahmouth,high
44,38,male,Hallton,medium
45,65,female,Jasminehaven,medium
46,39,female,Christopherview,high
47,25,male,Manuelborough,high
48,71,female,Williamsmouth,high
49,27,male,Kyleshire,low
50,68,female,Bowenport,low
51,45,female,South Robert,low
52,22,female,Mercerhaven,low
53,54,male,Port Rileyshire,medium
54,20,male,South Jamieborough,medium
55,66,female,Kruegerland,high
56,19,female,Lake Melissamouth,medium
57,35,female,New Lisaland,medium
58,79,male,New Amberchester,medium
59,26,male,Rhodesview,medium
60,71,male,South Adam,medium
61,77,female,Stokesfort,medium
62,28,female,Alexland,low
63,64,male,Romeroshire,medium
64,39,male,Matthewview,medium
65,33,female,Port Luke,high
66,19,female,Port Samuel,high
67,30,female,West Danielleburgh,low
68,63,female,Smithland,low
69,75,female,Watsonborough,low
70,64,male,Parrishmouth,medium
71,75,male,East Bryan,low
72,67,female,East Erica,low
73,67,male,East Daniellefort,medium
74,42,male,North Tylerton,high
75,19,male,Robertborough,high
76,25,male,North Cody,high
77,22,female,Craigville,high
78,44,male,Brianchester,high
79,54,male,Port Evelynborough,low
80,70,male,New Antonio,low
81,26,female,Christinaburgh,high
82,75,female,Lake Christianberg,low
83,68,male,Banksside,low
84,55,female,Carolynview,low
85,49,male,Scottville,high
86,31,female,Johntown,high
87,24,male,Williamsbury,high
88,43,male,Matthewfort,medium
89,45,male,Taylorbury,medium
90,66,male,East Stephanie,low
91,61,male,Port Daniel,medium
92,23,male,Davidmouth,medium
93,29,female,Port Manuelstad,low
94,58,male,Elaineside,low
95,50,male,Victorialand,high
96,62,male,South Alfred,high
97,62,male,New Annaton,high
98,21,female,Johnsonburgh,medium
99,64,female,Caldwellburgh,medium
100,24,male,South Benjamintown,low
101,27,female,Gonzaleston,high
102,65,male,South Christina,medium
103,70,female,Lake Amanda,low
104,43,female,Lake Micheleland,medium
105,33,female,Liuview,low
106,73,male,South Jorge,medium
107,44,male,East Alexandra,low
108,51,male,Bellland,medium
109,63,female,Rickymouth,high
110,27,female,Lake Markfurt,high
111,72,female,Smithburgh,low
112,79,female,New Amy,medium
113,65,female,West Laura,high
114,53,female,East Kristinefurt,low
115,41,female,East Gregoryhaven,high
116,28,male,North Sarahtown,low
117,54,male,Bryanhaven,low
118,52,female,Nelsonmouth,low
119,80,male,Gonzalezmouth,medium
120,76,male,Jaredberg,high
121,51,male,Matthewberg,low
122,45,female,West Kathy,low
123,37,male,Martinfurt,medium
124,76,female,Thompsonside,low
125,80,male,West Crystal,low
126,48,male,East Joshua,high
127,63,male,Kevinburgh,medium
128,54,female,Nelsonport,high
129,29,female,New Melissaport,high
130,18,male,Petersmouth,low
131,71,female,Port Gabrielland,low
132,79,male,North Matthew,high
133,45,male,South Jennifer,high
134,20,female,Smithport,high
135,75,male,Lake Alexander,low
136,23,male,Reillymouth,high
137,56,male,North Francisco,medium
138,23,male,West Troy,high
139,29,female,Barrytown,medium
140,67,female,Johnsonhaven,high
141,26,female,East Maryfurt,low
142,30,female,New Carol,high
143,74,male,Lisaview,low
144,33,female,Michellefurt,high
145,72,male,Amberhaven,medium
146,74,male,Davidport,low
147,71,female,North Sheila,high
148,75,male,New Michael,high
149,35,male,Larryton,medium
150,50,female,Mcdonaldmouth,low
151,43,female,Snowshire,medium
152,68,female,North Lisa,medium
153,76,female,Richardsonfort,high
154,50,female,Joseburgh,high
155,63,male,Angelahaven,low
156,53,male,Crystalmouth,low
157,67,male,Robertstad,low
158,25,female,Port Angelahaven,low
159,33,male,Wareview,high
160,28,female,South Mariefort,high
161,21,female,North Rogerfort,low
162,22,male,Grimesstad,medium
163,45,male,West Alicia,medium
164,64,female,East Deborah,medium
165,79,male,Taylorburgh,low
166,36,male,North Kerri,low
167,76,male,North Christopher,high
168,69,female,Lake Diane,medium
169,65,male,South Samuel,low
170,33,female,Mitchellburgh,low
171,19,female,Port Ryan,low
172,38,male,New Shelbyborough,medium
173,77,male,West Carla,high
174,20,female,Jessicaside,medium
175,78,male,Summerston,high
176,23,female,Nicholasfurt,medium
177,57,male,Lake Douglas,low
178,71,male,Joelside,medium
179,31,male,West Bryan,high
180,61,male,Marshallville,low
181,46,male,Harrisport,low
182,56,male,Lake Ricardo,medium
183,40,female,South Bryan,low
184,68,female,West Erin,medium
185,79,male,East Tina,low
186,33,female,Joshuahaven,medium
187,61,female,Dustinbury,low
188,80,male,Paulside,medium
189,37,female,Parsonshaven,medium
190,19,female,Port Lisa,medium
191,59,female,Gillberg,high
192,70,male,Kimberlymouth,medium
193,38,male,Toddfort,medium
194,67,male,Ethanshire,medium
195,38,male,New Aliciamouth,high
196,42,male,Moorefort,high
197,80,male,New Kellyside,medium
198,65,female,New Amber,low
199,65,male,Karamouth,low
200,45,male,Caitlynbury,low
201,31,male,Jaredview,medium
202,41,female,West Nicole,high
203,73,male,North Manuel,medium
204,52,female,North Carlos,low
205,38,female,Montgomeryshire,low
206,21,male,Susanhaven,medium
207,79,male,Lake Haleychester,low
208,58,female,Lake Jonathanhaven,high
209,64,male,Lake Brandon,low
210,72,male,Crystalshire,low
211,73,male,New Theodore,high
212,44,female,East Brittany,low
213,57,male,South Jennifer,high
214,72,male,Jaimemouth,low
215,30,female,East Kevinland,high
216,63,male,Fosterstad,high
217,43,male,East Jacob,low
218,25,female,Andrewmouth,medium
219,48,male,Harriston,low
220,23,male,East Meganfort,high
221,23,female,Lake Joseph,low
222,60,male,West Susanfort,low
223,21,male,Gregoryborough,high
224,76,female,Martinmouth,high
225,48,female,Jenkinsside,medium
226,36,female,New Jefffort,medium
227,78,female,South Patricia,low
228,40,female,Port Dominiqueshire,high
229,34,female,Susanchester,medium
230,70,female,Davisborough,low
231,59,male,South Michelle,low
232,50,male,Barkerstad,low
233,65,male,North Sarahville,medium
234,41,female,North Toddhaven,low
235,29,female,Allenton,low
236,31,male,North Christopherland,low
237,38,male,Wallacefurt,high
238,22,male,Woodshire,high
239,41,female,Beckerville,low
240,46,male,Lake Jenny,medium
241,69,female,West Joelberg,high
242,78,male,Kylefort,low
243,58,female,West William,low
244,35,male,Lake Pam,high
245,48,female,Keithport,high
246,46,female,Lisaside,high
247,44,female,Lake Matthewside,medium
248,42,male,Diazfurt,low
249,44,female,Danielton,medium
250,21,female,Vickiebury,medium
251,24,male,Lesliemouth,low
252,79,female,West Rhondaton,low
253,48,male,Port Timothyberg,medium
254,66,male,South Joshua,low
255,39,male,Mcclainburgh,medium
256,21,female,New Isaacfurt,low
257,55,female,Donnabury,medium
258,42,female,North Karenside,low
259,59,female,Katherineport,low
260,54,male,East Wesley,medium
261,28,female,North Randyton,medium
262,33,female,Katherinefort,low
263,46,female,Robertberg,high
264,77,male,Benjaminton,medium
265,57,female,New Robert,low
266,73,female,Annahaven,medium
267,61,male,Bishopmouth,high
268,27,female,New Dustinshire,low
269,77,female,North Ashley,medium
270,42,male,Justinchester,low
271,54,female,West Patricia,medium
272,20,female,South Frank,medium
273,33,female,Robinsonmouth,high
274,71,female,New Elizabethmouth,high
275,80,female,Benjaminchester,medium
276,56,female,Jasonton,medium
277,26,female,Jonathanland,low
278,64,female,Port Wesleyberg,medium
279,29,male,Michaelhaven,low
280,74,male,Powersport,high
281,43,female,Gonzalezside,low
282,29,female,Serranomouth,low
283,18,male,Alexanderburgh,low
284,71,male,West Tony,medium
285,69,male,Wagnerborough,low
286,38,male,Cardenasmouth,low
287,79,male,Zacharystad,medium
288,45,male,Delacruzstad,medium
289,78,female,South Stephanie,low
290,38,female,North Brandonton,low
291,58,male,Martinezville,high
292,56,female,Port Chadstad,low
293,78,female,Kathleenview,high
294,51,female,Simsville,medium
295,48,male,Port Dennis,high
296,36,female,Rogerbury,medium
297,52,female,South Yolandaburgh,high
298,18,female,Copelandmouth,high
299,63,female,North Steven,high
300,73,female,Hamptonstad,low
301,28,male,Port Ryanland,medium
302,80,female,East Lisaville,low
303,67,male,North Davidhaven,low
304,31,male,Tinamouth,high
305,59,male,West John,medium
306,50,female,New Jasonberg,medium
307,45,female,Jonesfort,low
308,39,male,Jeffreyside,high
309,53,male,Nealtown,low
310,61,male,Lake Jeremyville,high
311,64,female,Carrollstad,medium
312,24,female,Deckerburgh,medium
313,26,female,West Brittneyside,high
314,23,female,Markstad,medium
315,49,female,Smithshire,low
316,72,male,West Katherine,high
317,80,male,North Kimberlyland,medium
318,39,male,Sophiaport,low
319,19,female,South Jennifer,high
320,51,male,Johnsonfort,medium
321,42,male,Russellberg,medium
322,61,female,Sarastad,medium
323,52,female,Robertside,medium
324,52,male,East Hannahhaven,high
325,46,male,Jamesborough,medium
326,77,female,Phillipsberg,medium
327,76,male,East Jenna,high
328,24,male,Cooperfurt,medium
329,62,male,North Andrew,medium
330,33,male,East Matthew,high
331,56,female,Jacobstown,high
332,30,female,East Trevorview,low
333,27,female,East Zacharystad,high
334,35,female,Larsontown,low
335,66,male,Jennifertown,low
336,19,male,Woodstad,low
337,50,male,Lake Samantha,low
338,61,female,Raymondmouth,medium
339,46,male,East Latoyamouth,low
340,60,female,Leahbury,high
341,18,male,North Paul,low
342,18,female,East Miranda,low
343,28,female,West Jeremy,high
344,68,female,Claudiastad,medium
345,41,female,Robinsonchester,medium
346,75,female,North Jamesberg,low
347,63,female,Williamsside,medium
348,34,male,Port Anthony,high
349,32,male,East Meganland,high
350,38,female,Port Matthewside,medium
351,45,female,Ayersside,medium
352,67,male,Thomasmouth,low
353,26,male,North Kristen,low
354,34,female,Taylorberg,high
355,69,female,West Lisamouth,high
356,67,female,Angelaland,medium
357,32,male,East Cindymouth,high
358,26,female,Samanthamouth,high
359,61,male,West Michael,low
360,79,male,New Victoria,low
361,45,male,New Kyle,medium
362,60,male,Melissaburgh,medium
363,40,male,Melissaport,high
364,45,male,Davisbury,low
365,41,male,Martinezberg,medium
366,58,female,Michaelmouth,medium
367,69,female,Grantberg,low
368,67,male,Nguyenbury,low
369,24,female,New Crystalfurt,medium
370,59,female,Aliciatown,low
371,39,male,Kimtown,medium
372,38,male,North Pamela,medium
373,25,male,Lake Steve,high
374,60,male,New Jonathanside,high
375,80,female,New Mistyport,medium
376,69,male,Samuelburgh,high
377,28,female,Doylefort,low
378,44,female,East Tracymouth,medium
379,73,male,Port Joel,high
380,41,male,Lake Jamie,medium
381,68,female,New Robert,low
382,45,male,Bennettmouth,low
383,21,male,Lake Laurie,high
384,37,male,East Ryanstad,medium
385,21,female,East Sarah,high
386,52,female,North Katherine,medium
387,68,male,New Kristaton,medium
388,22,female,Robertofurt,low
389,47,male,Johnsonhaven,medium
390,21,female,Adamview,high
391,47,male,South Colleenton,low
392,39,male,East Amandaberg,low
393,23,male,East Karen,high
394,21,female,South Maryville,medium
395,57,female,West Daniel,low
396,50,male,East Gregoryfurt,high
397,77,female,Theresatown,high
398,69,female,Wardmouth,low
399,66,female,New Antonio,medium
400,22,female,New Michelleport,medium
401,37,male,South Lori,low
402,31,male,New Anthony,low
403,47,female,New Michael,low
404,74,male,North Robert,medium
405,57,female,New Jonathanton,low
406,65,male,Lake Nicole,low
407,52,female,East Robert,high
408,56,female,Lake Christina,medium
409,49,female,Brownport,medium
410,77,male,West Roberthaven,high
411,21,male,New Robin,medium
412,76,male,North Rodney,low
413,70,female,North Heather,low
414,32,female,Port Sean,high
415,69,female,West Tammy,high
416,70,male,East Virginia,low
417,21,male,West Jessica,high
418,50,female,North Oscar,medium
419,77,male,Melissamouth,medium
420,45,female,Freemanborough,medium
421,70,female,Jaimeview,low
422,55,female,South Marvinville,low
423,45,female,New David,low
424,67,female,West Tarabury,high
425,67,male,Jasonfurt,medium
426,46,male,Lake Sarah,medium
427,25,female,Port Derekmouth,low
428,49,female,East Michael,medium
429,39,female,North Amberview,low
430,46,male,Lake Courtneyshire,medium
431,55,male,Melanieborough,high
432,80,male,South Melissaton,low
433,72,male,New Peter,low
434,36,female,New Catherinechester,high
435,62,female,North David,low
436,75,female,Blackwellborough,high
437,33,female,Lake Melissachester,low
438,57,male,South Catherine,low
439,65,female,Grayville,high
440,74,female,East Rebecca,medium
441,66,male,Estradachester,high
442,29,male,Gutierrezville,low
443,36,female,New Richardview,high
444,45,female,East Victor,low
445,77,male,East Justin,high
446,53,female,New Heather,medium
447,55,male,East James,low
448,37,male,Port Johnchester,low
449,54,female,West Jillian,low
450,23,female,East Maria,high
451,63,female,New Adamtown,low
452,29,female,Toddville,high
453,37,female,Port Jessica,low
454,56,male,Port Robertmouth,high
455,48,male,West Dana,low
456,78,female,Mullenburgh,low
457,38,female,Farleyborough,low
458,35,male,South Gregory,medium
459,62,male,East Darleneshire,high
460,52,male,Lake Patriciaport,medium
461,38,female,Lake Stevenmouth,medium
462,69,male,New Kaylaborough,low
463,62,female,Pruittfort,high
464,25,male,Edwardville,low
465,69,female,New Sheliachester,low
466,77,male,Harrisonton,medium
467,28,male,North Rachelborough,low
468,80,male,Coleburgh,low
469,48,male,East Beth,low
470,37,female,Batesfort,low
471,68,female,Brianchester,low
472,68,male,Johnmouth,high
473,53,male,Jenniferberg,high
474,33,female,South Jeffreyton,high
475,42,male,South Barbarahaven,high
476,27,male,West Ryan,high
477,53,male,West Jimmyborough,medium
478,20,male,New Kellychester,high
479,40,male,Amyhaven,high
480,25,male,Melissaport,high
481,58,male,Williambury,high
482,76,female,Christinamouth,low
483,39,female,North Jeffrey,medium
484,21,female,Jefferyland,low
485,72,female,Reyesside,high
486,55,male,Michaelside,high
487,32,female,New Tara,high
488,37,male,Tanyaport,high
489,62,male,Jenkinsville,medium
490,45,female,West Charles,medium
491,65,male,Monicamouth,medium
492,66,female,Martinezton,medium
493,68,male,New Johnburgh,medium
494,21,female,South Danielleberg,low
495,25,female,West Joe,low
496,21,female,Lowetown,high
497,38,male,Dennisfort,low
498,18,male,Ginaburgh,medium
499,30,male,East Kristamouth,medium
500,66,male,East Christinamouth,high
501,64,male,West Charles,low
502,46,male,Erichaven,medium
503,64,male,Williamsonfurt,medium
504,43,male,Johnathanmouth,low
505,68,male,South Barbarafurt,high
506,76,female,South Gerald,high
507,80,male,Williamtown,medium
508,31,female,West Josephberg,high
509,39,female,South Ryan,medium
510,34,male,North Shelly,high
511,18,female,Port Kathleen,low
512,37,female,Deborahfort,low
513,36,female,Lake Anthonyview,high
514,71,female,Joshuaville,medium
515,77,female,Jenniferland,low
516,25,female,Travisburgh,high
517,23,female,Huntview,low
518,34,female,Davishaven,low
519,32,male,Port Corychester,high
520,58,female,South Emilyberg,high
521,24,female,Port Dominicchester,high
522,43,female,Michaelhaven,high
523,49,female,Michelleport,medium
524,45,female,Lake David,low
525,35,male,East Kevin,medium
526,70,male,Cathyton,medium
527,28,female,South Cherylhaven,medium
528,46,male,Jacksonshire,high
529,49,male,Port Robertland,high
530,26,male,South Jessica,low
531,46,male,Davidhaven,high
532,61,female,Emilymouth,high
533,47,male,Pattersonton,low
534,52,male,Thompsonberg,high
535,51,male,South Nicholas,high
536,36,male,Kaylamouth,high
537,77,male,Hollyville,low
538,24,male,Powersland,low
539,22,male,North Stacy,medium
540,80,female,West Kimberlyhaven,low
541,43,female,Lake Anthony,medium
542,24,male,West Allisonfurt,medium
543,59,female,West Steven,low
544,18,male,South Rachelville,high
545,71,female,Davisside,low
546,67,female,Shannontown,high
547,70,female,Donaldburgh,high
548,68,male,South Joel,medium
549,47,female,Monicaburgh,low
550,18,female,Dustinland,high
551,27,female,Port Matthew,medium
552,72,male,East Troy,medium
553,19,male,Morrisville,low
554,80,male,Armstrongport,low
555,21,female,Rhondabury,medium
556,49,male,Christinaburgh,medium
557,19,female,Port Jennifer,medium
558,53,female,New James,high
559,22,female,New Katrinaport,low
560,44,female,Port Paula,low
561,59,male,West Isabellamouth,low
562,32,male,New Garyside,high
563,58,female,Hollybury,medium
564,47,female,Elizabethfort,medium
565,52,female,Hensleychester,low
566,75,female,West Teresaberg,medium
567,61,male,Baileyton,high
568,75,male,New Bradley,high
569,78,female,Claytonberg,low
570,26,female,Johnsonhaven,high
571,76,male,South Zachary,low
572,80,female,Adamfurt,high
573,39,female,New Ericburgh,high
574,40,male,Williamsland,low
575,27,male,Christineton,low
576,31,female,South Michelemouth,high
577,38,female,South Cindy,low
578,32,male,North Derekmouth,medium
579,53,female,New Donald,low
580,55,male,New Christine,medium
581,49,male,Barnesfurt,medium
582,60,male,Greenstad,high
583,61,female,Gardnerberg,high
584,50,female,Hectorview,high
585,44,male,North Allison,medium
586,25,male,Dennisfurt,high
587,52,female,Port Mollyfurt,low
588,26,female,North Jeremyfurt,medium
589,52,female,Carrieside,low
590,63,male,Port Amanda,low
591,43,male,South Victoriafurt,medium
592,18,female,New Jacquelinehaven,high
593,57,female,Grantport,low
594,28,male,East Scottfurt,low
595,43,male,North Brian,low
596,39,male,New Tammyberg,low
597,50,male,West Patricia,low
598,74,female,Burgessmouth,low
599,48,female,Lake Paulstad,high
600,39,male,Austinhaven,low
601,58,male,Wolfestad,medium
602,72,male,North Jasmine,medium
603,69,female,Bradyside,low
604,57,female,Gordontown,high
605,64,female,Hernandezton,medium
606,31,female,Monicaland,low
607,61,female,New Jack,high
608,18,male,Wattsbury,medium
609,65,male,Mccannfurt,low
610,62,male,East Ryanfurt,medium
611,64,male,Port Lisahaven,medium
612,78,female,Jonesborough,high
613,30,female,West Jose,medium
614,75,male,Lake Benjamin,medium
615,22,male,West Darren,medium
616,29,female,Holdershire,medium
617,37,male,Brittanyburgh,low
618,43,male,East Susan,high
619,47,female,Castilloberg,high
620,47,male,New Rebeccamouth,high
621,30,male,Carlborough,medium
622,64,female,East Jasonhaven,low
623,58,male,Stricklandborough,medium
624,59,male,Garzaville,high
625,36,male,Murphyshire,medium
626,60,male,Elainebury,medium
627,58,female,Peterville,low
628,43,male,Victoriahaven,high
629,69,female,Yorkport,high
630,68,male,West Jaclyn,low
631,19,female,Darinside,low
632,34,female,Mariahfurt,low
633,58,female,New Timothychester,low
634,45,male,Lake Darius,medium
635,67,female,Ortizside,medium
636,30,male,Alyssaview,high
637,51,male,New Ashley,medium
638,53,male,West Nichole,medium
639,26,female,Tammyfort,high
640,71,male,Port Paul,high
641,36,female,Arroyostad,medium
642,44,male,Rhondamouth,low
643,42,female,Kirbychester,medium
644,63,female,South Josephfurt,medium
645,26,male,Shannonport,medium
646,71,male,West Tara,low
647,61,female,Jamesborough,high
648,18,male,Stevenhaven,medium
649,69,male,New Jessicashire,low
650,78,female,Karenchester,low
651,63,female,East Amandahaven,medium
652,38,male,Gilmoreville,high
653,35,female,Thomasside,high
654,32,male,Sierraland,high
655,50,male,Boydfort,medium
656,70,male,Gonzalesborough,low
657,38,female,Cindymouth,high
658,74,female,Brandytown,high
659,58,male,Port Jennifer,high
660,62,male,Lake Nicole,low
661,42,female,Thomasborough,high
662,57,female,South Jenniferhaven,high
663,61,female,Jesseport,high
664,39,male,Lake Kristastad,low
665,27,male,Mcconnellport,high
666,67,male,New Michelleshire,low
667,78,male,Ruthport,high
668,25,male,South Rachel,medium
669,71,female,Christopherstad,low
670,30,female,Brooksshire,low
671,62,male,Courtneyport,high
672,73,male,West Roberttown,medium
673,67,female,Lake Chelsea,high
674,51,female,East Mark,low
675,69,female,Lake Olivia,medium
676,68,male,North Caitlin,low
677,75,female,New Thomas,low
678,62,female,Lake Kristina,medium
679,18,male,Andersonland,medium
680,48,female,Port Thomas,medium
681,73,female,South Richardborough,medium
682,71,female,East Tylerton,low
683,25,male,New Jeanmouth,medium
684,40,female,East Robert,low
685,75,female,Murphyfort,low
686,61,female,Matthewtown,low
687,34,male,Butlermouth,high
688,62,male,Bakerview,medium
689,70,male,Sarahton,high
690,59,female,East Nicholas,low
691,27,male,Carrollmouth,low
692,54,male,New Teresa,high
693,77,female,Lewisfurt,low
694,23,male,Jacksonport,high
695,57,male,Lauriebury,high
696,77,female,Watsonville,high
697,20,female,Larryland,low
698,62,female,Billychester,low
699,25,male,Brianhaven,low
700,56,female,Lake Angelafort,medium
701,40,female,Diazborough,medium
702,36,male,Elizabethbury,low
703,47,male,Randallchester,high
704,76,male,South Dakotaville,low
705,41,female,Tracyport,medium
706,60,male,North Kelsey,low
707,34,male,North Jonathan,low
708,66,female,West Kimberly,low
709,55,female,Jacquelinemouth,high
710,28,female,Matthewsport,low
711,41,female,Jacksonstad,low
712,41,female,Mariahton,low
713,40,male,New Antonioville,high
714,63,female,North Heatherbury,low
715,49,male,North Christopher,low
716,54,female,New James,low
717,21,male,East Brad,high
718,68,male,East Alexandertown,low
719,34,male,East Christopherland,high
720,25,female,Hollyland,low
721,55,female,Strongberg,low
722,79,female,South Mikayla,low
723,62,female,Williamshaven,low
724,28,female,Jeffreyfort,medium
725,27,female,Carlsonton,low
726,49,female,Denniston,high
727,68,male,Deleonchester,low
728,54,female,Roblesside,medium
729,49,female,Raymondland,medium
730,48,female,South David,medium
731,55,female,Warnermouth,low
732,58,male,Lunamouth,low
733,77,female,East Karen,high
734,25,male,Turnermouth,low
735,75,male,Paulbury,high
736,36,female,South Christopherville,medium
737,76,female,South Sarah,low
738,37,male,Morganport,high
739,31,female,Juliaview,high
740,73,male,Joneston,low
741,77,male,Dawnhaven,medium
742,26,female,Port Kristen,high
743,78,female,South Brittneytown,high
744,28,male,Joshuaside,high
745,71,male,West Reginald,medium
746,19,male,Matthewport,medium
747,21,female,North Jamesview,high
748,39,female,Joshuaside,medium
749,65,male,West Glennport,high
750,58,male,Cassandrastad,medium
751,46,female,Davidfurt,low
752,26,male,South Steven,low
753,74,female,Port Daniel,low
754,70,male,Walshtown,high
755,52,female,Robertsville,medium
756,47,male,East Sethchester,medium
757,48,female,Joseside,medium
758,71,female,East Allen,medium
759,55,female,South Teresa,medium
760,20,female,Mooreburgh,low
761,30,male,North Charlesberg,medium
762,77,female,Annashire,medium
763,50,female,North Jasonchester,medium
764,65,male,North Meganside,medium
765,33,male,West Samanthachester,high
766,29,female,Montoyashire,high
767,51,male,Spencerside,medium
768,42,male,Littletown,low
769,49,male,South Kelly,medium
770,70,female,Jessicamouth,low
771,70,male,Stuartmouth,high
772,49,male,Michaelstad,medium
773,25,female,North Juanmouth,medium
774,50,male,Lake Williammouth,high
775,32,female,Littlemouth,high
776,77,female,Joanntown,high
777,38,male,Ashleyview,medium
778,22,male,Bowenshire,medium
779,18,female,New Lauren,high
780,29,female,East Josephburgh,medium
781,28,male,Edwardsview,high
782,29,female,Harthaven,medium
783,23,female,West Crystal,high
784,31,female,Madelineborough,low
785,79,female,New Sonya,high
786,60,female,Josephstad,low
787,52,male,East Johnside,low
788,77,male,West Sabrina,low
789,76,male,Richardsborough,medium
790,27,male,Port Marc,medium
791,52,male,Phillipville,high
792,20,male,Miguelhaven,medium
793,43,female,North Rachelton,medium
794,50,male,New Samantha,medium
795,76,female,Lake Jenniferport,high
796,63,male,Port Erictown,low
797,21,male,North Donna,high
798,69,female,Maryport,low
799,56,female,Jerryton,medium
800,69,female,Elliottport,medium
801,21,female,Jeromeberg,low
802,79,male,East Travis,medium
803,69,male,Smithville,medium
804,69,female,North Robert,medium
805,69,female,West Patricialand,low
806,39,female,New Lindsey,medium
807,47,male,Jameshaven,low
808,27,female,North Logan,high
809,60,female,North Jonmouth,medium
810,32,female,Williamshaven,low
811,40,female,West Mercedesborough,low
812,21,male,East Jennifer,high
813,30,female,Ambermouth,high
814,32,female,Johnville,high
815,30,female,Port Zacharyborough,low
816,57,male,Port Patrick,low
817,26,male,Lake Darryl,low
818,63,female,Colinton,medium
819,29,male,New Vincentview,high
820,56,male,Alexandraside,high
821,78,male,Smithview,high
822,22,male,Gabriellaport,high
823,29,male,Shahstad,high
824,25,female,New Aaron,high
825,77,male,Port Victoriaport,high
826,78,male,Port Deanport,low
827,51,female,Port Jessicatown,high
828,19,female,Levineberg,medium
829,42,female,Williamfort,medium
830,19,male,North Brenthaven,high
831,36,female,Johnton,high
832,73,male,Johnsonville,medium
833,46,male,East Ericbury,medium
834,43,female,Sanchezbury,high
835,76,male,East Stephanieville,low
836,53,male,Rebeccaton,low
837,31,female,South Adam,high
838,25,female,Clarktown,medium
839,64,male,Jefferychester,low
840,31,male,New Yolandatown,medium
841,31,female,Brewerland,medium
842,56,male,Mirandaland,low
843,23,female,New Lindsayfurt,medium
844,44,male,North Garrettstad,low
845,67,female,South Michaelfurt,low
846,67,male,Ericaburgh,medium
847,58,female,Millerland,low
848,63,female,West Leslie,low
849,29,male,Lake Taylor,medium
850,61,female,North Catherinefort,high
851,70,male,South Jamesmouth,low
852,18,female,Allenberg,medium
853,65,male,Cameronport,medium
854,34,male,Port Davidtown,low
855,75,female,South Aliciaport,medium
856,33,male,West Meganchester,medium
857,35,female,Port Dustin,high
858,68,female,Tylerhaven,low
859,57,male,Port Brittany,low
860,51,male,Port James,low
861,47,female,Port Brandi,medium
862,72,female,East Joseph,medium
863,23,male,Fryehaven,low
864,79,female,Cindybury,low
865,51,female,Markberg,medium
866,74,female,Snyderburgh,high
867,24,female,Ramirezborough,high
868,70,male,East Melissahaven,high
869,38,male,Jodishire,low
870,67,male,Michaeltown,high
871,74,male,Lopezside,low
872,47,female,North Yolanda,high
873,59,male,Leonardberg,low
874,18,male,New Thomasville,low
875,72,female,South Jared,low
876,73,female,Port Michael,high
877,64,male,Brianmouth,high
878,46,male,Lake Richard,low
879,25,female,Quinnview,medium
880,31,male,North Patrickmouth,high
881,34,female,Blackside,high
882,69,male,Lindachester,medium
883,80,male,North Lauren,high
884,26,female,Port James,low
885,75,female,Lake Jon,high
886,32,male,Johnburgh,low
887,50,female,Smithfurt,medium
888,47,male,North Richard,high
889,54,female,Walshbury,high
890,55,male,East Alison,medium
891,48,male,New Michael,medium
892,23,male,New Danielborough,medium
893,27,female,Mitchellton,high
894,66,male,West Karastad,high
895,25,male,Randallmouth,medium
896,26,female,Port Samantha,low
897,63,male,North Tiffany,low
898,54,female,South Madisonburgh,medium
899,51,male,West Philiptown,low
900,55,female,South Alexandra,high
901,32,female,Hendersonborough,low
902,38,male,West Justin,low
903,44,male,Bowmanside,low
904,58,male,Owensmouth,low
905,46,male,Rodneychester,medium
906,27,female,Elizabethborough,low
907,62,female,Josephborough,low
908,80,female,Lake Monica,high
909,31,male,Jilltown,medium
910,30,male,New Jenniferview,high
911,48,female,Lake Michael,medium
912,74,male,West Jasonton,high
913,40,male,East Jasonside,high
914,19,male,Lake Juliafort,high
915,25,female,West Lindaview,low
916,51,male,Megantown,high
917,52,female,Rachaelview,high
918,80,male,Diazburgh,low
919,61,male,Lake Matthew,high
920,34,male,South Sarahchester,low
921,44,male,Smithbury,high
922,74,male,East Coreyhaven,high
923,44,male,Cobbburgh,medium
924,54,female,New Michellechester,low
925,69,female,Lake Kevinfurt,high
926,46,male,Port Joshuaton,medium
927,69,male,Meganbury,high
928,21,male,Kelleyview,low
929,57,female,New Joshuafort,low
930,39,male,Caitlinport,medium
931,52,female,Kellyville,low
932,51,female,Andreaburgh,low
933,34,male,New Yvette,medium
934,21,female,Normanhaven,low
935,61,female,Markborough,low
936,25,male,Markfurt,medium
937,65,female,Port Elizabeth,medium
938,67,male,Port Derek,high
939,60,male,Brownport,low
940,57,female,South Gina,high
941,19,male,South Courtney,low
942,37,female,Edwardsville,low
943,25,female,Jenniferville,medium
944,56,male,Oliverland,high
945,53,female,Valdezview,high
946,80,male,Samanthaville,medium
947,78,male,Wuview,medium
948,19,male,Melissatown,medium
949,40,female,Port Austinland,low
950,26,female,Waynehaven,medium
951,71,male,Grayland,low
952,77,male,Stevensbury,low
953,44,male,East Brendamouth,low
954,65,male,New Christina,low
955,30,male,South Tara,high
956,70,male,Port Ashley,medium
957,22,male,North Nathaniel,low
958,43,female,North Taylortown,high
959,28,female,East Karen,low
960,36,female,Walkerland,high
961,78,male,New Elizabethbury,high
962,80,male,West Andrew,medium
963,58,female,South Jonathanton,medium
964,21,male,Kingport,low
965,63,male,West Traviston,medium
966,35,male,Walkerhaven,medium
967,25,female,Maldonadostad,high
968,68,male,Torresberg,low
969,65,male,Smithburgh,high
970,38,male,Pamelaborough,low
971,52,male,New Henry,medium
972,39,male,North Janet,medium
973,40,male,West Joshuaton,high
974,29,female,Blanchardfort,low
975,55,female,Rodriguezview,medium
976,61,female,Lindsayville,low
977,74,male,East Christine,high
978,39,female,Fordton,high
979,26,female,Susanfurt,low
980,46,male,New Alexandraside,medium
981,18,female,West Joshuaburgh,low
982,21,female,Gabrielleport,high
983,19,female,Jamesstad,high
984,52,female,Rachaelton,high
985,70,male,Murphyton,low
986,62,female,West Lee,high
987,49,male,Jonesfort,low
988,46,male,Brownshire,low
989,66,male,Taylorfort,low
990,79,male,East Belinda,high
991,39,male,Cassandraport,high
992,47,male,South Kevin,low
993,22,female,Jamestown,high
994,37,male,Janetfurt,medium
995,22,male,North Susanmouth,medium
996,21,male,Levyport,low
997,65,male,Lake Oscar,high
998,78,male,Kristamouth,high
999,29,female,Briannaport,high
1000,37,male,East Leslie,high
1001,57,female,Port Morgan,high
1002,47,male,East Darinfort,high
1003,35,male,Port Elizabethborough,low
1004,69,male,New Angela,medium
1005,26,male,Bendermouth,medium
1006,48,female,Thompsonmouth,medium
1007,54,male,Hernandezfort,low
1008,80,male,Kyleside,low
1009,42,female,Lake Thomasbury,medium
1010,78,female,Christopherbury,high
1011,75,male,South Victoriaberg,medium
1012,24,male,Port Cassandra,low
1013,23,male,South Javiermouth,low
1014,55,female,Lucerochester,medium
1015,53,male,West Yolandaville,low
1016,76,male,Port Jackside,high
1017,47,female,Shieldshaven,medium
1018,39,male,Odonnellport,medium
1019,66,male,Lorifurt,medium
1020,51,male,South Kevin,medium
1021,68,male,New Oliviabury,high
1022,49,female,Sarahhaven,medium
1023,18,male,Michaelborough,low
1024,76,male,New Richardberg,medium
1025,24,male,Latoyastad,high
1026,69,male,East Jacobstad,low
1027,72,male,Kristinaburgh,high
1028,54,female,Amyville,high
1029,50,female,Christopherhaven,medium
1030,22,male,Lake Michael,medium
1031,28,male,South Paula,low
1032,35,female,Stevenberg,high
1033,26,female,East Holly,medium
1034,28,female,Tabithaton,high
1035,25,female,East Mary,low
1036,47,male,Port Omarstad,medium
1037,69,male,Port Adam,medium
1038,28,male,Lake Rachel,low
1039,58,male,Port Veronicamouth,low
1040,40,female,Thomasview,high
1041,71,female,Fergusonside,medium
1042,33,female,Tammyburgh,high
1043,21,female,Lake Michael,medium
1044,69,female,Patelview,high
1045,38,male,Christopherport,medium
1046,79,female,North Jenniferside,low
1047,76,female,South Scott,low
1048,37,female,West Ryanborough,high
1049,78,male,East Kimberly,high
1050,80,female,Hansenville,medium
1051,26,female,Port Williamport,low
1052,75,male,Dannyhaven,medium
1053,63,male,New Donaldmouth,medium
1054,65,male,Port Hectorport,high
1055,45,female,Simmonsberg,high
1056,25,male,East Jacobberg,medium
1057,28,female,Wagnerfurt,medium
1058,60,male,North Deborahmouth,medium
1059,37,male,New Ginamouth,low
1060,35,male,North April,medium
1061,38,male,South Kristina,medium
1062,46,female,North Brian,low
1063,61,female,New Kaitlyn,medium
1064,38,male,South Christinachester,medium
1065,46,female,West William,medium
1066,80,female,Chapmanton,low
1067,19,female,Port Dennisport,medium
1068,41,female,Lake Sheryl,medium
1069,22,female,Craigfort,high
1070,60,male,East Lauren,low
1071,50,female,Lake Jose,low
1072,49,male,West Rhonda,medium
1073,54,male,Port Robert,medium
1074,18,male,Chavezland,low
1075,40,male,Simmonsmouth,medium
1076,29,female,Carterland,low
1077,21,male,Kingchester,medium
1078,73,male,West Kevin,high
1079,70,female,Port Dwaynestad,medium
1080,36,male,South Christinamouth,low
1081,67,female,Alexandriabury,medium
1082,49,female,Kochland,medium
1083,21,male,Lake Roger,medium
1084,48,female,Port Barbaraburgh,high
1085,38,female,East Kevin,low
1086,47,female,Bennettport,high
1087,21,female,Karenbury,low
1088,50,male,New Lauraside,low
1089,61,female,East Kathleen,high
1090,73,male,North Robert,medium
1091,22,male,Richardsonhaven,high
1092,35,male,Bettyfurt,high
1093,43,female,Gonzalezland,medium
1094,64,female,New Caroltown,high
1095,43,male,Powellfurt,low
1096,41,male,Port Douglasside,low
1097,37,male,Port Gary,high
1098,39,male,Rosarioville,high
1099,48,male,South Christophertown,high
1100,26,female,West Michael,low
1101,24,male,Port Colinhaven,medium
1102,25,male,Vasquezchester,medium
1103,61,male,East Karaland,high
1104,73,male,Brianberg,low
1105,54,female,South Amandaberg,low
1106,66,male,East Trevortown,high
1107,67,male,Crystalview,low
1108,57,male,West Shaneland,medium
1109,28,male,Port Jason,low
1110,72,male,Wilkinstown,high
1111,67,female,New Nicholas,low
1112,19,female,Ashleyborough,low
1113,75,male,Lake Tammyside,low
1114,68,male,East Angelview,low
1115,53,female,North Jodi,low
1116,41,male,East Randy,low
1117,60,female,Phillipsside,high
1118,57,male,Port Jasonberg,high
1119,45,male,Port Robertshire,low
1120,58,male,Millershire,medium
1121,55,female,Staffordport,medium
1122,52,male,Rileyfurt,medium
1123,66,female,Lake Loganfurt,low
1124,74,male,Walshside,high
1125,36,male,South Tiffany,high
1126,76,male,Josephmouth,medium
1127,49,female,Ashleyshire,high
1128,38,male,North Sherryport,medium
1129,18,female,South Martin,medium
1130,71,female,North Emily,medium
1131,60,male,Robertburgh,high
1132,34,male,North Gary,medium
1133,25,male,Ryanmouth,low
1134,78,female,West Thomastown,medium
1135,69,female,New Tabithaborough,medium
1136,34,male,South Brian,low
1137,74,male,Port Kendrachester,high
1138,56,female,West Derrick,medium
1139,59,male,Port Nathaniel,low
1140,79,female,South Alicia,medium
1141,73,female,Hatfieldport,high
1142,37,female,Port Courtneystad,low
1143,52,female,Colefurt,medium
1144,18,female,Port Kimberlyfurt,low
1145,21,female,East Gerald,high
1146,45,male,South Nataliemouth,medium
1147,71,male,Christopherfort,low
1148,71,female,East Veronicachester,high
1149,29,male,North Janicestad,medium
1150,70,male,West Robertchester,medium
1151,80,female,Benjaminshire,high
1152,76,female,Edwardview,high
1153,46,female,Mirandaland,low
1154,41,female,New Tiffanyside,high
1155,23,female,Lake Andrewborough,low
1156,52,male,West Derek,high
1157,55,male,Guzmanbury,high
1158,70,male,North Virginiaside,low
1159,72,male,South Alexis,low
1160,75,female,Lake Shawnburgh,high
1161,18,male,Guerreroside,high
1162,29,female,South Julianburgh,low
1163,19,male,Samanthaton,high
1164,43,female,Meganbury,low
1165,69,female,South Phillip,high
1166,60,male,Stevenstad,high
1167,74,female,East Lauriefurt,medium
1168,72,female,Foxville,high
1169,44,female,East Amandafurt,medium
1170,24,male,North Breannamouth,medium
1171,26,female,Jasonton,high
1172,77,female,Jacksonbury,high
1173,47,female,Michaelside,high
1174,42,male,Hernandezton,low
1175,26,male,South Danielberg,medium
1176,80,female,Port Scott,high
1177,68,female,Davidland,medium
1178,45,male,Daltonport,high
1179,78,female,Vincentmouth,high
1180,56,male,North Josephtown,low
1181,50,female,North Brianchester,low
1182,51,female,South Luisbury,low
1183,27,male,North Samuel,low
1184,21,male,Lake Kristichester,medium
1185,30,male,Robertstown,high
1186,41,female,North Donaldtown,low
1187,44,male,Pamelafurt,low
1188,43,male,Roberttown,medium
1189,38,female,Ashleymouth,low
1190,39,female,Fishershire,low
1191,60,female,Robertbury,low
1192,39,male,Mitchellside,low
1193,68,male,New Meganfort,high
1194,75,male,South Tara,low
1195,71,male,South Juliefort,low
1196,42,female,South Danielbury,medium
1197,26,female,Lauriebury,low
1198,62,female,South Jeffrey,low
1199,36,female,Marciafurt,low
1200,43,female,West Anna,medium
1201,42,male,Lake Shannon,low
1202,74,male,Martinezview,low
1203,62,male,Brewerchester,medium
1204,57,female,South Amanda,high
1205,46,male,New Raymond,medium
1206,45,female,Valencialand,low
1207,30,male,Garciaberg,high
1208,52,female,East Charles,high
1209,69,male,Gordonborough,low
1210,71,male,Garymouth,medium
1211,51,female,Port Sydneyton,medium
1212,41,male,South Danielleville,medium
1213,63,male,Robinsonburgh,high
1214,41,male,North Ryan,high
1215,78,male,South Samuelstad,high
1216,74,male,Jennaton,medium
1217,27,female,East Ashleystad,low
1218,37,female,Paultown,medium
1219,39,male,Michaelborough,high
1220,76,male,Shelbyberg,low
1221,39,female,Richardhaven,medium
1222,65,male,Lake Christophertown,low
1223,58,female,Adrianburgh,medium
1224,60,female,Port Scott,high
1225,27,female,New Phillipchester,medium
1226,42,female,New Melissa,medium
1227,37,male,North Laura,medium
1228,37,male,North Patrick,high
1229,66,female,Perezview,low
1230,74,male,South Pamela,low
1231,66,male,Port John,medium
1232,60,male,Saundersview,medium
1233,35,female,New Patrickshire,low
1234,52,female,Jeremymouth,medium
1235,55,female,South Cassieburgh,medium
1236,59,male,West Maryborough,medium
1237,69,male,East Karenside,medium
1238,59,male,Mikeville,high
1239,76,female,Lake Ashley,high
1240,40,male,West Cassandra,high
1241,22,male,Maureenmouth,low
1242,27,female,New Jenniferport,medium
1243,59,female,South Jamesview,low
1244,25,male,Port Malikchester,high
1245,71,male,Kathleenmouth,low
1246,34,male,Chadton,medium
1247,59,male,New Cindy,high
1248,70,male,Brownmouth,high
1249,42,female,West Alexandriaton,medium
1250,38,female,Solomonville,low
1251,78,male,South Rickeyview,low
1252,70,male,Port Kevinfurt,medium
1253,22,male,Jacobstad,low
1254,74,male,Edwardsmouth,medium
1255,51,female,Dominiquemouth,high
1256,71,female,Larrychester,medium
1257,73,female,Thompsonland,high
1258,30,male,Port Samanthaport,medium
1259,70,male,North Michelle,medium
1260,18,male,New Lisa,high
1261,30,female,West Marvinton,medium
1262,31,male,Jocelynmouth,low
1263,48,male,Annatown,low
1264,24,male,Jessicachester,low
1265,27,male,Maryview,medium
1266,40,male,West Christy,low
1267,78,female,South Kellyland,medium
1268,44,male,Christophertown,high
1269,66,female,East Kaylamouth,medium
1270,23,male,Webbberg,high
1271,36,female,Buchananside,medium
1272,74,male,Jessicafort,high
1273,47,female,West Williamland,low
1274,77,female,East Stacieshire,high
1275,63,male,Lake James,low
1276,22,male,North Jose,low
1277,21,male,Robertsonstad,low
1278,21,female,Wallburgh,low
1279,68,male,New Stephaniefurt,medium
1280,28,female,Ashleystad,low
1281,59,male,East Jacobside,low
1282,58,female,East Tiffany,medium
1283,63,male,Curtistown,low
1284,50,female,South April,high
1285,37,male,Velezberg,high
1286,49,male,East Garyfort,medium
1287,46,female,Port Cameronmouth,high
1288,54,male,Whitneyfurt,medium
1289,69,male,Lake Dennis,low
1290,43,female,Jenningsview,medium
1291,75,female,Mossburgh,medium
1292,22,female,North Jessicachester,low
1293,23,male,Gardnerchester,high
1294,35,female,East Beckymouth,medium
1295,65,male,Davidchester,high
1296,33,male,Lake Amy,high
1297,20,male,Port Scottstad,high
1298,21,female,Lake Robinton,low
1299,45,female,Port William,medium
1300,75,female,Port Carlos,high
1301,60,male,Lisafort,high
1302,62,male,Lake James,medium
1303,56,female,South Kenneth,high
1304,71,female,Seanchester,low
1305,48,male,Lake Scott,low
1306,22,male,Harveyside,medium
1307,67,male,West Amber,high
1308,28,male,Lake Danielburgh,high
1309,65,female,Robertsonville,medium
1310,18,female,East Kimberlymouth,high
1311,55,male,Hayesville,medium
1312,39,female,Hortonhaven,low
1313,62,male,North Katrina,high
1314,25,male,South Christina,medium
1315,43,male,Millerchester,medium
1316,33,male,Port Michael,medium
1317,77,male,New Tonyview,low
1318,80,male,West Joshua,high
1319,62,female,Brockville,high
1320,67,female,New Michael,low
1321,70,male,Grahammouth,high
1322,46,female,Katieton,high
1323,30,male,Williamfurt,high
1324,47,female,Jenkinstown,medium
1325,57,female,West Meredith,medium
1326,42,male,Lake Elizabethborough,high
1327,21,male,East Jenniferfurt,low
1328,20,male,West Natashashire,low
1329,63,male,Annafurt,high
1330,56,female,Wallacestad,high
1331,37,female,Zacharyhaven,low
1332,22,female,New Michelle,medium
1333,35,male,South Christopherburgh,low
1334,57,male,North Ryan,medium
1335,19,male,Jillianport,medium
1336,55,female,Richardview,medium
1337,30,female,Gordonburgh,low
1338,53,female,Mannland,high
1339,77,male,New Judy,low
1340,66,male,West Malikchester,low
1341,69,male,West Tylerside,low
1342,61,female,North Debraville,high
1343,39,female,Port Gavin,low
1344,41,female,Pottsfort,medium
1345,33,female,New Jeffrey,high
1346,25,male,South Stephen,low
1347,39,female,Lake Robin,medium
1348,58,male,Adamview,medium
1349,33,male,Lake Rhondafurt,medium
1350,33,male,Port Sethstad,high
1351,27,male,Garciafurt,medium
1352,77,female,North Mark,medium
1353,79,male,Port Loriside,high
1354,73,male,Howellberg,low
1355,49,female,North Jasonmouth,high
1356,38,male,West Theresa,high
1357,61,female,New Brittany,low
1358,52,male,Jenniferville,low
1359,52,male,Braunstad,high
1360,66,female,East Meaganborough,medium
1361,79,female,West Kristinchester,high
1362,46,female,Millerfurt,low
1363,71,male,South Lisa,low
1364,73,male,Blackwellside,low
1365,22,male,Michaelshire,medium
1366,61,male,Fosterview,high
1367,42,female,New Kendramouth,low
1368,64,male,Clarencetown,medium
1369,63,female,New Markburgh,high
1370,34,female,Davidhaven,low
1371,44,female,North Catherine,high
1372,33,female,Bethview,high
1373,73,female,Charlesburgh,high
1374,47,female,Gonzaleshaven,medium
1375,79,female,Port Anthonyfort,low
1376,31,male,West Robin,high
1377,34,female,East Racheltown,low
1378,76,female,Tonyview,medium
1379,28,male,Kaitlynshire,low
1380,22,male,New Jeremyfort,medium
1381,72,female,South Johnmouth,high
1382,69,female,Port Anneport,high
1383,36,female,Lindseyland,low
1384,55,female,New Cathybury,low
1385,50,female,Randyton,low
1386,33,female,Halltown,high
1387,66,female,Jeremyville,medium
1388,25,male,South David,high
1389,65,female,South Brooke,high
1390,45,female,East Seanville,low
1391,65,female,West Jeff,high
1392,43,male,Evansmouth,medium
1393,24,male,Sheppardstad,medium
1394,67,male,Timothyport,medium
1395,55,male,Watsontown,low
1396,78,female,North Laurachester,high
1397,70,female,Port Christopherstad,high
1398,36,male,New James,low
1399,30,female,West Sara,medium
1400,78,female,Port Curtismouth,high
1401,68,female,South Mary,medium
1402,31,female,South Justin,medium
1403,21,male,New Shannonside,high
1404,51,female,New Trevor,low
1405,31,male,Nelsonchester,high
1406,20,male,Nathanfurt,low
1407,30,male,New Nathan,high
1408,41,male,Jarvischester,low
1409,26,female,Port Laurieville,low
1410,34,male,Goodport,low
1411,30,male,Danieltown,high
1412,64,male,Nicholasmouth,medium
1413,31,female,Lake Alexland,high
1414,61,male,South Olivia,medium
1415,72,male,East David,medium
1416,32,male,Millertown,low
1417,49,male,West Cody,medium
1418,18,female,Erikahaven,low
1419,43,male,Nicholashaven,medium
1420,27,male,Hannahside,high
1421,21,female,Lake Robert,medium
1422,57,female,East Brittneyburgh,high
1423,18,male,Moralesmouth,high
1424,51,female,Scottview,low
1425,50,female,Ashleeton,medium
1426,52,male,Port Jonathan,high
1427,59,female,South Douglasville,high
1428,40,female,Craigport,medium
1429,43,male,Perryshire,low
1430,59,female,Bushfurt,low
1431,32,male,Port Jenniferville,low
1432,30,female,Turnerberg,low
1433,52,male,Markport,medium
1434,23,male,Port Dianafurt,high
1435,21,male,West Paul,high
1436,23,male,Port Daniel,high
1437,40,male,Vasquezville,low
1438,30,male,Watkinsburgh,high
1439,26,female,West Austin,high
1440,70,female,Miguelmouth,low
1441,71,female,Jonathanmouth,medium
1442,79,male,Davisfort,low
1443,39,male,Johnton,medium
1444,45,female,Rhondafort,high
1445,62,female,Gabrielabury,medium
1446,28,female,Elizabethmouth,medium
1447,32,male,Lake Barbaraport,low
1448,69,male,East Vanessahaven,medium
1449,44,female,Barberstad,medium
1450,70,male,Pageton,high
1451,70,female,Hicksberg,low
1452,41,male,East Rhonda,low
1453,44,female,Port Karen,medium
1454,38,male,Cynthiafurt,high
1455,55,female,Vincentstad,high
1456,24,female,East Shawn,low
1457,30,female,Robertchester,high
1458,20,male,Parksside,low
1459,71,male,East Carriefurt,high
1460,63,female,New Lynn,high
1461,62,female,West Garyside,low
1462,36,male,North Maxwellshire,medium
1463,47,female,Zavalaborough,low
1464,43,male,Francesshire,high
1465,26,male,Jessicabury,high
1466,28,female,New Jamesside,medium
1467,57,female,South Billymouth,high
1468,77,male,New Aimeehaven,medium
1469,71,male,Port Meaganmouth,low
1470,78,female,Lake Joan,medium
1471,22,female,Reevesfurt,high
1472,65,male,Wrightview,high
1473,70,female,South Bryanport,high
1474,67,male,East Madelinemouth,low
1475,27,male,New Kimberly,medium
1476,30,male,West Elizabeth,low
1477,22,male,Williamsonfort,medium
1478,28,female,West Christopherfort,high
1479,66,female,Tuckerburgh,low
1480,53,female,Brownstad,medium
1481,44,male,South Derrick,low
1482,55,female,Ellisland,medium
1483,78,male,Shermanshire,medium
1484,30,female,Morrisbury,medium
1485,79,male,North Marialand,low
1486,72,male,Johnsonmouth,high
1487,65,male,Port Matthew,low
1488,80,female,Beckerville,medium
1489,42,male,Lake Emily,high
1490,28,female,Millerport,high
1491,34,female,East Lisafurt,low
1492,43,female,Aaronborough,medium
1493,34,female,South Brittany,medium
1494,48,male,Port Kaylaport,low
1495,64,male,North Alecton,low
1496,20,male,Youngfort,high
1497,42,male,North Jessicafurt,low
1498,55,male,Suzanneland,high
1499,74,female,Ericaton,high
1500,71,male,South Kathrynport,medium
1501,66,female,North Tarachester,low
1502,56,female,New Alex,high
1503,64,male,South Nichole,low
1504,35,male,Rebeccaland,low
1505,52,male,Andersonmouth,high
1506,29,male,Lake Jamesville,high
1507,18,female,Rogerview,high
1508,44,female,South James,low
1509,70,female,Charlesborough,low
1510,51,male,West Brian,medium
1511,46,male,Wilsonview,medium
1512,75,female,East Danielhaven,low
1513,59,male,East Leonshire,low
1514,21,female,East Dennisland,high
1515,23,male,West Brandonside,low
1516,54,female,Lake Phyllisburgh,high
1517,42,female,East Johnville,low
1518,52,male,Donovanburgh,high
1519,42,male,Allisonshire,low
1520,41,male,North Markberg,low
1521,19,female,West Garrett,medium
1522,62,female,Moyermouth,high
1523,40,female,Michaelshire,high
1524,80,male,Knappland,low
1525,78,female,Port Reginaburgh,low
1526,19,female,East Andrewstad,medium
1527,56,male,New Natalie,medium
1528,68,female,Port Amberfort,high
1529,34,male,New Jason,high
1530,28,male,New Amanda,high
1531,30,male,West Leefurt,low
1532,57,male,East Scottborough,low
1533,73,female,Fosterberg,high
1534,40,female,Lake Samantha,low
1535,61,female,Dennisland,low
1536,42,female,Lake Aliciaville,medium
1537,45,female,West Autumnfurt,medium
1538,26,female,Port Barbara,medium
1539,52,male,Port Dylanland,high
1540,18,female,North Amandahaven,high
1541,53,female,Moraleston,high
1542,60,female,New Josephville,low
1543,77,female,Reedport,medium
1544,23,female,Port Johnbury,high
1545,69,male,Troyshire,medium
1546,60,female,Castillomouth,high
1547,60,male,North Austinberg,low
1548,77,female,North Alyssa,low
1549,24,female,Mckeefort,low
1550,61,male,Jimenezborough,medium
1551,77,male,Erichaven,high
1552,67,female,Kathryntown,low
1553,41,male,Port Erikaview,low
1554,18,male,North Saramouth,low
1555,67,male,New Nicholas,high
1556,68,male,Juliebury,low
1557,35,female,New Lisastad,high
1558,50,male,Stricklandton,low
1559,33,female,South Karen,medium
1560,27,male,Anachester,medium
1561,72,male,Williamsburgh,low
1562,54,male,Bonniechester,low
1563,21,male,Port Shannon,high
1564,57,female,West Brandonfurt,high
1565,23,female,Angelaland,medium
1566,80,male,South Christine,medium
1567,21,female,Thomasburgh,low
1568,45,male,North Cherylside,high
1569,54,female,Scottborough,low
1570,74,male,South Brentshire,high
1571,59,female,East Shelby,medium
1572,63,female,Markmouth,medium
1573,68,female,Justinfort,high
1574,42,male,Averyport,high
1575,55,male,Hallmouth,low
1576,43,male,Maytown,high
1577,71,male,Ruizport,medium
1578,71,female,East Amandaville,low
1579,71,male,Carolshire,high
1580,25,male,Kelleyside,low
1581,54,female,East Gabriel,medium
1582,23,male,New Adamfurt,low
1583,26,female,Alexview,medium
1584,23,male,Lake Christine,high
1585,45,female,East Sean,low
1586,33,male,West Joshua,medium
1587,36,male,Latoyamouth,low
1588,35,male,East Lisamouth,medium
1589,34,male,Sanchezland,medium
1590,24,male,Flynnmouth,high
1591,77,male,West Austin,low
1592,65,female,South Virginia,low
1593,18,male,North Robinburgh,low
1594,31,female,North Lisashire,low
1595,54,female,West Kimberlymouth,low
1596,60,male,Jenniferton,high
1597,21,female,East Jade,medium
1598,79,female,Johnmouth,high
1599,21,male,Davidfort,medium
1600,62,male,Gloriastad,high
1601,41,male,Port Robertville,medium
1602,48,male,Carrilloberg,low
1603,78,male,Montesstad,high
1604,68,female,Kristinmouth,low
1605,76,male,Kathrynmouth,low
1606,19,male,East Carolynburgh,medium
1607,43,male,Washingtonchester,low
1608,65,male,South Richardport,medium
1609,29,female,South Catherine,high
1610,18,male,North Audrey,low
1611,70,male,Lake Michele,high
1612,39,male,East Tiffanyland,low
1613,38,male,Lake Wesleyside,medium
1614,37,female,North Michael,high
1615,78,female,East April,medium
1616,56,female,Port Melissa,medium
1617,35,female,Port Chadview,low
1618,36,female,West Eugene,low
1619,28,male,Alisonfurt,low
1620,20,male,Port Jeremy,high
1621,52,male,Meredithfurt,high
1622,39,male,Livingstonmouth,low
1623,45,female,Jenniferborough,low
1624,51,male,East Paulhaven,high
1625,53,male,Mendozaport,low
1626,79,male,New Anna,medium
1627,52,female,West Jasonside,high
1628,37,male,Jeremyberg,low
1629,80,male,Sanchezfort,low
1630,66,female,Richardhaven,medium
1631,24,female,Castillotown,high
1632,60,female,South Heather,low
1633,44,male,Mooreville,medium
1634,66,male,Hansenborough,high
1635,41,male,Lake Gregory,low
1636,32,male,South Patrick,high
1637,29,female,Port Michaelbury,low
1638,62,female,West Shelly,high
1639,39,male,Henrychester,high
1640,35,male,Clarkshire,medium
1641,54,female,New Amy,medium
1642,46,female,Parkermouth,medium
1643,45,female,Adamburgh,medium
1644,27,female,Scottburgh,high
1645,45,male,Michaelton,medium
1646,74,male,West Patriciaburgh,medium
1647,61,male,Woodland,low
1648,31,male,North Erik,medium
1649,40,female,Henryton,high
1650,30,female,East Sherry,high
1651,18,male,Timothyborough,high
1652,64,female,South Brentville,medium
1653,48,female,Johnsonburgh,high
1654,76,male,South Louis,medium
1655,66,female,South Crystalstad,high
1656,68,male,Lake Edwardton,low
1657,67,female,Port Kimberlyfort,high
1658,60,female,South Sharon,high
1659,34,male,Port Anthonymouth,medium
1660,79,male,Jonesfort,low
1661,23,female,Hannahbury,low
1662,46,male,Lake Theresashire,high
1663,44,female,East Christinashire,high
1664,21,male,East Michael,high
1665,76,male,West Miafurt,medium
1666,59,male,North Roy,medium
1667,74,female,Christophertown,high
1668,23,male,Cookfort,medium
1669,32,female,South Mariah,high
1670,77,female,Port Timothy,medium
1671,43,female,West Sara,low
1672,70,male,East Daniel,high
1673,77,female,New Ryan,high
1674,33,male,East Alexandria,medium
1675,18,female,New Robertchester,medium
1676,79,female,Amandafurt,medium
1677,28,female,West John,high
1678,63,male,Lake Heathershire,high
1679,80,male,South Joshua,low
1680,75,male,West Luke,medium
1681,22,male,South Kathrynborough,high
1682,61,female,New Chelsea,low
1683,61,female,Lake Tonyamouth,high
1684,61,male,Port Nicolehaven,low
1685,66,female,New Sandra,high
1686,48,female,North Debramouth,medium
1687,21,male,North Adrianbury,high
1688,58,female,Johnsonfurt,high
1689,31,male,East Jared,low
1690,28,female,Angelamouth,high
1691,59,male,New Samuelside,low
1692,36,female,Sarahmouth,low
1693,72,female,New Erinside,medium
1694,75,female,Montgomeryfort,high
1695,39,male,Ryanberg,low
1696,56,male,New Jessicaport,high
1697,80,female,East Brianna,high
1698,74,male,Port Martinshire,high
1699,68,male,Lake Alextown,high
1700,20,male,Alexandermouth,high
1701,69,female,South Michael,medium
1702,24,female,Bethfort,low
1703,20,male,Port Samanthaview,high
1704,33,female,Dianaberg,medium
1705,79,female,Lake Kimmouth,high
1706,70,female,Wisemouth,high
1707,69,female,Adamport,medium
1708,71,female,New Juliashire,high
1709,39,male,Port Karen,high
1710,26,male,Melodychester,medium
1711,35,female,Mercadoburgh,high
1712,64,male,Lake Rhondafort,low
1713,63,male,South Danielle,high
1714,68,male,East Curtismouth,medium
1715,49,female,South Kathryn,low
1716,62,male,Port Michaelborough,low
1717,52,female,Sextonchester,medium
1718,48,female,Port Tinachester,medium
1719,76,female,North Shirleyshire,high
1720,51,male,Bondborough,low
1721,58,male,West Krystal,medium
1722,63,male,Port Deborah,high
1723,78,female,Lake Regina,low
1724,77,male,South Meredith,medium
1725,72,female,Timothyhaven,low
1726,37,female,Jaimefort,high
1727,53,female,Huberborough,medium
1728,74,female,Riverachester,low
1729,20,male,West Keith,low
1730,75,male,North Amy,medium
1731,23,male,Lake Kathleen,low
1732,37,female,East Travisland,medium
1733,22,male,North Kristinefort,high
1734,61,female,East Christian,low
1735,63,female,South Amyfurt,low
1736,35,male,Michaelfurt,low
1737,78,female,South Michaelbury,low
1738,18,male,Welchborough,medium
1739,78,male,Port Carolhaven,medium
1740,19,male,South Andrewland,high
1741,18,male,South Matthewstad,medium
1742,68,male,Andersenstad,low
1743,51,female,Lake Lauren,high
1744,74,female,Merrittborough,medium
1745,44,male,East Carlosmouth,low
1746,45,female,Howefurt,high
1747,39,female,Alyssaberg,high
1748,23,male,Port Samanthaview,low
1749,24,male,Lambertport,low
1750,37,male,West Cheryltown,low
1751,62,female,Davidbury,medium
1752,30,female,South Raymond,high
1753,80,female,Rhodesfurt,low
1754,52,female,West Tiffanybury,low
1755,44,male,West Tyler,low
1756,41,female,North Daniel,high
1757,35,female,Millerborough,high
1758,71,female,Port Jacob,high
1759,69,female,New Ronaldfort,low
1760,62,male,North Elizabethstad,high
1761,55,male,Melissaville,high
1762,71,female,Petersonside,medium
1763,58,female,East Shane,medium
1764,50,female,South Moniqueland,low
1765,25,male,Christopherhaven,low
1766,78,male,North Fredborough,low
1767,40,male,Port Wendy,medium
1768,29,male,New Dan,low
1769,71,male,West Sarah,low
1770,28,female,Albertside,low
1771,53,female,Duncanport,medium
1772,71,male,Seanside,low
1773,23,male,Port Lisaland,low
1774,53,female,West Spencerview,high
1775,34,female,South Melissaborough,high
1776,23,male,East Darrellhaven,high
1777,19,male,Jamesstad,low
1778,59,male,East Stephen,high
1779,35,female,Bowersberg,high
1780,59,female,Port Kristaton,low
1781,69,female,Dunnton,medium
1782,57,male,New Dawnton,high
1783,63,female,East Samantha,high
1784,62,male,South Alejandra,high
1785,59,female,Lake David,medium
1786,62,male,Nathanfort,medium
1787,29,female,Lake Brian,high
1788,63,female,Paynefurt,medium
1789,64,female,Lake James,low
1790,74,female,Oliverberg,low
1791,63,male,Holmesshire,low
1792,27,male,East Brittneybury,high
1793,21,female,North Ericshire,high
1794,50,male,New Alexandra,low
1795,43,female,Pamelabury,medium
1796,58,male,Kruegermouth,low
1797,70,male,South Joseph,high
1798,35,male,Muellerside,medium
1799,59,male,East Russellbury,high
1800,36,female,Mendezmouth,high
1801,20,female,Kochtown,high
1802,29,female,Stacyfort,medium
1803,58,female,North Pamela,low
1804,58,male,Port Stephen,low
1805,45,female,North Theresafurt,medium
1806,51,female,Carolport,medium
1807,42,female,Gutierrezshire,medium
1808,64,male,Leemouth,low
1809,54,female,New Victoriachester,medium
1810,51,male,Edwardville,medium
1811,78,male,Lake Steven,medium
1812,55,female,Flemingchester,medium
1813,78,female,South Kevinshire,medium
1814,79,female,Lake Kristy,medium
1815,52,male,North Jamieville,medium
1816,39,female,New Lisabury,low
1817,71,female,Port Adamchester,medium
1818,69,female,West Tracyborough,medium
1819,58,male,South David,low
1820,66,female,Nelsonview,medium
1821,20,female,North Frankmouth,high
1822,30,female,Perezborough,high
1823,63,male,Lake Bryanside,low
1824,48,female,Lake David,low
1825,42,female,Anthonyburgh,low
1826,37,female,Grantshire,high
1827,77,male,South Sarah,low
1828,38,female,Meredithchester,low
1829,54,female,Odommouth,medium
1830,68,female,Thorntonport,medium
1831,35,female,East Carrieview,low
1832,59,female,Lake Josephstad,low
1833,48,female,Jensenhaven,medium
1834,58,female,South Andrew,low
1835,30,female,Annetteland,medium
1836,72,female,North Lisaport,medium
1837,24,male,Davidland,high
1838,64,male,Annmouth,low
1839,25,female,Andreatown,medium
1840,49,male,Martinezbury,low
1841,65,male,Port Debbie,low
1842,43,female,New Jennifer,low
1843,45,female,Dianeberg,high
1844,46,female,New Paulland,high
1845,48,female,Port John,high
1846,59,female,West Michael,high
1847,18,male,West Marilynfort,low
1848,43,female,West Kaylaside,high
1849,18,male,South Donna,medium
1850,66,male,New Lorishire,medium
1851,28,male,South Ashleyton,low
1852,18,male,West Alexport,high
1853,47,female,Jennifershire,medium
1854,25,male,New Michael,medium
1855,75,male,East Cynthia,low
1856,22,male,Gallegosview,medium
1857,21,female,West Larryville,medium
1858,49,male,Sawyermouth,medium
1859,48,male,West Linda,high
1860,66,male,Cisnerosfort,high
1861,23,female,North Linda,low
1862,36,female,New Ericafurt,low
1863,57,female,Lake Jeremy,high
1864,65,male,West Christopher,medium
1865,42,male,Darrellfurt,high
1866,29,female,Brianburgh,low
1867,65,male,Saraside,medium
1868,50,female,New Michaelstad,low
1869,58,male,Johnside,high
1870,55,female,East Rossbury,medium
1871,51,male,Whitemouth,medium
1872,21,female,North Mark,low
1873,54,male,New Erinmouth,medium
1874,29,male,South Lee,low
1875,25,female,New Mariaburgh,medium
1876,39,female,West Cassandra,medium
1877,62,female,New Heidi,medium
1878,62,male,South Danielleshire,low
1879,32,female,West Jameston,high
1880,35,female,Danielleshire,low
1881,60,female,New Michaelbury,medium
1882,35,female,Nathanport,medium
1883,80,male,Chaseside,high
1884,26,male,Lake Trevor,high
1885,39,male,West Samuel,low
1886,54,male,West Sabrinamouth,high
1887,56,male,North Andrewton,high
1888,68,female,East Kathryn,high
1889,75,female,Phelpstown,high
1890,55,male,North Rachel,medium
1891,55,female,Bryanside,medium
1892,53,male,Shannonburgh,medium
1893,74,female,East Katrina,high
1894,32,male,Willieview,medium
1895,21,female,North James,medium
1896,65,male,New Kristen,low
1897,74,male,Smithtown,low
1898,30,male,Lake Douglasview,low
1899,23,male,Ashleytown,low
1900,29,female,Lake Jo,low
1901,68,female,East Brittanytown,medium
1902,51,male,Thomasberg,high
1903,63,female,East Tammyborough,high
1904,31,male,Murraytown,high
1905,53,female,Port Timothyberg,low
1906,70,male,Lake Carmenview,low
1907,63,female,Victoriaside,medium
1908,68,male,Amandahaven,medium
1909,31,female,Margarettown,low
1910,61,male,East Dawnfort,high
1911,60,male,Priceland,high
1912,65,female,North Katieside,high
1913,42,female,North Kevinport,high
1914,18,male,Port Kimberlyton,medium
1915,39,female,Autumnton,high
1916,20,female,New Steventown,high
1917,30,female,Nolanstad,high
1918,55,male,North Jennifer,medium
1919,52,female,Jeffbury,high
1920,79,female,Michaelland,medium
1921,78,male,Lake Megan,medium
1922,78,male,East Lisaview,low
1923,26,male,Robertville,medium
1924,47,female,Albertchester,low
1925,35,female,Lake Adam,low
1926,20,female,Brittanyhaven,high
1927,52,male,Port Michaelburgh,medium
1928,47,female,Colinton,low
1929,59,male,Port Sharontown,medium
1930,33,female,Smithbury,high
1931,50,male,South Sethchester,low
1932,36,female,East Danielport,low
1933,39,female,Smithhaven,high
1934,29,male,West Amy,medium
1935,52,male,East Williamshire,high
1936,32,female,Port Sharon,medium
1937,79,male,New Jake,low
1938,40,male,Port Mary,low
1939,74,male,Parkstad,low
1940,21,male,Jeffreyhaven,medium
1941,45,male,Jacobfort,high
1942,31,female,Joneston,high
1943,59,female,Danielmouth,low
1944,45,female,New Belinda,low
1945,20,male,Jesusfurt,low
1946,24,male,New Biancashire,high
1947,37,male,East Luis,high
1948,41,female,South Raymond,low
1949,25,male,Powellhaven,high
1950,25,female,East Carol,medium
1951,78,female,Campbellchester,low
1952,75,female,Lake Kevinview,medium
1953,72,female,Atkinsstad,medium
1954,25,female,Port Kayla,high
1955,71,female,East Scott,low
1956,27,male,Simmonsberg,medium
1957,20,female,Perkinshaven,high
1958,55,female,New Pamela,high
1959,64,female,Louismouth,high
1960,54,male,Gregoryville,low
1961,78,female,Christyport,high
1962,73,female,West Belindahaven,low
1963,19,female,Williamsfurt,high
1964,49,male,West Biancatown,medium
1965,32,male,Davidville,low
1966,64,female,Lake Wanda,medium
1967,27,male,South Stevenborough,high
1968,68,male,New Johnmouth,low
1969,56,male,Martinport,medium
1970,45,female,West Timothy,medium
1971,30,male,South Lindachester,medium
1972,59,female,Howardton,high
1973,26,female,Port Monicabury,low
1974,57,male,North Abigailchester,high
1975,46,male,Mcintyrechester,medium
1976,49,female,Howardburgh,low
1977,30,male,West Raymond,medium
1978,34,female,Phillipsstad,low
1979,33,female,South Jamesside,high
1980,34,female,Bryantside,medium
1981,26,female,Lake Miranda,high
1982,63,female,Justinmouth,medium
1983,70,male,Ortegaport,low
1984,32,female,South Daniel,medium
1985,48,female,Guzmanmouth,low
1986,66,female,Lindsayside,high
1987,73,female,Leestad,low
1988,23,female,Dayview,low
1989,51,male,Samuelfort,high
1990,78,male,West Deniseport,low
1991,58,male,Wallacebury,low
1992,79,male,Port Markmouth,low
1993,52,female,South Ruthborough,low
1994,38,male,South Josephberg,medium
1995,78,male,Port Colleen,high
1996,18,female,Prestonton,low
1997,43,male,Rebeccamouth,high
1998,56,female,East Albertmouth,low
1999,77,male,Lake Wendyside,high
2000,33,male,Nicoleland,high
