report_id,device_id,report_date,fault_type,severity_level,resolution_flag
2139,97,2021-05-19,software,high,0
1697,176,2020-11-09,software,medium,0
1243,804,2024-09-11,hardware,medium,0
1498,683,2024-06-30,software,low,1
1187,120,2023-05-02,hardware,low,0
716,259,2024-12-26,hardware,low,1
2889,344,2020-12-24,software,medium,1
2885,914,2020-04-10,hardware,medium,0
2213,439,2020-09-24,hardware,medium,0
2710,35,2021-12-30,hardware,medium,0
1140,395,2023-03-30,hardware,low,1
452,849,2024-03-06,hardware,medium,0
111,175,2023-11-07,hardware,medium,0
1020,728,2021-05-29,hardware,high,0
1574,415,2021-09-29,hardware,medium,0
1719,642,2024-11-29,software,high,0
1034,783,2021-10-07,hardware,high,0
2055,635,2021-07-26,hardware,high,0
1301,94,2021-01-08,hardware,low,0
2624,183,2022-11-03,software,low,0
2804,17,2023-12-27,software,low,0
2967,581,2022-08-05,hardware,medium,0
1645,674,2021-12-24,hardware,high,0
564,830,2022-05-06,hardware,low,0
2258,458,2021-03-11,hardware,high,0
255,5,2024-11-24,software,low,1
573,876,2021-01-10,hardware,medium,0
806,167,2022-07-20,software,low,0
619,9,2022-09-09,software,low,1
2891,489,2024-01-02,software,low,0
2183,274,2023-12-06,hardware,high,1
2290,782,2024-09-15,software,high,0
2810,839,2024-02-20,hardware,medium,0
861,686,2024-06-18,hardware,medium,0
1356,471,2023-12-14,hardware,medium,0
2212,739,2024-03-08,software,low,0
506,489,2023-03-23,hardware,medium,0
2932,452,2022-06-10,software,medium,0
2617,377,2023-12-04,software,low,1
284,834,2024-12-30,hardware,high,1
1267,503,2024-06-23,hardware,low,1
1679,53,2022-01-31,software,low,0
336,415,2024-02-16,software,high,1
2078,255,2023-07-25,software,low,0
1942,422,2023-12-25,software,high,1
2623,809,2021-06-19,software,medium,0
2458,806,2020-12-17,hardware,medium,0
581,428,2020-09-30,software,high,0
2796,845,2023-11-07,software,medium,1
1674,508,2022-10-07,software,low,0
2073,549,2020-01-12,software,high,0
1378,837,2021-10-20,hardware,medium,0
74,928,2021-08-24,software,high,0
1773,393,2024-03-16,hardware,medium,1
1525,336,2022-02-18,software,low,0
2342,146,2024-03-03,hardware,low,1
212,132,2022-04-26,hardware,low,0
1453,99,2021-04-12,software,medium,0
207,607,2021-02-18,software,high,1
1955,266,2021-09-12,software,high,0
1536,918,2024-06-04,software,low,1
2376,469,2023-09-22,hardware,low,1
22,245,2020-10-19,hardware,high,0
1661,232,2021-11-11,hardware,medium,0
979,339,2021-11-22,software,medium,0
480,230,2023-11-15,hardware,medium,0
2281,711,2021-05-22,software,medium,0
876,650,2021-08-18,software,high,0
1019,721,2025-02-15,hardware,low,0
2159,660,2021-08-09,hardware,low,0
1474,627,2022-08-27,hardware,medium,0
239,425,2020-01-14,software,high,0
1095,72,2022-12-29,hardware,medium,0
264,925,2021-04-05,hardware,high,0
1129,103,2024-04-26,hardware,high,0
790,90,2024-01-16,hardware,medium,0
2474,8,2021-10-01,hardware,low,0
2276,792,2024-01-10,hardware,low,0
2184,966,2021-04-25,software,medium,1
2268,609,2022-10-28,hardware,high,0
531,166,2021-09-12,hardware,high,1
1025,882,2025-01-14,software,medium,0
2698,123,2023-10-13,hardware,low,0
1260,365,2023-01-17,software,low,0
1425,698,2024-04-09,hardware,high,1
1307,544,2022-10-04,hardware,medium,0
700,105,2020-10-07,hardware,low,0
1361,594,2023-06-25,hardware,low,0
386,408,2021-09-19,hardware,high,0
2355,499,2024-08-11,software,medium,0
2369,780,2020-09-15,software,medium,0
1117,55,2020-04-28,software,medium,0
1373,781,2022-08-12,hardware,high,0
40,52,2021-12-23,software,medium,0
208,907,2025-03-25,hardware,medium,0
1426,744,2022-04-22,hardware,medium,0
79,553,2022-12-31,hardware,low,0
1914,158,2022-06-03,hardware,high,0
2909,711,2024-08-16,software,high,1
1941,656,2021-05-25,software,low,0
2594,875,2024-11-02,hardware,medium,0
222,371,2024-04-07,software,high,0
813,553,2023-11-14,software,low,0
1269,391,2020-10-01,hardware,high,0
1058,240,2020-05-13,hardware,low,0
308,534,2024-07-11,software,medium,0
1987,494,2020-10-15,software,high,0
85,776,2022-01-30,hardware,high,0
2544,35,2021-02-24,hardware,low,1
2311,394,2024-12-02,hardware,low,1
2152,929,2023-12-13,software,low,0
2968,953,2024-01-19,software,low,0
567,448,2023-03-25,software,medium,0
1651,170,2021-12-26,hardware,high,0
2894,909,2021-07-03,software,low,0
2418,385,2022-04-21,software,low,0
1604,909,2020-03-28,software,high,0
751,747,2025-02-03,software,medium,0
802,351,2021-09-28,software,high,0
1030,296,2022-03-12,software,high,0
618,776,2021-06-14,hardware,low,0
2771,944,2022-05-15,software,medium,0
453,233,2023-02-11,software,low,0
870,402,2022-07-19,hardware,high,0
206,644,2021-12-10,software,high,0
2200,48,2021-05-27,hardware,high,0
1250,788,2022-08-08,hardware,high,1
1293,946,2024-10-20,software,medium,0
1295,471,2020-12-06,software,medium,0
203,371,2023-08-14,software,medium,0
662,224,2020-06-27,hardware,high,0
1717,223,2023-12-25,hardware,high,1
381,728,2020-06-20,hardware,low,0
2832,164,2023-08-24,hardware,low,0
1278,758,2022-01-23,hardware,medium,0
1027,828,2020-01-20,hardware,medium,0
2693,643,2021-11-12,hardware,low,0
1654,698,2024-02-26,hardware,high,0
1968,155,2024-06-03,software,low,0
2895,275,2020-08-05,hardware,high,0
2221,128,2020-03-04,hardware,high,0
349,724,2022-07-18,hardware,high,0
2225,666,2023-08-08,software,medium,0
2608,896,2023-01-13,software,low,0
991,276,2024-09-30,software,high,1
922,110,2024-11-20,software,low,0
2181,652,2022-08-25,software,medium,0
1087,681,2021-03-02,software,high,0
2360,117,2020-11-01,hardware,high,0
670,927,2025-04-01,hardware,low,0
1210,343,2021-03-11,software,high,0
202,911,2021-04-30,software,high,1
1994,591,2023-08-23,software,high,1
2402,40,2024-03-01,hardware,low,0
1609,279,2022-11-05,hardware,medium,1
1993,46,2021-12-01,hardware,high,0
912,901,2023-04-12,hardware,high,1
2270,284,2024-12-05,hardware,low,1
1671,422,2021-06-21,software,high,0
2113,266,2024-09-25,software,high,1
2568,395,2024-10-08,software,medium,1
1823,502,2022-11-09,hardware,low,0
318,699,2022-07-23,hardware,medium,1
1882,353,2024-04-02,software,medium,0
896,47,2024-11-21,hardware,low,0
939,541,2021-03-23,software,high,0
1979,170,2024-09-03,software,high,1
1304,740,2021-11-11,hardware,medium,0
774,842,2024-03-28,hardware,medium,0
1492,519,2023-02-13,hardware,medium,0
2451,337,2024-07-17,software,low,1
117,527,2022-05-13,hardware,medium,0
2368,535,2022-05-05,software,low,0
2327,851,2022-10-04,software,high,1
2128,43,2024-02-01,hardware,low,0
1732,348,2023-12-08,software,medium,1
220,154,2022-11-04,software,low,0
1347,539,2023-09-06,software,medium,0
2370,966,2024-10-29,software,low,0
693,416,2021-06-03,hardware,low,0
2277,391,2023-01-31,software,high,1
947,432,2020-11-08,hardware,medium,0
2511,454,2020-11-21,hardware,high,0
1284,816,2024-01-14,software,high,0
1508,765,2022-07-01,software,medium,0
706,412,2022-12-04,hardware,medium,0
865,846,2022-03-31,hardware,low,0
2998,87,2023-11-26,hardware,medium,1
1777,248,2023-05-29,hardware,medium,0
1457,764,2020-09-03,hardware,low,0
1840,322,2020-03-01,hardware,low,0
2423,571,2021-07-19,software,medium,0
383,436,2022-06-14,software,medium,0
2125,805,2022-02-03,hardware,low,0
433,279,2021-01-21,hardware,medium,0
2144,797,2025-02-28,hardware,high,0
44,674,2025-02-05,software,medium,1
787,986,2020-09-16,hardware,medium,0
2359,570,2021-12-28,hardware,high,0
2921,787,2023-01-29,hardware,low,0
733,574,2020-03-16,hardware,low,0
1841,721,2022-03-10,hardware,medium,0
1900,105,2025-04-24,hardware,high,1
1826,68,2020-06-09,hardware,high,0
2066,941,2022-05-01,software,high,0
562,373,2021-09-08,software,high,0
2197,668,2024-08-09,hardware,medium,0
2251,371,2023-08-24,software,high,0
1946,956,2020-06-21,software,high,0
1855,861,2023-02-11,software,low,0
50,403,2025-02-01,software,low,0
1206,281,2025-03-12,hardware,high,1
1079,536,2020-08-19,software,high,0
754,810,2024-12-26,hardware,low,0
34,265,2025-04-17,hardware,high,0
1915,607,2024-11-01,hardware,high,1
1382,568,2021-04-18,software,low,0
2823,695,2020-10-03,software,high,0
866,896,2020-12-15,software,high,0
213,465,2022-10-21,hardware,high,0
2928,351,2023-03-16,software,high,1
404,85,2021-01-23,software,high,0
2121,153,2024-10-03,software,medium,1
2733,993,2024-04-08,hardware,medium,1
63,606,2021-10-06,hardware,high,0
113,929,2022-02-01,software,medium,0
463,487,2023-10-26,software,medium,1
1933,560,2021-05-12,hardware,high,0
1235,648,2023-12-16,hardware,low,1
2508,28,2021-09-21,hardware,high,0
836,831,2020-08-22,hardware,medium,0
405,559,2021-07-26,software,low,0
108,8,2021-05-29,hardware,medium,0
1866,283,2022-05-26,software,high,0
2198,190,2021-08-05,hardware,medium,0
910,512,2023-05-16,software,medium,0
2660,519,2020-04-04,hardware,high,0
123,415,2021-12-07,hardware,medium,0
1639,457,2024-08-22,software,medium,1
503,425,2020-12-05,software,medium,0
1754,984,2023-08-16,software,medium,0
2929,986,2020-09-19,hardware,low,0
2209,635,2020-10-06,software,medium,0
246,192,2024-12-11,software,high,1
771,359,2024-11-14,software,high,0
2207,779,2023-01-26,software,high,0
1075,532,2025-03-04,software,medium,1
1104,661,2021-12-13,hardware,medium,0
1462,902,2023-10-13,software,high,0
1423,374,2024-03-07,software,medium,1
2228,141,2024-12-21,hardware,low,0
2381,15,2023-04-25,hardware,low,0
1707,158,2020-06-17,software,low,0
1662,368,2023-02-25,software,low,1
31,20,2020-06-07,software,high,0
2154,409,2023-06-26,software,medium,1
1390,26,2023-05-05,software,medium,0
332,274,2021-08-27,hardware,low,0
138,234,2021-11-21,software,medium,0
2566,405,2023-10-28,software,medium,0
1167,763,2022-08-25,software,low,0
1333,438,2021-06-24,software,low,0
1318,834,2021-08-03,hardware,low,0
482,607,2020-06-22,software,high,0
1370,800,2022-11-15,software,low,0
522,592,2022-01-12,hardware,low,0
2206,788,2021-02-16,hardware,medium,0
997,451,2020-05-24,hardware,low,0
2026,328,2024-10-22,software,low,0
1161,842,2020-07-14,hardware,medium,0
1813,439,2022-11-14,hardware,low,1
511,985,2023-06-22,software,medium,0
1045,501,2025-03-06,hardware,low,1
1024,574,2021-07-11,software,low,0
302,159,2020-09-11,software,low,0
1723,859,2023-04-30,hardware,high,0
1272,342,2021-06-09,software,low,0
821,97,2023-07-09,software,medium,1
1978,465,2021-04-23,software,medium,0
2997,485,2025-01-01,software,low,1
526,386,2021-10-09,software,low,0
2933,369,2024-04-20,software,high,0
2068,587,2020-06-27,software,low,0
2344,191,2023-07-13,software,medium,0
622,619,2020-04-26,software,high,0
1204,530,2021-04-07,software,high,0
341,565,2023-09-28,software,low,1
1786,512,2021-12-03,software,medium,0
1793,174,2025-02-16,hardware,high,0
2163,892,2020-09-05,hardware,medium,0
1592,77,2022-07-24,hardware,high,0
2805,404,2020-09-30,software,high,0
2476,946,2024-06-19,software,high,0
632,887,2021-09-02,software,medium,0
2291,226,2024-05-15,hardware,medium,1
585,683,2025-02-17,hardware,medium,0
674,323,2020-07-16,hardware,low,0
2403,431,2024-11-12,hardware,high,0
2191,684,2020-12-30,software,high,1
1299,487,2023-08-17,hardware,high,0
2021,793,2020-08-02,software,high,0
1154,825,2023-10-07,software,high,0
1668,637,2023-05-16,software,high,0
270,283,2020-06-01,hardware,high,0
2527,252,2022-01-29,software,high,0
968,388,2024-08-31,software,low,0
691,124,2023-12-16,software,low,0
2972,431,2021-08-17,hardware,high,0
966,633,2022-08-20,hardware,high,1
1750,35,2021-12-26,hardware,low,0
2242,18,2023-11-02,software,low,1
2738,963,2020-03-05,software,low,0
2214,62,2021-04-08,hardware,low,0
1816,939,2021-06-22,hardware,low,0
2056,228,2020-03-10,hardware,high,0
527,34,2023-12-14,hardware,medium,0
1183,589,2023-10-19,software,high,1
994,742,2020-07-15,hardware,medium,0
2031,993,2022-04-02,software,medium,0
2865,458,2021-08-27,software,high,0
2058,96,2020-02-11,hardware,medium,0
783,159,2020-12-03,hardware,high,1
1526,375,2024-11-21,software,high,0
29,97,2023-05-24,software,medium,0
2603,851,2023-04-12,hardware,medium,1
502,225,2021-02-11,software,low,0
2908,852,2022-06-11,software,low,0
2019,100,2022-01-29,hardware,high,0
315,628,2022-07-07,hardware,low,0
1764,629,2022-05-07,hardware,medium,0
355,833,2024-04-17,software,high,0
2111,864,2022-12-16,hardware,low,1
1550,761,2024-06-02,hardware,low,0
999,624,2021-07-15,hardware,medium,0
698,388,2022-11-01,software,high,0
290,841,2025-01-04,hardware,high,0
1216,554,2024-03-17,hardware,low,0
299,905,2022-07-28,software,high,0
1182,54,2020-10-17,software,high,0
1392,48,2022-05-15,software,high,0
1895,219,2022-08-19,software,low,0
1317,227,2023-09-18,hardware,medium,0
609,751,2022-02-03,software,high,0
613,274,2024-04-29,hardware,low,0
1090,712,2021-08-09,hardware,low,0
1263,837,2021-07-01,software,low,1
1571,949,2020-12-07,hardware,high,0
1334,463,2020-10-29,hardware,medium,0
2911,408,2021-11-21,software,high,0
2106,714,2025-03-10,hardware,high,0
2590,362,2022-10-30,software,medium,1
588,601,2022-05-28,hardware,medium,0
1787,555,2020-10-28,software,medium,0
427,412,2021-02-01,software,low,0
2563,757,2025-01-31,hardware,medium,1
1055,358,2024-09-27,hardware,medium,1
972,33,2021-12-29,hardware,high,0
888,610,2024-02-13,software,low,0
874,107,2020-12-09,hardware,low,0
2231,445,2024-04-25,software,low,0
1513,115,2024-03-02,software,medium,1
2648,841,2023-02-02,hardware,medium,0
1538,558,2021-06-03,hardware,medium,0
1107,620,2025-02-08,hardware,medium,1
323,314,2021-01-20,hardware,low,0
1261,835,2020-01-21,software,low,0
1657,117,2020-07-13,hardware,low,0
834,272,2023-08-13,hardware,high,0
1294,81,2024-06-13,hardware,medium,0
49,743,2022-12-16,software,high,0
145,983,2024-01-24,hardware,medium,1
2331,542,2024-05-20,hardware,medium,1
2385,895,2024-03-08,hardware,low,1
247,168,2020-05-21,software,medium,0
1442,100,2023-10-03,hardware,high,0
2016,40,2021-11-29,hardware,medium,0
1655,79,2022-10-05,hardware,medium,0
1734,59,2021-06-27,hardware,low,0
2499,633,2022-08-06,software,medium,0
1063,403,2021-05-23,hardware,medium,0
1240,543,2020-02-26,software,medium,0
2799,155,2024-04-26,hardware,high,0
665,693,2021-12-19,software,high,0
1700,222,2022-11-08,hardware,low,0
873,823,2022-11-24,software,medium,0
776,40,2023-01-28,hardware,low,1
853,364,2022-08-13,software,high,1
1486,755,2023-09-01,hardware,low,0
803,429,2022-11-14,software,medium,0
943,353,2024-05-23,hardware,low,0
2595,949,2023-09-16,hardware,medium,0
1556,633,2023-07-09,hardware,high,0
293,788,2022-01-07,software,low,0
2767,520,2024-12-29,hardware,high,1
810,587,2024-02-06,software,high,0
1455,459,2020-03-27,software,high,0
2051,295,2022-06-30,software,high,0
513,638,2021-10-12,software,low,0
2393,53,2025-01-28,software,high,0
1984,280,2023-04-20,hardware,medium,0
1810,169,2023-08-13,software,medium,1
360,286,2023-04-01,hardware,low,0
538,926,2021-02-23,hardware,medium,0
2692,549,2020-10-24,hardware,high,0
2713,667,2023-01-06,hardware,low,1
1613,833,2020-05-19,software,low,0
933,114,2022-03-25,hardware,high,0
1646,841,2023-05-30,software,high,0
1551,540,2021-07-06,hardware,medium,0
1991,530,2022-05-10,software,medium,0
1371,636,2020-06-05,hardware,high,0
980,849,2024-02-26,software,medium,0
1339,322,2020-02-21,software,medium,0
1581,611,2020-07-05,software,high,0
878,360,2024-11-09,hardware,high,0
711,566,2022-09-23,hardware,low,1
2673,289,2023-02-22,software,high,1
48,168,2021-04-08,software,low,1
1939,634,2020-01-22,hardware,high,0
402,251,2024-12-05,software,low,1
1666,307,2022-01-11,software,low,0
1973,28,2022-03-06,software,low,1
408,744,2024-04-30,hardware,high,1
2787,275,2024-05-09,hardware,low,1
2035,892,2021-05-13,software,high,0
125,597,2023-12-16,hardware,medium,1
1084,592,2022-05-05,hardware,high,0
1934,232,2025-04-18,hardware,medium,0
529,602,2024-07-20,software,high,1
815,831,2021-03-19,software,low,0
643,785,2021-05-26,hardware,medium,0
1051,924,2024-04-20,software,high,1
601,4,2021-05-15,hardware,high,0
148,263,2022-09-05,hardware,low,0
510,733,2024-01-22,software,high,1
1193,328,2022-10-28,software,medium,0
1807,626,2022-06-29,hardware,medium,0
2899,377,2023-05-13,hardware,low,0
359,174,2022-01-12,software,medium,0
1214,856,2022-09-16,software,low,0
2509,973,2024-08-12,software,medium,1
1065,959,2023-02-19,hardware,low,0
2177,891,2024-03-27,software,low,0
1276,943,2022-09-03,hardware,medium,1
2592,611,2020-12-12,software,high,0
2120,832,2020-12-20,software,low,0
2788,99,2021-01-19,software,high,1
2308,612,2020-10-31,software,high,0
139,498,2023-02-22,software,high,0
128,310,2024-09-30,software,low,1
2766,392,2021-12-25,hardware,high,0
1168,878,2022-03-26,hardware,medium,0
2702,524,2023-05-30,software,high,0
2506,56,2024-09-22,hardware,high,0
294,205,2022-06-03,software,high,0
228,462,2023-10-13,software,high,0
1126,171,2023-11-17,hardware,low,0
1207,285,2024-08-24,hardware,high,0
2524,938,2022-05-09,software,medium,0
1440,949,2023-08-30,hardware,medium,0
1974,687,2022-07-25,software,medium,1
2877,508,2020-02-28,hardware,low,0
2054,759,2022-09-29,hardware,low,1
441,660,2020-03-29,software,high,0
179,550,2020-12-31,software,high,0
1524,792,2024-12-27,hardware,low,0
2946,792,2021-12-26,hardware,medium,0
1961,175,2020-05-09,hardware,low,0
1829,962,2021-06-11,software,high,0
1349,925,2023-06-11,hardware,high,0
2020,800,2022-01-07,software,low,0
1503,867,2020-09-21,software,high,0
900,718,2020-10-13,software,high,0
33,56,2022-07-09,hardware,medium,0
2462,879,2024-05-04,hardware,medium,0
466,819,2020-01-16,software,medium,0
1427,685,2025-04-22,hardware,high,1
2807,582,2020-08-18,software,low,0
610,531,2025-01-07,software,medium,1
1566,371,2021-07-03,software,medium,0
472,361,2023-10-15,software,medium,0
2504,986,2025-01-08,hardware,medium,0
2286,696,2022-04-09,hardware,medium,0
325,645,2020-03-10,software,medium,0
168,693,2024-06-13,software,low,0
1605,915,2023-06-06,software,low,0
449,16,2024-04-23,software,high,0
1889,74,2024-01-16,hardware,low,1
589,544,2024-03-29,hardware,low,0
807,881,2025-01-25,hardware,medium,0
2244,455,2020-10-11,hardware,low,0
2730,866,2021-08-11,hardware,high,0
193,852,2023-11-19,hardware,high,0
1099,656,2021-04-19,hardware,high,0
75,209,2020-05-25,hardware,low,0
2430,558,2022-12-25,hardware,medium,0
436,525,2020-04-09,software,low,0
394,397,2023-11-08,software,low,1
576,779,2023-02-02,hardware,high,0
1950,788,2024-02-02,hardware,low,0
903,70,2025-01-20,hardware,high,1
1266,436,2023-11-11,hardware,high,1
1231,170,2021-04-28,hardware,low,0
1241,427,2025-04-05,software,low,0
2482,97,2023-09-17,hardware,low,0
1355,138,2021-01-07,hardware,high,0
2264,835,2021-04-28,hardware,medium,0
69,189,2021-11-06,hardware,medium,0
1792,248,2020-11-21,software,low,0
363,955,2022-01-30,software,low,0
1573,471,2020-09-17,hardware,low,0
13,420,2022-08-31,hardware,high,0
1890,272,2021-03-12,software,medium,0
426,918,2020-07-11,software,high,0
1337,63,2025-02-27,software,high,0
2199,245,2024-08-14,hardware,medium,1
1325,36,2023-01-17,software,low,0
1881,227,2021-01-08,software,low,0
235,215,2021-07-14,hardware,low,0
1996,190,2023-07-23,software,medium,0
382,462,2020-01-07,hardware,low,0
2189,876,2020-12-12,hardware,high,0
1918,826,2025-04-18,software,high,0
1217,817,2022-01-01,software,high,0
504,598,2024-06-28,hardware,medium,0
2993,138,2022-01-09,software,high,0
631,913,2024-11-25,hardware,high,1
291,458,2021-03-22,hardware,medium,1
1320,259,2023-04-04,software,low,0
160,111,2023-09-19,hardware,medium,0
2707,542,2024-12-11,software,medium,0
2717,28,2022-01-16,hardware,low,0
2723,373,2023-04-04,hardware,low,1
1209,367,2021-06-12,hardware,low,0
1718,413,2021-06-25,hardware,medium,0
350,262,2021-10-01,software,low,0
443,922,2025-01-14,software,high,1
1561,868,2021-03-25,hardware,medium,0
231,166,2021-09-16,hardware,low,1
2005,574,2020-03-11,software,high,0
2108,555,2023-08-02,hardware,low,1
1680,258,2022-04-06,software,high,0
1695,316,2020-07-23,hardware,medium,0
2554,882,2021-06-14,software,low,0
2364,362,2020-08-30,hardware,high,0
977,406,2021-03-16,hardware,medium,1
2306,436,2024-12-21,hardware,low,0
2983,957,2023-05-07,software,low,0
1659,427,2022-12-02,hardware,low,0
530,313,2024-12-09,hardware,high,0
2765,944,2022-11-24,hardware,high,0
1358,667,2020-07-22,hardware,medium,0
949,196,2021-01-28,software,low,0
2982,469,2023-11-22,hardware,medium,1
1929,421,2023-02-28,software,medium,0
1290,481,2024-06-06,hardware,high,0
2814,580,2024-04-12,software,medium,0
406,974,2022-03-25,software,low,0
840,973,2020-02-05,hardware,high,0
2174,227,2023-08-03,software,high,1
1917,194,2023-01-27,hardware,medium,1
2614,375,2020-09-28,software,low,0
1802,16,2020-09-17,hardware,medium,0
1785,601,2023-10-09,software,medium,1
1497,396,2020-03-09,software,high,0
1790,884,2024-04-30,software,low,0
215,178,2022-10-12,software,medium,0
2571,870,2024-02-09,software,low,0
500,933,2021-11-18,software,high,0
1022,986,2025-01-16,software,low,1
24,981,2022-12-20,software,low,0
1062,865,2021-03-30,software,low,0
210,245,2020-10-21,software,high,0
1072,966,2023-12-17,hardware,medium,0
1482,975,2022-01-06,hardware,medium,0
1755,828,2025-01-13,software,low,0
1583,158,2020-01-14,hardware,medium,0
188,111,2023-12-27,software,low,0
2479,330,2023-09-26,software,medium,0
2293,55,2022-12-22,hardware,low,1
2136,450,2022-04-17,hardware,low,0
2776,35,2021-11-22,hardware,low,0
98,573,2020-06-29,hardware,low,0
2218,400,2020-02-11,software,medium,0
1327,220,2022-04-22,software,medium,0
2659,641,2024-07-10,software,high,0
708,978,2024-12-23,software,high,1
1468,891,2024-03-25,software,high,0
2400,726,2022-04-04,hardware,high,0
2701,413,2020-01-18,hardware,low,0
978,469,2024-12-31,software,medium,0
1089,726,2024-01-25,software,low,0
2341,514,2022-12-04,software,high,0
2560,669,2021-04-20,hardware,medium,0
2532,121,2023-05-05,software,low,1
454,87,2023-07-05,software,high,1
2720,638,2020-03-20,hardware,low,0
2475,958,2023-10-01,software,high,0
2977,31,2022-12-28,software,low,0
1860,998,2024-11-16,software,high,0
2079,690,2021-11-01,software,low,0
627,616,2023-11-24,hardware,high,1
2839,701,2020-07-05,software,low,0
30,10,2021-08-23,hardware,medium,0
32,280,2024-12-29,software,high,0
710,918,2021-01-27,software,low,0
1567,42,2021-06-01,software,high,0
1539,621,2025-02-22,hardware,medium,0
1634,196,2024-03-20,hardware,high,1
2578,513,2023-08-30,hardware,medium,0
1147,224,2021-03-04,hardware,low,0
785,550,2024-11-09,hardware,medium,0
830,308,2024-02-20,hardware,low,1
577,980,2022-07-06,hardware,high,0
2547,670,2023-05-04,hardware,medium,0
2440,984,2023-03-02,hardware,high,1
1340,502,2023-03-19,software,low,0
615,445,2024-11-01,hardware,medium,0
2501,357,2024-08-18,software,high,0
906,53,2021-10-21,software,medium,0
1730,653,2024-05-01,hardware,low,1
2426,134,2022-12-30,hardware,low,0
1071,614,2025-02-03,hardware,high,0
1832,959,2022-09-09,software,high,0
1923,982,2024-01-16,hardware,medium,0
368,26,2024-04-18,hardware,high,0
705,710,2021-08-05,hardware,high,0
431,218,2024-04-26,hardware,low,0
1016,841,2025-01-05,software,low,1
2041,540,2021-03-25,hardware,medium,0
2431,357,2023-10-17,software,low,0
2557,508,2023-01-21,software,low,0
419,963,2023-11-28,hardware,medium,1
1064,915,2022-10-27,software,medium,1
2555,693,2020-04-12,hardware,medium,0
1056,656,2022-02-07,software,high,0
1324,499,2020-05-28,software,high,0
1848,957,2021-07-17,hardware,low,0
1069,953,2025-03-04,hardware,medium,0
2083,653,2021-01-10,software,medium,0
1601,448,2024-02-12,hardware,low,0
2696,754,2025-04-02,software,high,1
1856,231,2021-09-27,software,high,0
1097,219,2023-11-10,hardware,medium,1
663,877,2021-01-28,software,low,0
2460,92,2021-06-18,hardware,low,0
2539,402,2024-01-14,hardware,medium,0
2642,819,2023-06-13,software,low,0
428,792,2022-10-26,software,medium,0
133,467,2023-04-04,hardware,medium,0
1465,635,2021-01-13,hardware,low,0
2525,859,2020-03-16,software,medium,0
165,532,2025-04-11,hardware,medium,1
2756,362,2020-07-16,hardware,high,0
1452,793,2023-04-21,software,low,0
1338,825,2022-08-04,software,low,0
932,66,2020-04-13,software,low,0
860,333,2025-01-31,software,high,0
2074,711,2025-03-25,software,low,0
717,223,2021-07-30,software,medium,0
668,724,2020-01-01,hardware,low,0
2907,841,2021-08-01,software,low,0
2001,986,2022-03-15,hardware,low,0
2351,48,2024-01-14,software,low,0
1884,490,2022-08-19,hardware,medium,0
1684,334,2021-08-02,hardware,low,0
2962,943,2024-02-24,software,medium,0
2674,276,2023-06-24,software,high,0
2129,323,2021-07-27,hardware,low,0
2217,408,2021-06-13,hardware,low,0
1908,530,2020-03-08,software,high,0
233,117,2023-12-27,hardware,low,0
109,505,2020-11-13,hardware,medium,1
366,484,2020-10-05,hardware,low,0
261,848,2023-06-23,software,low,0
688,707,2024-03-09,hardware,medium,0
1164,692,2024-01-06,software,medium,0
1568,437,2024-11-25,hardware,high,0
140,814,2022-10-03,hardware,medium,1
638,202,2024-11-10,hardware,low,1
1173,797,2020-12-01,hardware,medium,0
766,231,2023-09-27,hardware,high,0
1367,966,2022-04-02,software,medium,0
671,32,2022-05-27,hardware,high,0
1395,10,2020-08-10,hardware,high,0
1309,779,2024-06-15,hardware,high,0
2003,380,2025-02-20,software,high,0
957,661,2021-02-28,software,low,0
2309,78,2022-02-07,hardware,high,0
1879,33,2023-06-27,hardware,medium,0
1201,865,2021-01-30,hardware,medium,0
1699,257,2020-08-19,hardware,medium,0
885,248,2021-12-04,software,medium,0
692,475,2020-08-19,software,low,0
1751,531,2024-07-26,hardware,high,0
2897,389,2022-08-10,hardware,medium,0
1903,334,2020-01-31,software,low,0
2230,635,2022-08-27,hardware,medium,0
1271,86,2024-09-27,software,low,1
256,87,2022-09-24,software,high,1
2165,61,2023-05-08,hardware,high,0
1353,843,2022-06-04,hardware,medium,0
546,854,2024-03-07,hardware,medium,0
2384,905,2021-12-04,hardware,medium,0
154,270,2024-05-22,hardware,high,1
20,983,2024-04-26,software,medium,1
1245,434,2024-01-15,hardware,medium,0
412,556,2022-03-14,hardware,medium,0
348,353,2021-12-22,software,high,0
1485,652,2024-04-28,software,low,1
468,596,2023-06-29,software,medium,0
2049,69,2023-12-05,hardware,medium,0
2782,662,2023-01-02,hardware,medium,0
358,817,2020-10-15,software,high,0
1516,555,2020-08-23,software,low,0
2570,722,2025-03-25,hardware,medium,0
2024,689,2020-11-30,hardware,medium,0
1947,687,2021-04-27,software,high,0
1302,135,2025-02-06,software,low,0
553,841,2020-07-14,software,high,0
1808,248,2021-05-29,software,high,0
1945,312,2020-03-29,software,high,0
892,808,2022-01-16,hardware,low,0
928,549,2021-04-27,software,medium,0
1715,219,2023-03-02,hardware,medium,0
122,968,2021-01-01,hardware,medium,0
2455,366,2021-07-28,hardware,low,0
2265,781,2020-02-27,hardware,medium,0
792,220,2024-03-02,hardware,low,0
2150,263,2024-02-20,software,low,0
303,584,2024-09-01,hardware,medium,1
1692,730,2020-03-31,software,high,0
1017,388,2023-07-13,hardware,high,0
1937,684,2024-03-09,hardware,low,1
1122,987,2024-04-09,hardware,low,0
1198,183,2023-07-24,software,high,0
2180,341,2021-08-23,software,high,0
714,352,2021-06-12,hardware,high,0
1405,162,2023-06-15,software,high,0
1842,375,2022-01-12,hardware,low,0
2387,188,2021-01-22,software,medium,0
1316,202,2024-11-20,hardware,high,1
1086,274,2020-11-05,software,high,0
1132,473,2024-12-17,hardware,high,1
2927,964,2023-09-10,hardware,high,1
1944,923,2024-12-10,hardware,medium,0
1081,295,2021-12-18,hardware,high,0
1854,902,2021-06-05,hardware,low,0
1588,665,2023-07-28,hardware,low,0
38,201,2024-11-20,software,low,0
2138,438,2020-09-02,hardware,high,0
2356,23,2021-07-23,software,low,0
2580,417,2021-09-12,software,high,0
1377,505,2020-06-27,software,medium,0
37,497,2024-04-27,software,low,1
867,88,2021-04-20,software,low,0
2496,591,2023-04-09,software,high,0
1982,339,2022-09-07,hardware,high,0
2324,804,2023-11-13,software,low,0
2432,640,2023-10-23,software,high,0
2379,549,2023-05-27,software,low,0
1057,90,2024-09-27,hardware,medium,0
2093,169,2020-11-21,hardware,medium,0
1495,7,2024-06-15,software,low,1
1237,337,2025-02-18,hardware,high,1
2900,786,2021-03-29,software,low,0
2337,217,2021-08-25,software,medium,0
1014,308,2022-12-06,software,medium,0
103,438,2020-05-25,software,high,0
2576,174,2024-10-18,hardware,low,0
289,719,2024-08-27,hardware,high,0
1756,552,2022-02-16,software,low,0
2234,937,2022-06-09,hardware,medium,0
1614,365,2020-04-25,hardware,low,0
1422,351,2022-12-25,software,high,1
2500,658,2023-10-21,hardware,high,0
2254,894,2024-04-11,software,low,0
1119,614,2024-10-16,software,low,0
2075,362,2022-10-02,hardware,high,0
1171,127,2023-08-21,software,high,1
2922,824,2022-01-28,software,medium,0
2757,272,2021-06-23,software,medium,0
21,594,2024-08-25,hardware,medium,0
1054,268,2023-07-21,software,low,0
1504,701,2023-03-31,software,high,0
2790,611,2022-07-31,hardware,high,0
914,27,2025-03-22,software,medium,1
544,656,2023-05-12,software,low,0
2406,725,2023-04-16,software,low,0
151,921,2020-01-24,software,high,0
2445,972,2023-02-11,hardware,medium,0
2375,614,2020-01-07,software,medium,0
1505,257,2023-11-14,hardware,high,1
2322,398,2024-04-22,hardware,high,0
817,58,2021-06-26,hardware,medium,0
1226,107,2020-02-07,software,low,0
2102,289,2025-01-05,software,high,1
2629,643,2020-07-06,hardware,low,0
2245,584,2022-02-18,hardware,low,0
2099,238,2023-06-12,software,high,1
36,636,2024-04-25,hardware,medium,0
1517,490,2023-07-12,hardware,low,0
1729,721,2022-10-18,software,low,0
392,787,2021-07-30,hardware,medium,0
2457,120,2020-04-21,hardware,high,0
1148,505,2020-11-10,hardware,high,0
2952,571,2023-08-20,hardware,high,0
2854,249,2023-04-11,hardware,medium,0
2323,267,2024-09-26,hardware,high,0
891,160,2025-04-03,hardware,low,0
636,554,2021-01-21,hardware,high,0
1228,890,2023-02-06,hardware,high,0
226,319,2023-04-12,hardware,medium,0
684,458,2021-09-23,hardware,high,1
1872,668,2020-05-06,software,low,0
1256,483,2022-03-22,hardware,medium,0
460,608,2020-02-16,hardware,medium,0
676,251,2022-08-12,hardware,medium,1
378,846,2021-08-10,software,low,0
214,456,2022-01-23,hardware,low,0
831,953,2023-05-19,software,medium,0
829,253,2023-08-10,software,high,0
955,121,2024-08-30,hardware,high,0
1518,660,2021-05-02,software,low,0
2420,973,2022-07-12,software,high,0
1169,697,2020-05-27,software,low,0
2017,859,2024-04-13,hardware,medium,0
1,535,2022-10-10,software,medium,0
276,217,2023-01-09,hardware,medium,1
1767,882,2024-04-22,hardware,high,0
1852,197,2022-12-31,hardware,low,1
679,33,2022-03-04,software,low,0
416,943,2022-08-31,hardware,low,0
1357,754,2020-03-12,software,high,0
2015,658,2025-03-29,software,low,0
2846,83,2024-08-27,hardware,high,1
2295,110,2020-06-04,hardware,medium,0
2778,728,2022-04-28,software,high,0
1675,279,2023-09-04,software,low,0
1869,452,2022-01-23,hardware,low,0
808,699,2020-12-04,software,low,0
2275,513,2021-10-04,software,medium,0
476,517,2022-07-13,hardware,low,0
104,777,2020-06-14,software,high,0
1103,544,2022-10-18,hardware,medium,0
1332,730,2021-06-01,hardware,high,0
791,962,2022-04-13,hardware,medium,0
743,196,2023-08-18,hardware,low,0
2433,135,2021-06-15,hardware,medium,0
1584,644,2023-01-12,software,medium,0
489,261,2022-05-25,software,low,0
2357,323,2023-07-13,software,low,0
881,769,2020-06-29,software,medium,0
2179,18,2025-01-25,software,medium,1
2239,204,2023-10-30,hardware,low,1
559,656,2021-12-19,software,high,0
1484,256,2021-07-04,hardware,medium,0
593,472,2023-08-03,software,high,0
2104,589,2023-01-18,software,high,1
1254,295,2024-07-02,software,low,0
2859,340,2024-06-04,software,low,1
2287,179,2022-05-14,software,medium,0
1983,397,2021-08-09,software,medium,0
1229,455,2020-11-26,software,low,1
2248,670,2021-04-24,hardware,low,0
1722,224,2022-04-17,software,high,0
2913,614,2020-11-06,software,high,0
828,376,2022-02-26,software,high,0
2103,81,2020-07-20,software,high,0
1018,471,2021-08-17,hardware,low,0
990,928,2022-03-21,software,high,0
1223,228,2022-01-06,hardware,high,0
1116,876,2020-02-26,hardware,medium,0
1586,703,2025-02-24,software,low,1
2477,543,2020-01-24,software,low,0
682,705,2020-02-27,software,low,0
793,745,2021-04-26,hardware,high,0
2978,663,2021-08-16,hardware,high,0
2744,507,2020-06-15,hardware,medium,0
913,804,2023-08-08,software,medium,0
1094,931,2020-03-13,software,low,0
72,531,2023-05-13,hardware,low,0
800,758,2020-06-24,software,medium,0
1397,224,2024-08-03,software,medium,1
2350,376,2023-01-25,software,high,1
2543,39,2022-05-09,software,high,0
1905,242,2025-03-11,hardware,medium,0
1521,653,2024-12-04,software,medium,1
1637,987,2024-04-20,hardware,high,1
1658,765,2022-11-01,hardware,medium,0
1124,575,2024-03-23,software,high,1
661,758,2024-10-02,software,high,1
895,612,2021-05-03,software,high,0
2471,981,2023-08-16,hardware,medium,0
2853,416,2024-12-22,software,low,1
1667,511,2024-05-13,software,medium,0
1410,387,2020-04-19,hardware,medium,0
969,967,2020-01-30,software,low,0
2340,300,2023-04-12,software,medium,0
2486,789,2022-11-12,hardware,low,0
1975,637,2022-10-17,hardware,medium,0
2876,753,2023-10-19,software,high,1
1010,193,2022-02-08,software,high,0
2395,853,2023-04-04,hardware,low,1
2745,936,2021-09-15,hardware,low,0
882,194,2022-10-16,hardware,high,0
2503,475,2023-11-06,software,medium,1
2708,759,2022-09-02,software,medium,1
2380,727,2023-02-10,software,low,0
1287,425,2024-06-09,hardware,medium,0
252,476,2023-12-14,software,high,0
1005,511,2020-06-03,software,low,0
524,957,2024-05-17,software,low,0
591,845,2024-02-03,hardware,medium,0
1418,56,2023-01-01,software,medium,1
2681,505,2022-04-07,hardware,high,0
92,702,2022-11-08,hardware,medium,0
2652,177,2024-01-27,hardware,medium,0
1412,347,2020-03-28,hardware,high,0
1702,124,2024-06-04,software,low,0
379,286,2021-10-03,software,high,0
1048,29,2024-11-15,software,low,1
2416,841,2021-04-06,software,low,0
2636,442,2023-06-06,software,medium,0
2725,181,2024-06-24,software,high,0
1436,875,2020-01-24,software,low,0
1522,19,2021-08-07,software,low,0
2410,108,2022-07-09,hardware,low,0
2353,680,2021-04-11,software,low,0
2472,659,2022-12-24,software,high,0
600,180,2021-12-03,software,high,0
2382,308,2023-10-27,hardware,low,0
1768,504,2021-06-02,software,low,0
142,879,2021-01-07,hardware,medium,0
2545,740,2020-10-21,software,high,0
2307,125,2024-07-14,hardware,low,0
1727,862,2020-09-29,software,medium,0
219,962,2020-11-15,software,medium,0
241,908,2022-08-14,hardware,low,0
272,929,2024-10-30,software,medium,1
1399,379,2025-03-27,software,medium,1
1694,690,2021-10-08,hardware,medium,0
694,984,2024-08-05,software,low,0
1512,727,2020-07-16,software,medium,0
1454,930,2023-12-10,hardware,low,0
1142,376,2025-01-12,software,high,0
137,900,2021-08-11,software,medium,0
106,962,2021-04-14,hardware,medium,0
1781,850,2024-07-03,software,low,1
2013,407,2021-06-28,hardware,medium,0
2263,293,2022-08-07,software,medium,0
99,601,2024-02-05,software,medium,1
1330,869,2022-10-31,software,low,0
462,376,2022-09-12,software,high,0
274,789,2021-09-05,hardware,medium,0
1255,313,2021-08-10,software,high,0
162,338,2022-07-04,software,medium,0
352,245,2022-08-14,hardware,medium,1
2873,521,2021-05-19,hardware,high,0
1032,905,2020-11-04,software,low,0
1558,352,2023-09-23,hardware,high,0
127,434,2022-03-31,software,high,0
880,194,2021-02-08,software,high,0
967,773,2022-04-25,software,high,0
1607,752,2020-12-27,hardware,medium,0
1242,529,2020-10-25,software,low,0
508,445,2024-11-26,hardware,high,1
2768,19,2021-03-07,software,low,0
673,66,2023-08-18,hardware,low,0
2211,719,2021-03-02,software,low,0
465,52,2020-01-15,hardware,low,0
52,642,2021-11-29,software,low,1
45,77,2021-12-28,hardware,high,1
1281,963,2021-07-29,hardware,medium,0
15,615,2024-06-30,hardware,high,1
1861,216,2021-01-16,software,low,0
1818,312,2020-08-29,hardware,high,0
2310,903,2024-04-15,software,medium,1
2857,14,2022-08-09,hardware,medium,0
2662,829,2020-08-08,hardware,low,0
185,40,2025-03-08,hardware,high,1
704,863,2022-07-28,software,low,0
1328,938,2021-06-21,software,medium,0
421,537,2024-06-01,software,medium,1
672,737,2023-10-19,hardware,high,1
2334,304,2022-03-08,software,high,0
1106,297,2024-06-10,software,high,1
2057,745,2021-01-04,hardware,low,0
2419,309,2021-12-20,software,low,0
2834,953,2022-02-25,hardware,medium,0
121,447,2021-09-09,software,medium,0
2279,609,2020-07-11,hardware,high,0
983,606,2021-06-13,software,low,0
2498,239,2024-01-16,software,high,0
1954,44,2022-06-25,hardware,high,0
2256,596,2023-09-15,software,low,0
3000,167,2024-06-03,software,medium,0
1744,977,2022-07-28,software,medium,0
295,817,2021-01-18,software,high,0
1749,225,2022-09-26,hardware,high,0
1580,602,2020-07-10,hardware,high,0
2202,261,2021-03-09,hardware,medium,0
1544,927,2023-07-22,software,medium,0
2538,970,2024-06-09,hardware,high,1
1052,717,2025-02-11,hardware,low,0
114,153,2022-08-02,hardware,high,0
2831,633,2023-07-12,software,high,0
2262,88,2022-02-21,hardware,medium,0
689,333,2023-03-02,software,medium,1
1652,139,2021-03-12,hardware,medium,1
2969,99,2020-07-15,hardware,medium,0
2269,262,2021-08-11,software,medium,0
667,17,2022-08-13,software,medium,1
410,323,2020-04-19,hardware,medium,0
572,995,2024-10-18,software,medium,1
2492,200,2021-01-26,hardware,low,0
1172,46,2022-02-23,hardware,medium,0
1002,692,2023-07-04,hardware,high,0
1540,802,2023-12-05,software,medium,0
2411,664,2025-01-12,hardware,high,1
2634,606,2022-07-01,hardware,low,0
2390,178,2022-07-14,hardware,high,0
2167,170,2020-05-26,hardware,high,0
2101,357,2022-05-11,hardware,low,0
391,812,2023-06-08,hardware,low,0
1125,489,2021-07-12,software,medium,0
2605,59,2023-04-16,hardware,high,0
2519,112,2020-02-16,software,low,0
2964,272,2021-03-28,software,low,1
924,216,2022-01-04,hardware,medium,0
278,829,2023-08-02,software,medium,0
275,692,2020-03-09,software,low,0
872,630,2021-07-11,hardware,low,0
935,955,2021-06-11,hardware,medium,0
1015,271,2021-05-18,hardware,low,0
2494,479,2023-09-12,hardware,high,0
2201,678,2020-09-06,hardware,low,0
1391,839,2020-06-10,software,high,0
2226,645,2024-08-12,software,low,0
1596,288,2024-11-25,hardware,low,0
205,574,2021-01-23,hardware,low,0
1303,633,2025-01-03,software,medium,0
816,552,2021-09-23,hardware,low,0
351,431,2024-01-12,software,medium,0
2413,148,2021-07-23,software,low,0
2588,545,2023-10-14,hardware,high,0
1259,818,2020-12-09,software,medium,0
1393,560,2024-10-29,software,high,1
1577,300,2020-03-25,hardware,low,0
556,572,2021-02-13,hardware,medium,0
598,961,2023-04-06,software,medium,0
248,501,2021-10-21,hardware,high,0
1386,391,2023-01-26,hardware,low,0
119,222,2023-12-30,hardware,high,0
2391,907,2020-11-03,software,high,0
2905,441,2025-03-27,hardware,medium,1
324,643,2021-05-13,software,medium,0
1878,901,2025-01-21,hardware,low,1
2896,784,2022-08-25,hardware,medium,0
2793,290,2022-08-09,hardware,high,0
1759,515,2023-10-04,hardware,medium,0
2442,514,2024-05-03,hardware,low,1
326,960,2020-08-29,software,high,0
1624,313,2021-10-02,software,low,0
375,872,2022-07-13,hardware,medium,0
2691,503,2022-01-30,hardware,low,0
2961,715,2021-05-27,software,medium,0
2986,583,2022-02-15,hardware,medium,0
1640,796,2024-02-18,software,low,0
2517,117,2022-05-24,hardware,low,0
763,92,2021-11-11,software,medium,0
721,719,2021-03-08,software,high,1
1591,176,2022-12-21,hardware,medium,0
115,273,2022-12-11,software,medium,0
629,197,2020-09-14,hardware,low,0
2124,679,2025-04-13,software,medium,0
1283,113,2021-11-29,software,medium,0
2534,44,2020-02-28,hardware,low,0
1876,660,2020-08-06,software,high,0
536,104,2023-04-28,software,medium,0
65,965,2023-01-27,hardware,medium,1
1305,146,2021-10-22,hardware,medium,0
535,143,2023-06-14,software,low,1
1178,430,2022-06-19,hardware,high,0
1009,183,2023-02-02,hardware,low,1
617,274,2024-09-06,hardware,medium,1
2902,482,2024-06-01,software,high,1
371,211,2021-06-04,software,high,0
1067,827,2024-10-02,hardware,high,0
1451,28,2021-04-23,hardware,medium,1
1461,613,2022-06-09,software,high,0
505,577,2023-01-22,software,high,1
1042,514,2021-09-03,hardware,high,0
164,828,2023-04-03,hardware,medium,0
2863,284,2021-05-03,hardware,medium,0
76,467,2025-03-30,hardware,high,1
1190,249,2021-04-20,software,low,0
2684,790,2020-06-08,hardware,medium,0
1066,316,2021-08-19,software,high,0
1720,858,2024-11-18,hardware,medium,0
575,906,2020-05-23,software,low,0
1821,809,2024-02-25,hardware,medium,0
735,663,2023-01-09,hardware,low,0
2345,816,2023-06-10,hardware,low,0
2987,530,2020-06-10,software,high,0
2288,810,2020-06-19,hardware,high,0
847,812,2020-04-18,software,medium,0
369,8,2020-04-01,hardware,high,0
2283,169,2023-06-07,hardware,low,0
2675,638,2023-10-29,software,low,0
2593,236,2022-05-31,software,low,1
2801,522,2022-06-10,software,high,0
1791,385,2024-03-08,hardware,low,1
2609,417,2020-03-13,hardware,low,0
89,842,2020-08-02,software,medium,0
982,618,2024-04-02,hardware,medium,0
541,701,2024-09-05,software,medium,1
2033,769,2024-01-20,hardware,medium,0
170,829,2022-11-07,software,low,0
2512,148,2024-05-13,software,high,1
1137,186,2020-01-31,hardware,medium,0
2903,493,2023-03-03,software,medium,0
769,103,2024-04-27,hardware,high,1
2491,115,2025-04-07,hardware,low,1
1820,165,2023-08-09,software,medium,0
2653,892,2021-02-22,hardware,high,0
628,467,2022-12-09,software,high,0
2763,876,2021-11-17,software,medium,0
232,107,2024-01-11,hardware,medium,0
1859,460,2023-10-13,hardware,low,0
1093,559,2023-11-01,hardware,high,1
2611,441,2023-01-14,software,medium,0
1763,209,2022-11-12,hardware,low,0
2647,745,2024-02-23,hardware,high,0
1487,974,2024-02-25,hardware,medium,1
190,818,2024-01-10,software,high,0
2754,933,2021-09-04,software,low,0
1076,983,2020-02-07,hardware,medium,0
894,270,2020-08-29,hardware,high,0
532,488,2021-03-29,software,low,1
646,457,2025-03-12,hardware,low,1
2396,410,2024-07-08,hardware,medium,0
2153,481,2022-05-03,software,medium,0
722,757,2024-02-12,hardware,low,0
1765,936,2020-01-14,software,medium,0
1006,758,2024-03-31,hardware,low,1
2456,334,2021-11-10,software,medium,0
1111,634,2023-04-22,hardware,medium,0
2252,540,2025-01-06,hardware,high,1
2541,79,2024-04-18,hardware,high,0
5,394,2024-01-27,software,medium,1
1656,252,2021-06-01,software,low,0
1762,694,2021-11-20,software,medium,0
2470,34,2022-05-09,hardware,high,0
877,550,2020-08-06,software,low,0
788,115,2020-06-02,software,low,0
1252,294,2021-12-26,hardware,low,0
2452,557,2020-01-12,software,medium,0
612,6,2024-06-08,hardware,medium,0
2975,976,2023-06-18,hardware,medium,0
1931,975,2024-01-17,software,high,0
516,845,2024-06-23,hardware,low,0
1528,716,2022-10-30,hardware,medium,0
1037,96,2024-03-18,hardware,low,0
455,680,2023-03-08,software,medium,0
2349,122,2025-04-18,software,high,1
778,437,2021-12-17,software,high,0
1036,331,2023-02-22,software,low,0
651,540,2022-10-30,software,low,0
260,950,2024-09-19,hardware,medium,1
2843,396,2025-01-30,hardware,high,1
652,307,2022-11-16,hardware,medium,1
1795,384,2021-01-02,hardware,high,0
172,608,2021-03-07,hardware,low,0
173,144,2023-06-14,software,low,0
2680,314,2022-03-18,software,low,0
339,583,2022-11-03,software,medium,1
2722,70,2021-03-19,software,high,0
310,953,2021-04-09,software,high,0
697,626,2020-09-21,hardware,medium,0
1074,626,2022-08-10,software,high,0
2070,237,2020-11-23,hardware,medium,0
2444,438,2021-01-26,software,medium,0
1227,937,2022-02-11,hardware,low,0
1398,510,2025-02-21,hardware,high,0
2421,736,2023-03-09,software,medium,1
1300,76,2024-09-28,software,low,0
1867,767,2023-07-22,software,high,0
784,342,2024-12-15,hardware,medium,1
1264,638,2023-07-17,software,medium,0
1569,341,2020-04-05,software,low,0
1389,853,2020-12-07,software,medium,0
201,6,2020-08-29,software,low,0
1725,938,2023-06-19,hardware,low,0
2882,419,2024-05-01,software,low,1
2,984,2024-04-14,software,medium,0
1007,811,2022-03-09,software,high,0
945,898,2023-05-26,software,low,0
1757,707,2024-10-21,hardware,medium,1
1133,591,2022-05-17,hardware,medium,0
565,476,2024-06-29,software,medium,1
1467,456,2020-03-03,software,medium,0
823,727,2023-10-10,software,low,0
2131,321,2024-06-27,software,medium,0
300,958,2022-05-07,software,high,0
2424,164,2023-04-08,hardware,high,0
775,284,2023-09-20,hardware,high,0
2261,324,2023-09-07,hardware,high,0
976,336,2020-09-01,hardware,low,0
654,440,2020-10-28,software,medium,0
1883,485,2025-01-12,software,high,1
2880,100,2025-04-04,software,high,1
509,848,2020-03-03,software,medium,0
435,211,2020-01-12,hardware,high,0
1321,687,2023-05-29,hardware,high,0
1952,582,2023-12-04,software,medium,0
2739,527,2022-12-29,hardware,high,1
1100,644,2021-04-05,software,high,1
2549,807,2022-03-25,software,high,0
1617,802,2020-12-08,software,high,0
2328,278,2021-05-18,software,medium,0
182,623,2021-11-05,hardware,high,0
2343,451,2025-02-14,software,high,0
2548,435,2021-02-02,hardware,low,1
833,553,2023-06-22,software,high,0
557,582,2025-02-19,hardware,low,1
1092,408,2022-04-02,hardware,medium,0
2443,481,2020-07-13,software,medium,0
1572,658,2024-03-30,hardware,medium,0
561,608,2023-03-07,hardware,low,0
814,358,2021-10-14,hardware,medium,0
2314,781,2024-12-11,software,medium,0
473,988,2023-03-23,software,medium,0
886,333,2024-07-30,software,low,0
422,614,2023-06-30,hardware,high,0
1105,489,2022-03-28,hardware,low,0
450,853,2023-07-16,software,medium,0
2635,511,2020-11-12,hardware,high,0
1050,859,2024-07-22,hardware,medium,0
2059,640,2024-12-22,software,high,0
2700,270,2020-09-19,software,high,0
2979,176,2021-01-04,hardware,high,0
311,463,2025-01-20,hardware,low,0
1310,115,2021-12-07,software,high,0
669,865,2024-12-10,hardware,low,0
2769,285,2025-03-13,hardware,high,0
331,556,2021-05-19,software,low,1
2060,116,2021-02-10,hardware,high,0
942,934,2023-04-09,software,high,0
2168,32,2022-07-27,hardware,high,1
120,889,2021-03-20,software,high,0
973,148,2024-01-02,hardware,medium,0
1407,287,2022-08-07,hardware,low,1
2995,341,2020-05-26,software,low,0
2333,480,2022-12-17,software,medium,1
2670,586,2024-06-12,software,low,1
1769,157,2022-11-11,software,high,1
1874,784,2021-01-11,hardware,medium,0
2071,457,2023-08-23,software,low,0
579,19,2022-10-29,software,medium,1
1162,939,2023-04-24,software,low,1
2032,484,2023-12-12,hardware,medium,0
448,876,2023-02-22,software,low,0
941,608,2024-08-19,software,low,0
1372,94,2022-09-21,software,low,1
2386,344,2023-04-15,software,high,0
2043,767,2021-10-29,software,high,0
2628,482,2022-11-14,hardware,high,0
799,714,2020-10-04,software,medium,0
921,475,2023-10-21,hardware,high,1
2490,367,2023-03-20,software,low,1
583,182,2024-02-23,hardware,low,1
1830,462,2022-12-18,hardware,medium,1
2405,299,2024-03-20,software,medium,0
1833,538,2022-05-07,hardware,low,0
648,842,2021-06-27,hardware,medium,0
2372,262,2020-05-15,hardware,high,0
2278,929,2020-09-03,hardware,high,0
2425,558,2023-02-11,hardware,medium,1
1871,762,2021-09-06,software,medium,0
1951,996,2023-01-02,hardware,low,1
2959,746,2020-03-12,software,medium,0
1404,547,2021-11-13,hardware,high,0
1706,948,2022-02-16,hardware,low,0
1943,741,2025-02-08,hardware,medium,0
1998,478,2025-01-21,software,high,0
623,480,2021-05-14,software,medium,0
1587,886,2023-06-08,hardware,high,1
2980,586,2022-01-12,software,low,0
850,820,2021-05-22,hardware,high,0
2999,222,2020-04-10,hardware,high,0
259,506,2024-05-06,software,medium,1
586,426,2024-06-16,software,medium,0
2030,757,2024-05-13,software,high,0
1322,258,2022-03-06,software,high,0
730,563,2022-02-24,hardware,low,0
1602,115,2021-01-04,hardware,high,0
398,82,2020-05-17,hardware,high,0
174,317,2024-07-08,software,medium,0
1849,296,2021-09-04,software,low,0
1932,403,2021-03-10,software,high,0
2205,861,2022-01-04,hardware,medium,0
2145,811,2022-07-21,software,medium,0
1177,715,2022-12-29,hardware,high,0
1359,697,2020-01-29,hardware,high,0
958,687,2022-06-10,hardware,medium,0
594,63,2020-01-18,software,high,0
1500,586,2021-10-07,software,low,0
1593,147,2021-04-05,software,low,1
2222,3,2023-09-08,hardware,low,0
1354,871,2025-01-23,hardware,medium,0
1350,48,2023-02-05,hardware,high,0
414,830,2021-05-26,software,low,0
2728,181,2024-02-25,software,high,1
856,754,2023-10-16,hardware,medium,0
2361,980,2023-10-07,software,high,1
2631,609,2023-12-26,software,high,0
2042,940,2021-12-30,hardware,low,0
596,373,2020-04-21,hardware,high,0
1964,723,2023-06-04,software,medium,1
2564,302,2021-10-19,hardware,high,0
2942,384,2020-07-13,hardware,medium,0
2802,887,2022-06-03,software,medium,0
2664,428,2021-01-01,hardware,high,0
2009,700,2022-06-27,hardware,medium,0
1970,950,2025-01-08,software,low,0
2819,627,2025-04-12,hardware,medium,0
153,319,2025-04-01,software,high,0
507,251,2020-01-19,hardware,low,0
2820,442,2023-11-03,hardware,low,0
2883,216,2022-04-08,software,high,0
2143,311,2023-08-20,hardware,low,0
1203,988,2023-01-06,software,high,0
2338,791,2024-05-07,software,medium,1
2727,198,2020-08-21,software,low,0
2856,271,2021-05-05,hardware,high,0
237,946,2021-05-01,hardware,high,0
1352,376,2020-05-27,hardware,high,0
2552,762,2022-03-09,software,high,0
329,961,2021-07-29,software,low,0
2232,642,2023-11-03,software,medium,0
1907,124,2021-01-25,hardware,medium,1
187,767,2020-01-15,software,low,0
2112,872,2023-05-28,software,high,0
756,42,2025-01-26,software,low,0
843,55,2024-07-16,software,high,1
2170,183,2020-07-15,software,low,0
951,1,2021-11-09,software,high,0
2530,424,2023-08-13,software,medium,1
1191,137,2021-03-31,hardware,high,0
812,427,2022-09-23,software,low,0
543,113,2022-11-22,hardware,high,0
2954,683,2024-09-01,hardware,low,1
1789,929,2025-02-02,hardware,medium,0
1249,222,2023-09-12,hardware,medium,0
1224,600,2020-12-29,hardware,high,1
1130,601,2020-05-14,software,low,0
570,363,2024-03-05,hardware,high,1
2025,30,2024-09-15,software,medium,1
2130,275,2024-05-28,hardware,high,1
2280,197,2022-05-21,software,low,0
2134,426,2023-03-16,hardware,high,0
2446,249,2022-01-22,software,high,0
1743,479,2021-09-29,hardware,low,0
884,782,2021-09-03,hardware,high,0
863,325,2025-01-02,hardware,high,1
2992,106,2020-04-06,hardware,medium,0
2459,35,2024-05-16,software,low,0
211,454,2021-07-24,software,low,0
2948,158,2025-01-31,hardware,medium,0
1288,888,2020-09-10,software,medium,0
2649,788,2022-07-16,software,low,0
2427,979,2025-02-13,software,medium,0
1033,417,2021-03-10,hardware,high,0
2938,756,2022-02-07,software,low,0
279,524,2022-08-13,software,high,0
2178,554,2021-01-06,hardware,low,0
2711,162,2023-02-16,software,low,0
1783,137,2022-03-24,hardware,medium,0
2746,518,2022-10-12,software,low,1
846,553,2021-11-13,software,medium,0
901,479,2024-10-20,software,medium,0
16,832,2025-01-08,software,high,0
1368,107,2021-11-16,software,low,0
1938,428,2024-04-03,software,low,0
2429,801,2021-01-19,software,low,0
459,324,2020-08-02,hardware,low,0
470,612,2021-06-27,software,medium,0
2523,601,2024-04-07,software,medium,1
2011,354,2022-07-21,hardware,low,0
533,499,2022-06-09,hardware,medium,0
1663,41,2023-03-21,software,low,1
1213,895,2022-12-14,software,high,1
724,85,2022-10-21,software,high,0
2467,263,2023-10-29,software,low,1
2127,837,2021-05-19,hardware,medium,0
1053,528,2021-06-11,software,high,0
467,794,2022-01-12,software,low,0
2105,504,2021-09-20,software,medium,0
887,491,2023-06-08,hardware,high,0
2401,318,2023-05-18,hardware,high,0
2317,92,2022-02-02,software,low,0
2468,432,2020-01-02,software,low,0
337,915,2020-03-01,hardware,low,0
2550,335,2022-12-10,hardware,medium,1
2901,689,2020-10-08,software,low,0
2142,562,2023-12-07,hardware,medium,0
1108,58,2023-12-31,software,high,0
2289,7,2021-08-01,software,high,0
845,435,2020-11-03,hardware,high,0
1001,938,2022-07-27,software,medium,0
2126,340,2022-10-23,software,medium,0
1443,223,2023-01-22,software,low,1
1698,627,2020-12-20,software,low,1
1775,287,2023-03-27,software,medium,0
918,964,2025-04-07,software,medium,1
1369,893,2020-05-25,software,low,0
2514,776,2024-11-14,software,medium,1
1650,886,2021-07-31,software,low,0
2735,871,2022-04-05,hardware,high,0
649,361,2023-05-18,software,high,0
141,974,2022-10-12,software,low,0
2862,203,2024-09-21,software,low,0
167,731,2024-10-29,software,low,1
2373,871,2025-02-08,software,medium,0
2187,754,2021-11-19,hardware,high,0
2366,480,2022-07-31,hardware,high,0
481,574,2022-05-18,software,high,0
1815,775,2025-04-13,software,high,1
537,676,2023-10-02,hardware,high,0
1230,50,2021-11-18,software,high,0
1088,384,2024-08-09,hardware,medium,1
2643,647,2022-09-12,software,medium,0
2850,154,2020-06-15,software,high,0
1253,657,2024-08-01,software,high,0
630,552,2022-05-16,hardware,high,0
198,447,2021-04-17,software,medium,0
1481,800,2022-11-26,hardware,low,1
1061,63,2021-10-09,hardware,high,0
2671,947,2021-01-18,software,high,0
1527,941,2024-10-24,software,low,1
2606,150,2021-05-30,software,medium,0
2988,54,2020-12-18,software,medium,0
2791,75,2023-02-20,software,low,0
2339,525,2023-04-14,hardware,medium,0
1059,574,2020-06-06,software,high,0
1463,152,2024-04-26,hardware,high,0
1406,806,2023-05-25,software,low,0
245,35,2020-11-26,hardware,medium,0
820,568,2024-04-18,software,high,1
8,565,2020-08-01,hardware,low,0
758,830,2023-05-08,hardware,low,0
1306,437,2023-05-04,software,medium,0
2858,557,2023-07-24,software,low,0
2918,493,2022-09-22,hardware,low,0
327,207,2022-05-06,hardware,low,0
54,235,2024-03-06,software,medium,0
2463,886,2021-08-26,software,medium,0
1313,676,2025-03-14,software,medium,0
620,995,2023-01-09,hardware,medium,0
1887,816,2025-01-17,hardware,medium,0
849,422,2023-12-16,software,medium,1
1557,953,2021-08-03,hardware,high,0
869,970,2024-01-14,hardware,medium,0
1196,598,2024-01-31,hardware,low,1
1479,173,2022-06-30,hardware,medium,0
1286,758,2021-12-06,software,high,0
77,31,2024-11-01,software,low,1
975,693,2022-03-15,software,low,0
2699,343,2023-07-28,hardware,high,0
875,88,2024-09-20,software,low,1
1753,680,2024-11-28,hardware,low,0
2950,589,2024-09-21,hardware,high,1
1488,258,2022-08-06,software,low,0
132,783,2022-12-14,software,low,1
2712,127,2023-07-28,software,medium,0
501,836,2021-09-25,hardware,low,0
1696,734,2022-11-07,hardware,medium,0
487,501,2023-11-04,software,medium,1
1850,247,2021-05-23,software,low,0
889,230,2020-01-05,hardware,medium,0
285,660,2023-12-30,software,medium,0
1387,287,2020-11-28,hardware,high,1
1078,623,2023-08-25,hardware,high,0
744,661,2024-07-26,hardware,low,0
752,59,2020-10-06,software,low,0
1466,903,2022-07-29,software,low,1
1635,396,2023-12-26,hardware,high,0
2887,12,2023-09-17,software,medium,0
2622,705,2024-08-21,hardware,low,1
851,555,2025-03-02,software,high,1
1682,476,2023-05-15,hardware,low,0
1927,821,2025-01-03,hardware,high,1
116,885,2022-09-27,software,high,1
1380,751,2022-04-09,hardware,high,0
1275,905,2022-05-04,software,medium,0
2688,808,2023-12-26,software,medium,0
1678,376,2020-01-09,software,high,0
587,85,2021-05-26,hardware,low,0
2718,287,2021-11-21,software,high,0
451,794,2020-12-01,hardware,medium,0
2526,256,2022-03-31,software,low,0
156,627,2023-12-30,hardware,high,0
478,16,2023-09-20,software,medium,0
60,321,2023-07-02,software,low,0
223,747,2024-09-06,software,medium,0
126,692,2023-01-07,software,medium,0
1151,693,2024-09-21,hardware,high,0
2274,96,2023-07-29,hardware,high,0
1776,779,2021-12-07,hardware,medium,0
1721,492,2022-08-27,software,medium,0
2272,377,2024-08-01,software,high,0
519,970,2023-04-27,software,low,0
1537,200,2020-03-06,software,low,0
2958,100,2020-07-21,hardware,medium,0
2483,591,2020-08-05,software,high,0
2069,380,2020-08-15,hardware,high,0
81,366,2022-02-21,software,high,0
2536,539,2023-01-22,hardware,low,0
2971,145,2020-01-28,hardware,low,0
2304,150,2022-05-23,hardware,high,0
424,785,2024-03-14,hardware,medium,0
143,12,2023-01-22,software,low,0
2063,971,2024-02-18,software,medium,1
344,126,2024-10-14,software,medium,0
2348,818,2024-01-02,software,high,0
916,153,2024-10-25,software,medium,1
2599,424,2022-04-15,software,high,0
2094,127,2025-04-08,software,low,0
844,606,2024-01-31,software,medium,1
2679,31,2022-02-11,software,high,0
2347,188,2021-03-10,hardware,medium,1
1899,86,2022-09-26,software,low,0
2529,414,2020-07-04,software,low,0
68,13,2024-01-02,software,medium,0
90,128,2021-02-16,software,low,1
2602,781,2025-02-15,software,medium,1
1251,721,2021-11-16,software,low,0
1748,434,2024-07-24,software,medium,1
1362,708,2024-08-07,hardware,high,1
2141,793,2020-07-24,hardware,low,0
1344,471,2020-02-11,software,medium,0
2240,768,2022-12-31,software,high,1
1644,23,2020-09-07,hardware,medium,0
1546,914,2025-01-05,hardware,medium,1
1549,432,2021-02-26,software,low,0
2006,533,2023-08-13,software,medium,0
625,563,2021-12-13,software,low,0
2989,802,2023-09-08,software,medium,0
1297,411,2024-02-19,hardware,low,1
2743,947,2022-11-08,software,medium,0
444,38,2020-01-30,hardware,high,0
1985,162,2022-04-04,hardware,low,0
2388,437,2023-06-05,hardware,medium,1
192,133,2020-03-06,hardware,medium,0
998,78,2022-05-29,hardware,medium,0
2196,733,2020-06-15,software,medium,0
2149,868,2022-02-27,software,medium,0
1576,819,2024-10-03,software,high,0
2898,269,2022-07-05,hardware,low,0
163,225,2024-10-24,hardware,high,1
984,246,2023-07-11,hardware,medium,0
280,310,2022-04-01,hardware,low,0
1519,575,2023-07-26,software,high,0
740,238,2025-01-04,hardware,medium,0
2064,62,2023-09-20,software,medium,0
2985,743,2021-11-09,hardware,low,0
1314,861,2022-01-07,software,low,0
1277,982,2023-11-16,software,high,0
1649,130,2021-02-06,hardware,low,0
595,778,2023-06-14,software,low,0
1351,501,2023-09-16,software,high,0
2156,81,2022-11-30,hardware,medium,0
2119,260,2024-01-13,software,medium,0
1746,962,2023-07-29,software,low,0
1533,840,2020-12-29,hardware,high,0
1021,245,2025-01-12,software,high,1
1083,772,2025-04-07,hardware,medium,0
1940,294,2022-04-20,software,low,0
2721,772,2022-05-19,hardware,medium,0
2255,564,2023-08-09,software,high,0
605,870,2021-04-25,software,low,1
1633,992,2024-07-18,software,low,1
1402,593,2024-09-28,hardware,medium,0
956,702,2024-08-11,hardware,medium,1
2147,340,2021-05-10,software,high,0
1745,934,2024-11-03,hardware,medium,1
2188,833,2021-05-04,hardware,medium,0
1155,88,2023-12-11,software,medium,0
1490,223,2022-10-16,hardware,medium,0
2082,619,2023-09-29,software,medium,0
1312,223,2023-12-04,hardware,high,1
1653,81,2023-11-30,hardware,high,0
497,822,2020-03-03,hardware,high,0
1180,422,2020-07-28,hardware,high,0
221,986,2021-09-07,software,high,0
2994,141,2025-03-18,software,high,1
307,814,2022-08-01,hardware,medium,0
946,482,2021-09-25,hardware,low,0
498,732,2020-08-08,hardware,medium,0
2847,892,2025-03-31,hardware,high,0
1570,447,2025-01-15,software,low,0
2936,544,2025-02-21,hardware,medium,0
1285,517,2024-12-20,software,high,1
317,628,2025-03-12,hardware,low,0
2302,834,2022-02-02,software,low,0
2516,709,2022-09-23,software,medium,0
699,421,2024-12-06,software,high,1
1891,782,2024-01-28,hardware,medium,0
2448,533,2021-09-22,software,high,0
2092,494,2024-04-14,software,high,0
2321,166,2021-07-24,software,high,0
2813,472,2021-07-18,hardware,high,0
2409,992,2024-06-11,hardware,high,1
2924,772,2024-04-15,hardware,high,1
962,848,2024-01-30,hardware,high,0
2981,208,2020-10-17,hardware,high,0
2318,335,2023-03-09,software,high,1
1374,157,2022-12-09,hardware,medium,1
2148,314,2021-01-30,software,medium,1
1676,148,2023-02-17,software,low,1
2826,688,2022-04-07,hardware,high,0
390,19,2020-06-29,software,low,0
1144,338,2022-12-06,hardware,low,1
418,152,2020-09-08,software,low,0
727,748,2025-03-08,hardware,high,0
1163,535,2021-07-17,hardware,high,0
57,592,2022-12-14,software,low,0
488,459,2021-05-15,hardware,medium,1
795,715,2021-03-15,hardware,medium,0
1409,444,2020-01-28,software,high,0
2963,520,2023-04-27,software,high,1
558,854,2024-04-25,software,high,1
39,693,2020-02-04,hardware,low,0
2220,74,2022-12-23,software,medium,0
1677,906,2024-09-04,software,high,1
2224,977,2025-01-17,hardware,high,0
388,124,2024-01-26,hardware,low,1
218,145,2022-12-21,hardware,high,0
746,550,2022-09-28,software,low,0
1138,885,2024-05-23,hardware,low,0
1128,94,2023-01-25,hardware,low,0
1687,795,2020-02-16,hardware,low,0
1963,745,2023-03-30,software,high,0
2940,80,2022-12-18,hardware,low,0
772,889,2023-01-20,hardware,low,0
403,491,2023-01-15,software,low,0
2241,202,2024-08-22,software,high,1
346,131,2024-01-29,hardware,medium,0
1408,56,2022-10-19,software,medium,0
1953,711,2022-05-06,hardware,high,0
2553,696,2023-03-06,software,low,0
1834,345,2022-04-02,hardware,medium,0
384,416,2024-08-27,hardware,high,1
1685,436,2021-01-30,hardware,high,0
2374,770,2024-04-29,software,medium,1
639,497,2022-12-26,hardware,high,1
2243,902,2021-10-06,software,high,0
1562,978,2023-05-21,software,high,0
1958,324,2021-10-25,hardware,low,0
158,631,2021-06-02,software,medium,0
2966,594,2023-07-29,software,low,0
2140,462,2020-09-06,software,medium,0
2088,888,2021-10-06,software,low,0
726,854,2024-09-11,hardware,low,0
1444,584,2020-01-03,software,low,0
2729,89,2023-05-16,hardware,medium,0
2110,425,2020-03-01,hardware,medium,0
1437,687,2022-06-27,software,medium,1
1012,2,2025-03-02,hardware,high,1
554,687,2021-12-04,software,high,0
1962,454,2020-11-30,software,high,0
1847,274,2022-05-16,software,medium,0
2352,230,2023-01-15,hardware,high,0
1794,706,2024-05-25,hardware,high,0
1496,903,2022-06-18,hardware,low,0
1726,529,2021-04-10,hardware,medium,0
2672,726,2021-11-12,hardware,low,0
1728,188,2023-09-15,software,low,0
1346,882,2021-07-16,software,low,1
1936,581,2020-08-14,hardware,medium,0
265,658,2021-02-17,hardware,medium,0
2316,194,2021-05-28,hardware,medium,0
2162,676,2022-05-23,hardware,low,0
2253,910,2022-06-05,software,medium,0
1494,412,2023-06-01,hardware,high,0
1003,884,2020-11-07,hardware,low,0
2246,191,2020-06-30,hardware,medium,0
723,653,2021-01-13,hardware,medium,1
2319,291,2023-10-31,hardware,low,0
621,525,2022-10-31,hardware,low,0
1686,122,2025-02-07,software,high,0
2943,172,2023-09-02,software,high,0
2365,882,2024-07-01,software,low,1
1218,456,2024-04-21,software,high,0
1441,934,2021-05-23,hardware,low,0
1877,192,2024-08-24,hardware,high,1
1292,864,2025-02-07,software,low,1
1175,222,2022-12-30,hardware,low,0
313,403,2024-07-22,hardware,high,0
1626,761,2020-07-26,software,high,0
578,667,2023-02-21,hardware,medium,1
931,609,2023-01-11,hardware,medium,1
356,55,2020-08-08,hardware,high,0
996,36,2020-09-19,hardware,medium,0
852,222,2021-05-21,hardware,medium,0
1336,330,2021-09-05,hardware,low,0
1348,221,2023-10-13,software,high,0
2837,365,2020-04-09,software,medium,0
93,375,2024-04-11,hardware,low,0
2665,759,2022-06-15,hardware,low,0
1202,981,2024-02-29,hardware,low,1
2759,559,2023-09-26,hardware,high,1
555,558,2020-08-09,hardware,high,0
2651,548,2020-11-05,software,low,0
184,694,2024-05-09,software,high,0
377,57,2023-06-04,software,low,0
1547,648,2021-05-05,software,medium,0
2881,268,2023-10-14,hardware,high,1
186,695,2022-02-26,hardware,medium,0
796,269,2020-02-12,software,high,0
759,977,2024-11-20,software,medium,0
2367,31,2023-04-15,hardware,high,0
1911,354,2021-01-02,software,medium,0
1898,554,2023-07-12,software,high,0
2161,120,2025-04-15,hardware,low,1
607,636,2023-12-30,software,high,0
2575,509,2021-04-16,hardware,high,0
737,255,2020-11-12,hardware,medium,0
539,542,2023-01-05,software,low,1
2107,513,2024-01-01,hardware,medium,0
745,26,2020-08-26,software,medium,0
91,76,2024-06-22,software,medium,0
268,179,2022-04-26,software,medium,0
760,63,2023-11-24,hardware,medium,0
1013,775,2023-03-05,hardware,high,1
1375,427,2023-09-19,hardware,low,0
1738,289,2023-12-19,hardware,high,0
442,889,2022-12-22,software,low,0
1473,413,2021-08-22,software,high,0
655,204,2020-04-16,software,low,0
2668,630,2021-03-18,hardware,high,0
1420,496,2022-04-23,hardware,low,0
659,824,2023-06-12,hardware,medium,0
1472,797,2023-11-10,software,high,0
2122,938,2020-08-17,software,low,0
2203,525,2023-01-02,hardware,high,0
718,502,2021-01-10,software,medium,0
135,496,2025-04-21,software,high,1
2666,367,2025-03-22,hardware,medium,0
2655,478,2021-01-25,software,medium,0
2621,5,2020-02-02,hardware,high,0
738,405,2022-12-05,hardware,low,0
1631,536,2024-01-27,software,medium,0
2305,415,2022-04-12,software,medium,0
1828,389,2023-09-23,software,high,0
2229,195,2020-12-08,software,low,0
1724,358,2023-03-11,software,medium,1
779,147,2021-06-25,software,low,1
2050,228,2024-06-02,hardware,medium,0
1615,678,2023-09-19,software,high,0
2657,894,2022-10-14,hardware,low,0
1008,364,2022-06-20,software,high,0
1909,237,2025-02-26,software,medium,0
1910,281,2021-12-25,hardware,medium,0
11,553,2023-12-19,hardware,high,0
2741,68,2022-01-10,software,low,0
839,174,2024-11-13,software,high,0
547,733,2023-12-22,hardware,medium,1
2237,473,2022-03-02,software,high,0
157,57,2021-02-14,software,medium,0
686,725,2021-01-09,software,medium,0
1174,722,2020-08-02,software,high,0
1564,612,2021-12-24,software,high,0
2022,639,2023-10-01,software,low,0
1520,42,2020-06-23,hardware,high,0
420,170,2024-08-08,hardware,medium,1
568,20,2024-04-04,software,low,1
2816,391,2020-09-24,hardware,medium,0
1774,293,2021-04-15,hardware,medium,0
2639,906,2024-05-31,software,low,0
2097,368,2024-06-18,hardware,low,1
1232,784,2020-09-26,software,low,0
46,652,2024-02-12,hardware,low,0
571,143,2024-04-21,software,medium,1
320,860,2020-12-23,hardware,low,0
2726,85,2024-05-05,hardware,medium,0
18,444,2025-04-21,software,high,1
2086,716,2021-03-26,software,low,0
2535,824,2020-08-28,software,high,0
486,19,2021-05-18,hardware,medium,0
2667,504,2020-11-10,hardware,low,0
2363,45,2020-09-24,software,high,0
55,840,2021-01-09,hardware,medium,1
2173,502,2022-07-02,hardware,medium,0
2414,885,2021-12-17,hardware,high,0
960,640,2020-11-29,hardware,medium,0
1113,233,2021-03-23,hardware,low,0
857,594,2022-09-13,software,medium,0
1559,208,2023-10-23,software,low,0
2028,292,2024-06-01,hardware,low,0
1579,881,2021-01-07,hardware,low,0
2892,156,2021-08-05,software,low,0
1761,233,2022-03-20,software,high,0
1990,748,2025-04-14,software,high,0
2779,739,2022-03-16,hardware,medium,0
1194,918,2022-06-30,hardware,low,0
1421,239,2020-11-13,software,low,0
934,837,2024-10-30,software,low,1
970,233,2024-05-10,software,low,0
2185,753,2023-05-27,hardware,low,0
2114,483,2024-04-17,hardware,medium,0
2434,474,2024-01-09,software,low,0
2753,331,2023-09-13,software,low,0
2397,674,2023-07-22,software,low,0
2845,233,2020-11-24,hardware,low,0
637,525,2022-09-22,software,medium,0
2192,755,2023-09-09,software,high,0
1560,506,2024-06-04,hardware,medium,1
993,797,2020-07-13,software,high,0
1060,153,2021-02-11,hardware,medium,0
2607,886,2021-06-15,hardware,low,0
1403,611,2020-07-03,software,medium,0
2036,791,2023-03-10,hardware,high,1
2296,208,2020-04-29,software,medium,0
1989,469,2022-07-14,software,medium,0
1475,758,2020-02-10,software,low,0
2811,666,2021-04-12,hardware,medium,0
1208,510,2022-08-23,hardware,high,0
1582,177,2023-08-30,software,high,0
1238,464,2021-02-09,software,low,1
1195,252,2025-02-25,software,high,0
1134,878,2021-01-08,hardware,medium,0
1411,436,2021-02-07,software,low,0
2182,343,2021-12-21,software,high,0
2683,883,2020-08-20,hardware,high,0
189,502,2021-10-20,software,medium,0
695,399,2021-02-21,hardware,high,1
2800,49,2021-12-10,software,low,0
1530,191,2024-02-09,software,high,0
23,219,2023-10-01,hardware,high,0
2299,3,2022-10-03,hardware,medium,0
1153,813,2023-11-06,hardware,high,1
1335,845,2020-10-12,software,high,0
1199,933,2021-01-04,hardware,high,0
1957,712,2023-07-16,hardware,medium,0
2676,59,2022-03-19,hardware,high,0
83,935,2025-02-06,hardware,high,0
361,446,2025-02-04,software,high,0
169,665,2020-02-20,hardware,high,0
171,695,2024-01-13,software,low,1
2613,203,2021-11-25,hardware,medium,0
2216,774,2025-02-11,hardware,high,1
236,866,2021-04-15,hardware,medium,1
262,623,2024-02-11,hardware,medium,0
925,697,2022-07-13,hardware,low,0
2748,232,2021-08-24,hardware,low,0
1629,162,2020-12-12,hardware,low,0
196,102,2021-10-10,hardware,high,0
747,671,2021-09-01,hardware,high,0
1638,751,2021-03-26,hardware,medium,0
584,934,2021-06-20,software,medium,0
822,430,2021-01-04,software,high,0
1433,330,2022-03-25,software,low,0
1146,430,2023-04-07,hardware,high,0
1157,875,2022-07-21,software,medium,0
948,175,2022-06-11,hardware,high,0
1186,175,2023-03-11,software,high,0
1239,441,2022-01-03,software,medium,0
1507,187,2021-11-13,hardware,medium,1
1385,470,2023-08-03,hardware,medium,0
2487,491,2021-04-21,software,medium,0
1291,203,2024-05-02,software,medium,1
2081,952,2024-07-06,hardware,high,1
2038,278,2022-05-12,software,high,0
2803,748,2022-10-13,hardware,low,0
2616,265,2024-06-28,software,medium,0
2792,540,2023-12-07,hardware,medium,0
2780,756,2021-08-04,software,medium,0
1986,806,2022-07-04,software,medium,0
1158,930,2024-03-06,software,high,1
890,416,2024-07-27,software,medium,1
1149,553,2023-10-10,hardware,low,0
2186,67,2022-02-28,software,high,0
490,436,2022-09-13,hardware,low,0
2937,711,2023-06-16,hardware,high,0
2223,848,2024-04-30,software,high,1
312,665,2024-12-09,software,medium,0
335,381,2022-12-29,software,high,0
1280,685,2021-11-26,software,high,0
2874,234,2024-11-12,hardware,high,0
1150,32,2025-01-22,software,high,0
859,828,2023-02-01,hardware,low,0
2957,99,2021-07-11,hardware,high,0
879,36,2022-06-12,software,medium,0
25,274,2025-01-28,hardware,medium,1
959,39,2023-07-23,hardware,high,0
2939,999,2020-06-25,hardware,low,0
1136,184,2021-10-21,hardware,medium,0
1799,91,2022-08-23,hardware,medium,0
2654,804,2025-04-16,software,low,0
1145,519,2021-12-18,software,high,0
1616,749,2023-02-04,software,high,1
4,940,2021-07-16,hardware,low,0
1709,752,2024-12-27,software,low,1
253,64,2021-08-21,software,low,0
1268,577,2020-06-09,hardware,low,0
2394,763,2023-02-05,hardware,high,0
64,109,2024-10-30,hardware,low,0
2236,399,2023-11-22,hardware,low,1
494,627,2020-11-09,software,low,0
2678,697,2022-05-05,hardware,low,0
2084,857,2023-04-27,software,medium,0
100,823,2024-06-16,software,medium,1
645,645,2024-09-10,hardware,low,1
112,75,2022-08-02,software,medium,1
2326,226,2024-04-14,hardware,low,1
254,991,2024-08-02,software,low,0
2215,621,2024-09-06,hardware,high,0
741,967,2021-04-23,software,high,0
2661,156,2023-09-26,software,low,0
1543,728,2020-11-04,hardware,medium,0
940,456,2021-02-03,software,high,0
1102,807,2023-08-07,hardware,high,0
1594,153,2022-02-05,hardware,high,0
400,669,2020-03-16,software,medium,0
1181,469,2024-06-05,software,medium,0
66,475,2021-06-13,software,high,0
599,984,2023-05-15,hardware,low,0
2520,327,2024-10-23,hardware,medium,1
2955,691,2025-01-04,hardware,high,1
2267,597,2023-09-25,hardware,high,0
2037,134,2022-04-09,software,high,0
1641,322,2020-04-29,hardware,high,0
243,172,2024-09-22,software,high,1
634,530,2024-02-01,software,low,0
1023,229,2024-04-17,software,low,0
1835,464,2020-05-19,software,high,0
43,708,2021-11-19,software,medium,0
2488,702,2020-02-28,software,low,0
915,438,2022-01-29,software,low,0
2567,851,2024-08-12,software,medium,1
963,233,2025-01-29,hardware,high,0
1621,854,2022-01-15,software,medium,0
909,495,2024-12-12,hardware,high,0
777,647,2023-03-15,software,low,0
2840,687,2023-07-04,software,high,1
2686,347,2022-06-04,software,high,0
2953,486,2023-10-20,software,high,1
2303,171,2024-07-28,hardware,medium,0
1590,977,2023-04-30,hardware,medium,0
666,754,2024-10-27,software,low,1
2852,663,2020-06-28,hardware,low,0
1665,244,2020-05-17,hardware,low,0
2513,188,2020-08-02,software,medium,0
2627,815,2024-08-29,software,high,0
1599,53,2025-01-06,hardware,low,0
1630,448,2020-10-03,hardware,low,0
2398,165,2020-03-29,hardware,medium,0
1225,729,2021-10-29,software,medium,0
2542,651,2021-07-17,software,low,0
1965,908,2023-12-06,software,high,0
2783,489,2022-07-11,hardware,high,0
134,739,2021-12-15,hardware,high,0
681,495,2024-12-03,hardware,medium,0
88,131,2020-10-19,hardware,medium,0
798,776,2024-09-18,hardware,low,0
1733,958,2022-08-11,software,low,0
1438,821,2023-11-29,hardware,high,0
102,924,2022-02-22,hardware,low,0
374,977,2020-07-05,hardware,low,0
2990,280,2024-11-10,hardware,low,0
2615,650,2024-12-24,software,medium,0
2956,633,2025-02-01,hardware,medium,0
842,568,2024-03-18,hardware,medium,0
1360,572,2024-09-25,hardware,low,1
209,600,2024-03-08,software,high,1
2404,486,2020-11-26,software,low,0
804,383,2020-02-29,software,high,0
2951,894,2020-08-17,hardware,low,0
1031,900,2020-01-16,software,high,0
1779,768,2023-02-22,hardware,high,1
479,8,2021-05-22,hardware,high,0
2335,394,2023-03-26,software,high,0
1273,130,2023-05-21,software,medium,0
2598,813,2024-06-27,software,low,0
680,176,2021-01-17,software,medium,1
1670,192,2024-08-22,software,low,1
258,832,2020-07-21,software,low,0
1690,705,2021-01-02,software,high,0
2325,469,2023-06-28,hardware,low,0
417,389,2022-02-24,software,low,0
1523,59,2023-09-06,hardware,low,0
2640,255,2023-04-23,hardware,high,0
950,757,2022-07-10,hardware,high,0
685,482,2024-05-04,hardware,medium,0
309,976,2023-09-06,hardware,low,0
183,888,2022-11-21,hardware,low,0
1219,167,2021-04-18,hardware,high,0
2740,683,2024-02-21,hardware,medium,0
2320,760,2020-04-17,software,medium,0
1279,332,2022-10-04,software,high,1
1772,532,2021-07-12,software,medium,0
1959,54,2020-05-11,hardware,high,0
2208,697,2023-03-12,hardware,high,0
2574,439,2020-12-13,software,low,0
2842,189,2022-09-05,hardware,high,0
159,975,2022-10-01,hardware,high,0
2298,533,2024-08-03,software,high,1
1838,234,2021-09-09,software,medium,0
2704,785,2024-06-26,software,high,1
569,598,2022-03-23,hardware,medium,0
1489,816,2025-01-22,hardware,high,1
1366,238,2023-03-23,software,high,0
2597,318,2022-07-06,software,medium,0
989,417,2021-01-26,hardware,medium,0
438,166,2023-10-14,software,low,0
1458,615,2023-09-29,hardware,low,1
1446,52,2020-09-01,software,medium,0
1585,331,2023-04-22,software,medium,1
338,40,2022-11-07,software,high,0
2151,244,2024-10-24,hardware,high,0
566,897,2025-02-07,software,low,1
825,828,2020-09-20,software,medium,0
2439,303,2020-06-25,hardware,high,0
2849,112,2023-09-09,hardware,medium,0
35,733,2020-10-01,software,low,0
2646,858,2023-02-10,hardware,medium,0
1969,107,2022-06-20,hardware,medium,0
2945,11,2022-07-18,software,low,0
923,425,2020-10-11,software,high,0
757,769,2023-01-27,hardware,low,1
1846,242,2024-04-09,hardware,high,1
2447,237,2022-10-06,hardware,high,0
1606,909,2023-09-21,software,medium,0
1070,161,2023-11-04,software,medium,0
1851,974,2021-06-26,hardware,high,1
2089,35,2020-12-16,software,medium,0
56,613,2023-03-18,hardware,high,0
1782,976,2021-08-08,hardware,high,0
2090,782,2021-03-17,hardware,low,0
282,73,2021-08-10,software,low,0
1096,834,2023-08-18,software,low,0
1311,378,2023-04-20,hardware,medium,0
225,254,2022-03-01,software,low,0
1780,422,2025-01-18,software,medium,1
2007,856,2020-11-21,software,low,0
1701,343,2024-05-04,software,high,1
2872,742,2023-10-16,hardware,high,0
389,713,2024-08-16,hardware,high,0
292,828,2023-05-14,hardware,high,1
1080,839,2024-05-08,hardware,high,1
1742,839,2023-02-06,hardware,high,0
2663,106,2024-01-25,hardware,low,0
95,86,2024-04-22,software,medium,1
2864,231,2022-11-02,software,low,0
862,637,2024-09-21,hardware,low,0
1029,512,2022-11-08,software,medium,1
2596,239,2023-10-07,hardware,medium,0
316,26,2022-02-28,software,medium,0
2169,345,2025-01-04,software,high,1
1112,385,2020-01-31,software,medium,0
1627,800,2024-05-27,hardware,high,1
1703,402,2020-02-14,software,low,0
719,95,2022-02-18,software,high,0
2312,92,2021-05-31,software,medium,0
734,585,2021-05-29,hardware,medium,0
2132,167,2021-10-23,software,low,0
854,324,2022-11-24,software,high,0
701,479,2022-09-23,hardware,low,0
238,783,2021-01-05,software,medium,0
1865,870,2021-02-24,software,high,0
653,213,2021-02-26,hardware,low,0
736,642,2021-10-29,hardware,medium,0
1184,444,2023-09-24,hardware,medium,1
2906,395,2023-03-06,hardware,low,0
2480,932,2024-04-23,hardware,high,0
2893,142,2023-11-22,hardware,high,0
2579,664,2022-04-12,hardware,low,0
2910,434,2023-10-12,hardware,medium,0
2210,239,2023-09-27,hardware,low,0
2417,882,2021-10-31,software,low,0
273,818,2021-01-29,hardware,high,1
2469,582,2024-05-02,hardware,low,1
51,568,2022-10-19,software,high,0
1480,169,2022-05-11,software,high,0
2650,888,2020-07-21,software,low,0
181,96,2021-06-06,software,medium,0
748,886,2025-02-12,software,low,0
819,593,2023-12-29,hardware,medium,0
1205,488,2022-01-23,software,medium,1
2742,525,2020-12-03,hardware,high,1
1647,470,2024-08-21,software,medium,0
1597,35,2023-10-31,hardware,high,0
1502,853,2023-04-07,software,medium,1
2012,772,2022-11-06,hardware,low,0
1906,421,2024-12-28,hardware,high,1
485,411,2021-08-27,hardware,medium,0
1200,363,2022-12-19,software,medium,1
563,812,2020-09-18,software,low,0
